DATAFLOW,REF_AREA,FREQ,MEASURE,UNIT_MEASURE,ACTIVITY,ADJUSTMENT,TRANSFORMATION,TIME_HORIZ,METHODOLOGY,TIME_PERIOD,OBS_VALUE,OBS_STATUS,UNIT_MULT,DECIMALS,BASE_PER
OECD.SDD.STES:DSD_STES@DF_FINMARK(4.0),USA,M,IRLT,PA,_Z,_Z,_Z,_Z,N,2015-01,1.88,A,0,2,
OECD.SDD.STES:DSD_STES@DF_FINMARK(4.0),USA,M,IRLT,PA,_Z,_Z,_Z,_Z,N,2015-02,1.98,A,0,2,
OECD.SDD.STES:DSD_STES@DF_FINMARK(4.0),USA,M,IRLT,PA,_Z,_Z,_Z,_Z,N,2015-03,2.04,A,0,2,
OECD.SDD.STES:DSD_STES@DF_FINMARK(4.0),USA,M,IRLT,PA,_Z,_Z,_Z,_Z,N,2015-04,1.94,A,0,2,
OECD.SDD.STES:DSD_STES@DF_FINMARK(4.0),USA,M,IRLT,PA,_Z,_Z,_Z,_Z,N,2015-05,2.2,A,0,2,
OECD.SDD.STES:DSD_STES@DF_FINMARK(4.0),USA,M,IRLT,PA,_Z,_Z,_Z,_Z,N,2015-06,2.36,A,0,2,
OECD.SDD.STES:DSD_STES@DF_FINMARK(4.0),USA,M,IRLT,PA,_Z,_Z,_Z,_Z,N,2015-07,2.32,A,0,2,
OECD.SDD.STES:DSD_STES@DF_FINMARK(4.0),USA,M,IRLT,PA,_Z,_Z,_Z,_Z,N,2015-08,2.17,A,0,2,
OECD.SDD.STES:DSD_STES@DF_FINMARK(4.0),USA,M,IRLT,PA,_Z,_Z,_Z,_Z,N,2015-09,2.17,A,0,2,
OECD.SDD.STES:DSD_STES@DF_FINMARK(4.0),USA,M,IRLT,PA,_Z,_Z,_Z,_Z,N,2015-10,2.07,A,0,2,
OECD.SDD.STES:DSD_STES@DF_FINMARK(4.0),USA,M,IRLT,PA,_Z,_Z,_Z,_Z,N,2015-11,2.26,A,0,2,
OECD.SDD.STES:DSD_STES@DF_FINMARK(4.0),USA,M,IRLT,PA,_Z,_Z,_Z,_Z,N,2015-12,2.24,A,0,2,
OECD.SDD.STES:DSD_STES@DF_FINMARK(4.0),USA,M,IRLT,PA,_Z,_Z,_Z,_Z,N,2016-01,2.09,A,0,2,
OECD.SDD.STES:DSD_STES@DF_FINMARK(4.0),USA,M,IRLT,PA,_Z,_Z,_Z,_Z,N,2016-02,1.78,A,0,2,
OECD.SDD.STES:DSD_STES@DF_FINMARK(4.0),USA,M,IRLT,PA,_Z,_Z,_Z,_Z,N,2016-03,1.89,A,0,2,
OECD.SDD.STES:DSD_STES@DF_FINMARK(4.0),USA,M,IRLT,PA,_Z,_Z,_Z,_Z,N,2016-04,1.81,A,0,2,
OECD.SDD.STES:DSD_STES@DF_FINMARK(4.0),USA,M,IRLT,PA,_Z,_Z,_Z,_Z,N,2016-05,1.81,A,0,2,
OECD.SDD.STES:DSD_STES@DF_FINMARK(4.0),USA,M,IRLT,PA,_Z,_Z,_Z,_Z,N,2016-06,1.64,A,0,2,
OECD.SDD.STES:DSD_STES@DF_FINMARK(4.0),USA,M,IRLT,PA,_Z,_Z,_Z,_Z,N,2016-07,1.5,A,0,2,
OECD.SDD.STES:DSD_STES@DF_FINMARK(4.0),USA,M,IRLT,PA,_Z,_Z,_Z,_Z,N,2016-08,1.56,A,0,2,
OECD.SDD.STES:DSD_STES@DF_FINMARK(4.0),USA,M,IRLT,PA,_Z,_Z,_Z,_Z,N,2016-09,1.63,A,0,2,
OECD.SDD.STES:DSD_STES@DF_FINMARK(4.0),USA,M,IRLT,PA,_Z,_Z,_Z,_Z,N,2016-10,1.76,A,0,2,
OECD.SDD.STES:DSD_STES@DF_FINMARK(4.0),USA,M,IRLT,PA,_Z,_Z,_Z,_Z,N,2016-11,2.14,A,0,2,
OECD.SDD.STES:DSD_STES@DF_FINMARK(4.0),USA,M,IRLT,PA,_Z,_Z,_Z,_Z,N,2016-12,2.49,A,0,2,
OECD.SDD.STES:DSD_STES@DF_FINMARK(4.0),USA,M,IRLT,PA,_Z,_Z,_Z,_Z,N,2017-01,2.43,A,0,2,
OECD.SDD.STES:DSD_STES@DF_FINMARK(4.0),USA,M,IRLT,PA,_Z,_Z,_Z,_Z,N,2017-02,2.42,A,0,2,
OECD.SDD.STES:DSD_STES@DF_FINMARK(4.0),USA,M,IRLT,PA,_Z,_Z,_Z,_Z,N,2017-03,2.48,A,0,2,
OECD.SDD.STES:DSD_STES@DF_FINMARK(4.0),USA,M,IRLT,PA,_Z,_Z,_Z,_Z,N,2017-04,2.3,A,0,2,
OECD.SDD.STES:DSD_STES@DF_FINMARK(4.0),USA,M,IRLT,PA,_Z,_Z,_Z,_Z,N,2017-05,2.3,A,0,2,
OECD.SDD.STES:DSD_STES@DF_FINMARK(4.0),USA,M,IRLT,PA,_Z,_Z,_Z,_Z,N,2017-06,2.19,A,0,2,
OECD.SDD.STES:DSD_STES@DF_FINMARK(4.0),USA,M,IRLT,PA,_Z,_Z,_Z,_Z,N,2017-07,2.32,A,0,2,
OECD.SDD.STES:DSD_STES@DF_FINMARK(4.0),USA,M,IRLT,PA,_Z,_Z,_Z,_Z,N,2017-08,2.21,A,0,2,
OECD.SDD.STES:DSD_STES@DF_FINMARK(4.0),USA,M,IRLT,PA,_Z,_Z,_Z,_Z,N,2017-09,2.2,A,0,2,
OECD.SDD.STES:DSD_STES@DF_FINMARK(4.0),USA,M,IRLT,PA,_Z,_Z,_Z,_Z,N,2017-10,2.36,A,0,2,
OECD.SDD.STES:DSD_STES@DF_FINMARK(4.0),USA,M,IRLT,PA,_Z,_Z,_Z,_Z,N,2017-11,2.35,A,0,2,
OECD.SDD.STES:DSD_STES@DF_FINMARK(4.0),USA,M,IRLT,PA,_Z,_Z,_Z,_Z,N,2017-12,2.4,A,0,2,
OECD.SDD.STES:DSD_STES@DF_FINMARK(4.0),USA,M,IRLT,PA,_Z,_Z,_Z,_Z,N,2018-01,2.58,A,0,2,
OECD.SDD.STES:DSD_STES@DF_FINMARK(4.0),USA,M,IRLT,PA,_Z,_Z,_Z,_Z,N,2018-02,2.86,A,0,2,
OECD.SDD.STES:DSD_STES@DF_FINMARK(4.0),USA,M,IRLT,PA,_Z,_Z,_Z,_Z,N,2018-03,2.84,A,0,2,
OECD.SDD.STES:DSD_STES@DF_FINMARK(4.0),USA,M,IRLT,PA,_Z,_Z,_Z,_Z,N,2018-04,2.87,A,0,2,
OECD.SDD.STES:DSD_STES@DF_FINMARK(4.0),USA,M,IRLT,PA,_Z,_Z,_Z,_Z,N,2018-05,2.98,A,0,2,
OECD.SDD.STES:DSD_STES@DF_FINMARK(4.0),USA,M,IRLT,PA,_Z,_Z,_Z,_Z,N,2018-06,2.91,A,0,2,
OECD.SDD.STES:DSD_STES@DF_FINMARK(4.0),USA,M,IRLT,PA,_Z,_Z,_Z,_Z,N,2018-07,2.89,A,0,2,
OECD.SDD.STES:DSD_STES@DF_FINMARK(4.0),USA,M,IRLT,PA,_Z,_Z,_Z,_Z,N,2018-08,2.89,A,0,2,
OECD.SDD.STES:DSD_STES@DF_FINMARK(4.0),USA,M,IRLT,PA,_Z,_Z,_Z,_Z,N,2018-09,3,A,0,2,
OECD.SDD.STES:DSD_STES@DF_FINMARK(4.0),USA,M,IRLT,PA,_Z,_Z,_Z,_Z,N,2018-10,3.15,A,0,2,
OECD.SDD.STES:DSD_STES@DF_FINMARK(4.0),USA,M,IRLT,PA,_Z,_Z,_Z,_Z,N,2018-11,3.12,A,0,2,
OECD.SDD.STES:DSD_STES@DF_FINMARK(4.0),USA,M,IRLT,PA,_Z,_Z,_Z,_Z,N,2018-12,2.83,A,0,2,
OECD.SDD.STES:DSD_STES@DF_FINMARK(4.0),USA,M,IRLT,PA,_Z,_Z,_Z,_Z,N,2019-01,2.71,A,0,2,
OECD.SDD.STES:DSD_STES@DF_FINMARK(4.0),USA,M,IRLT,PA,_Z,_Z,_Z,_Z,N,2019-02,2.68,A,0,2,
OECD.SDD.STES:DSD_STES@DF_FINMARK(4.0),USA,M,IRLT,PA,_Z,_Z,_Z,_Z,N,2019-03,2.57,A,0,2,
OECD.SDD.STES:DSD_STES@DF_FINMARK(4.0),USA,M,IRLT,PA,_Z,_Z,_Z,_Z,N,2019-04,2.53,A,0,2,
OECD.SDD.STES:DSD_STES@DF_FINMARK(4.0),USA,M,IRLT,PA,_Z,_Z,_Z,_Z,N,2019-05,2.4,A,0,2,
OECD.SDD.STES:DSD_STES@DF_FINMARK(4.0),USA,M,IRLT,PA,_Z,_Z,_Z,_Z,N,2019-06,2.07,A,0,2,
OECD.SDD.STES:DSD_STES@DF_FINMARK(4.0),USA,M,IRLT,PA,_Z,_Z,_Z,_Z,N,2019-07,2.06,A,0,2,
OECD.SDD.STES:DSD_STES@DF_FINMARK(4.0),USA,M,IRLT,PA,_Z,_Z,_Z,_Z,N,2019-08,1.63,A,0,2,
OECD.SDD.STES:DSD_STES@DF_FINMARK(4.0),USA,M,IRLT,PA,_Z,_Z,_Z,_Z,N,2019-09,1.7,A,0,2,
OECD.SDD.STES:DSD_STES@DF_FINMARK(4.0),USA,M,IRLT,PA,_Z,_Z,_Z,_Z,N,2019-10,1.71,A,0,2,
OECD.SDD.STES:DSD_STES@DF_FINMARK(4.0),USA,M,IRLT,PA,_Z,_Z,_Z,_Z,N,2019-11,1.81,A,0,2,
OECD.SDD.STES:DSD_STES@DF_FINMARK(4.0),USA,M,IRLT,PA,_Z,_Z,_Z,_Z,N,2019-12,1.86,A,0,2,
OECD.SDD.STES:DSD_STES@DF_FINMARK(4.0),USA,M,IRLT,PA,_Z,_Z,_Z,_Z,N,2020-01,1.76,A,0,2,
OECD.SDD.STES:DSD_STES@DF_FINMARK(4.0),USA,M,IRLT,PA,_Z,_Z,_Z,_Z,N,2020-02,1.5,A,0,2,
OECD.SDD.STES:DSD_STES@DF_FINMARK(4.0),USA,M,IRLT,PA,_Z,_Z,_Z,_Z,N,2020-03,0.87,A,0,2,
OECD.SDD.STES:DSD_STES@DF_FINMARK(4.0),USA,M,IRLT,PA,_Z,_Z,_Z,_Z,N,2020-04,0.66,A,0,2,
OECD.SDD.STES:DSD_STES@DF_FINMARK(4.0),USA,M,IRLT,PA,_Z,_Z,_Z,_Z,N,2020-05,0.67,A,0,2,
OECD.SDD.STES:DSD_STES@DF_FINMARK(4.0),USA,M,IRLT,PA,_Z,_Z,_Z,_Z,N,2020-06,0.73,A,0,2,
OECD.SDD.STES:DSD_STES@DF_FINMARK(4.0),USA,M,IRLT,PA,_Z,_Z,_Z,_Z,N,2020-07,0.62,A,0,2,
OECD.SDD.STES:DSD_STES@DF_FINMARK(4.0),USA,M,IRLT,PA,_Z,_Z,_Z,_Z,N,2020-08,0.65,A,0,2,
OECD.SDD.STES:DSD_STES@DF_FINMARK(4.0),USA,M,IRLT,PA,_Z,_Z,_Z,_Z,N,2020-09,0.68,A,0,2,
OECD.SDD.STES:DSD_STES@DF_FINMARK(4.0),USA,M,IRLT,PA,_Z,_Z,_Z,_Z,N,2020-10,0.79,A,0,2,
OECD.SDD.STES:DSD_STES@DF_FINMARK(4.0),USA,M,IRLT,PA,_Z,_Z,_Z,_Z,N,2020-11,0.87,A,0,2,
OECD.SDD.STES:DSD_STES@DF_FINMARK(4.0),USA,M,IRLT,PA,_Z,_Z,_Z,_Z,N,2020-12,0.93,A,0,2,
OECD.SDD.STES:DSD_STES@DF_FINMARK(4.0),USA,M,IRLT,PA,_Z,_Z,_Z,_Z,N,2021-01,1.08,A,0,2,
OECD.SDD.STES:DSD_STES@DF_FINMARK(4.0),USA,M,IRLT,PA,_Z,_Z,_Z,_Z,N,2021-02,1.26,A,0,2,
OECD.SDD.STES:DSD_STES@DF_FINMARK(4.0),USA,M,IRLT,PA,_Z,_Z,_Z,_Z,N,2021-03,1.61,A,0,2,
OECD.SDD.STES:DSD_STES@DF_FINMARK(4.0),USA,M,IRLT,PA,_Z,_Z,_Z,_Z,N,2021-04,1.64,A,0,2,
OECD.SDD.STES:DSD_STES@DF_FINMARK(4.0),USA,M,IRLT,PA,_Z,_Z,_Z,_Z,N,2021-05,1.62,A,0,2,
OECD.SDD.STES:DSD_STES@DF_FINMARK(4.0),USA,M,IRLT,PA,_Z,_Z,_Z,_Z,N,2021-06,1.52,A,0,2,
OECD.SDD.STES:DSD_STES@DF_FINMARK(4.0),USA,M,IRLT,PA,_Z,_Z,_Z,_Z,N,2021-07,1.32,A,0,2,
OECD.SDD.STES:DSD_STES@DF_FINMARK(4.0),USA,M,IRLT,PA,_Z,_Z,_Z,_Z,N,2021-08,1.28,A,0,2,
OECD.SDD.STES:DSD_STES@DF_FINMARK(4.0),USA,M,IRLT,PA,_Z,_Z,_Z,_Z,N,2021-09,1.37,A,0,2,
OECD.SDD.STES:DSD_STES@DF_FINMARK(4.0),USA,M,IRLT,PA,_Z,_Z,_Z,_Z,N,2021-10,1.58,A,0,2,
OECD.SDD.STES:DSD_STES@DF_FINMARK(4.0),USA,M,IRLT,PA,_Z,_Z,_Z,_Z,N,2021-11,1.56,A,0,2,
OECD.SDD.STES:DSD_STES@DF_FINMARK(4.0),USA,M,IRLT,PA,_Z,_Z,_Z,_Z,N,2021-12,1.47,A,0,2,
OECD.SDD.STES:DSD_STES@DF_FINMARK(4.0),USA,M,IRLT,PA,_Z,_Z,_Z,_Z,N,2022-01,1.76,A,0,2,
OECD.SDD.STES:DSD_STES@DF_FINMARK(4.0),USA,M,IRLT,PA,_Z,_Z,_Z,_Z,N,2022-02,1.93,A,0,2,
OECD.SDD.STES:DSD_STES@DF_FINMARK(4.0),USA,M,IRLT,PA,_Z,_Z,_Z,_Z,N,2022-03,2.13,A,0,2,
OECD.SDD.STES:DSD_STES@DF_FINMARK(4.0),USA,M,IRLT,PA,_Z,_Z,_Z,_Z,N,2022-04,2.75,A,0,2,
OECD.SDD.STES:DSD_STES@DF_FINMARK(4.0),USA,M,IRLT,PA,_Z,_Z,_Z,_Z,N,2022-05,2.9,A,0,2,
OECD.SDD.STES:DSD_STES@DF_FINMARK(4.0),USA,M,IRLT,PA,_Z,_Z,_Z,_Z,N,2022-06,3.14,A,0,2,
OECD.SDD.STES:DSD_STES@DF_FINMARK(4.0),USA,M,IRLT,PA,_Z,_Z,_Z,_Z,N,2022-07,2.9,A,0,2,
OECD.SDD.STES:DSD_STES@DF_FINMARK(4.0),USA,M,IRLT,PA,_Z,_Z,_Z,_Z,N,2022-08,2.9,A,0,2,
OECD.SDD.STES:DSD_STES@DF_FINMARK(4.0),USA,M,IRLT,PA,_Z,_Z,_Z,_Z,N,2022-09,3.52,A,0,2,
OECD.SDD.STES:DSD_STES@DF_FINMARK(4.0),USA,M,IRLT,PA,_Z,_Z,_Z,_Z,N,2022-10,3.98,A,0,2,
OECD.SDD.STES:DSD_STES@DF_FINMARK(4.0),USA,M,IRLT,PA,_Z,_Z,_Z,_Z,N,2022-11,3.89,A,0,2,
OECD.SDD.STES:DSD_STES@DF_FINMARK(4.0),USA,M,IRLT,PA,_Z,_Z,_Z,_Z,N,2022-12,3.62,A,0,2,
OECD.SDD.STES:DSD_STES@DF_FINMARK(4.0),USA,M,IRLT,PA,_Z,_Z,_Z,_Z,N,2023-01,3.53,A,0,2,
OECD.SDD.STES:DSD_STES@DF_FINMARK(4.0),USA,M,IRLT,PA,_Z,_Z,_Z,_Z,N,2023-02,3.75,A,0,2,
OECD.SDD.STES:DSD_STES@DF_FINMARK(4.0),USA,M,IRLT,PA,_Z,_Z,_Z,_Z,N,2023-03,3.66,A,0,2,
OECD.SDD.STES:DSD_STES@DF_FINMARK(4.0),USA,M,IRLT,PA,_Z,_Z,_Z,_Z,N,2023-04,3.46,A,0,2,
OECD.SDD.STES:DSD_STES@DF_FINMARK(4.0),USA,M,IRLT,PA,_Z,_Z,_Z,_Z,N,2023-05,3.57,A,0,2,
OECD.SDD.STES:DSD_STES@DF_FINMARK(4.0),USA,M,IRLT,PA,_Z,_Z,_Z,_Z,N,2023-06,3.75,A,0,2,
OECD.SDD.STES:DSD_STES@DF_FINMARK(4.0),USA,M,IRLT,PA,_Z,_Z,_Z,_Z,N,2023-07,3.9,A,0,2,
OECD.SDD.STES:DSD_STES@DF_FINMARK(4.0),USA,M,IRLT,PA,_Z,_Z,_Z,_Z,N,2023-08,4.17,A,0,2,
OECD.SDD.STES:DSD_STES@DF_FINMARK(4.0),USA,M,IRLT,PA,_Z,_Z,_Z,_Z,N,2023-09,4.38,A,0,2,
OECD.SDD.STES:DSD_STES@DF_FINMARK(4.0),USA,M,IRLT,PA,_Z,_Z,_Z,_Z,N,2023-10,4.8,A,0,2,
OECD.SDD.STES:DSD_STES@DF_FINMARK(4.0),USA,M,IRLT,PA,_Z,_Z,_Z,_Z,N,2023-11,4.5,A,0,2,
OECD.SDD.STES:DSD_STES@DF_FINMARK(4.0),USA,M,IRLT,PA,_Z,_Z,_Z,_Z,N,2023-12,4.02,A,0,2,
OECD.SDD.STES:DSD_STES@DF_FINMARK(4.0),USA,M,IRLT,PA,_Z,_Z,_Z,_Z,N,2024-01,4.06,A,0,2,
OECD.SDD.STES:DSD_STES@DF_FINMARK(4.0),USA,M,IRLT,PA,_Z,_Z,_Z,_Z,N,2024-02,4.21,A,0,2,
OECD.SDD.STES:DSD_STES@DF_FINMARK(4.0),USA,M,IRLT,PA,_Z,_Z,_Z,_Z,N,2024-03,4.21,A,0,2,
OECD.SDD.STES:DSD_STES@DF_FINMARK(4.0),USA,M,IRLT,PA,_Z,_Z,_Z,_Z,N,2024-04,4.54,A,0,2,
OECD.SDD.STES:DSD_STES@DF_FINMARK(4.0),USA,M,IRLT,PA,_Z,_Z,_Z,_Z,N,2024-05,4.48,A,0,2,
OECD.SDD.STES:DSD_STES@DF_FINMARK(4.0),USA,M,IRLT,PA,_Z,_Z,_Z,_Z,N,2024-06,4.31,A,0,2,
OECD.SDD.STES:DSD_STES@DF_FINMARK(4.0),USA,M,IRLT,PA,_Z,_Z,_Z,_Z,N,2024-07,4.25,A,0,2,
OECD.SDD.STES:DSD_STES@DF_FINMARK(4.0),USA,M,IRLT,PA,_Z,_Z,_Z,_Z,N,2024-08,3.87,A,0,2,
OECD.SDD.STES:DSD_STES@DF_FINMARK(4.0),USA,M,IRLT,PA,_Z,_Z,_Z,_Z,N,2024-09,3.72,A,0,2,
OECD.SDD.STES:DSD_STES@DF_FINMARK(4.0),USA,M,IRLT,PA,_Z,_Z,_Z,_Z,N,2024-10,4.1,A,0,2,
OECD.SDD.STES:DSD_STES@DF_FINMARK(4.0),USA,M,IRLT,PA,_Z,_Z,_Z,_Z,N,2024-11,4.36,A,0,2,
OECD.SDD.STES:DSD_STES@DF_FINMARK(4.0),USA,M,IRLT,PA,_Z,_Z,_Z,_Z,N,2024-12,4.39,A,0,2,
OECD.SDD.STES:DSD_STES@DF_FINMARK(4.0),USA,M,IRLT,PA,_Z,_Z,_Z,_Z,N,2025-01,4.63,A,0,2,
OECD.SDD.STES:DSD_STES@DF_FINMARK(4.0),USA,M,IRLT,PA,_Z,_Z,_Z,_Z,N,2025-02,4.45,A,0,2,
OECD.SDD.STES:DSD_STES@DF_FINMARK(4.0),USA,M,IRLT,PA,_Z,_Z,_Z,_Z,N,2025-03,4.28,A,0,2,
OECD.SDD.STES:DSD_STES@DF_FINMARK(4.0),USA,M,IRLT,PA,_Z,_Z,_Z,_Z,N,2025-04,4.28,A,0,2,
OECD.SDD.STES:DSD_STES@DF_FINMARK(4.0),USA,M,IRLT,PA,_Z,_Z,_Z,_Z,N,2025-05,4.42,A,0,2,
OECD.SDD.STES:DSD_STES@DF_FINMARK(4.0),USA,M,IRLT,PA,_Z,_Z,_Z,_Z,N,2025-06,4.38,A,0,2,
OECD.SDD.STES:DSD_STES@DF_FINMARK(4.0),USA,M,IRLT,PA,_Z,_Z,_Z,_Z,N,2025-07,4.39,A,0,2,
OECD.SDD.STES:DSD_STES@DF_FINMARK(4.0),USA,M,IRLT,PA,_Z,_Z,_Z,_Z,N,2025-08,4.26,A,0,2,
OECD.SDD.STES:DSD_STES@DF_FINMARK(4.0),USA,M,IRLT,PA,_Z,_Z,_Z,_Z,N,2025-09,4.12,A,0,2,
OECD.SDD.STES:DSD_STES@DF_FINMARK(4.0),USA,M,IRLT,PA,_Z,_Z,_Z,_Z,N,2025-10,4.06,A,0,2,
OECD.SDD.STES:DSD_STES@DF_FINMARK(4.0),USA,M,IRLT,PA,_Z,_Z,_Z,_Z,N,2025-11,4.09,A,0,2,
OECD.SDD.STES:DSD_STES@DF_FINMARK(4.0),USA,M,IRLT,PA,_Z,_Z,_Z,_Z,N,2025-12,4.14,A,0,2,
OECD.SDD.STES:DSD_STES@DF_FINMARK(4.0),USA,M,IRLT,PA,_Z,_Z,_Z,_Z,N,2026-01,4.21,A,0,2,
OECD.SDD.STES:DSD_STES@DF_FINMARK(4.0),USA,M,IRLT,PA,_Z,_Z,_Z,_Z,N,2026-02,4.13,A,0,2,
OECD.SDD.STES:DSD_STES@DF_FINMARK(4.0),USA,M,IRLT,PA,_Z,_Z,_Z,_Z,N,2026-03,4.25,A,0,2,
OECD.SDD.STES:DSD_STES@DF_FINMARK(4.0),USA,M,IRLT,PA,_Z,_Z,_Z,_Z,N,2026-04,4.32,A,0,2,
OECD.SDD.STES:DSD_STES@DF_FINMARK(4.0),USA,M,IRLT,PA,_Z,_Z,_Z,_Z,N,2026-05,4.48,A,0,2,
OECD.SDD.STES:DSD_STES@DF_FINMARK(4.0),BEL,M,IRLT,PA,_Z,_Z,_Z,_Z,N,2015-01,0.733,A,0,2,
OECD.SDD.STES:DSD_STES@DF_FINMARK(4.0),BEL,M,IRLT,PA,_Z,_Z,_Z,_Z,N,2015-02,0.633,A,0,2,
OECD.SDD.STES:DSD_STES@DF_FINMARK(4.0),BEL,M,IRLT,PA,_Z,_Z,_Z,_Z,N,2015-03,0.495,A,0,2,
OECD.SDD.STES:DSD_STES@DF_FINMARK(4.0),BEL,M,IRLT,PA,_Z,_Z,_Z,_Z,N,2015-04,0.415,A,0,2,
OECD.SDD.STES:DSD_STES@DF_FINMARK(4.0),BEL,M,IRLT,PA,_Z,_Z,_Z,_Z,N,2015-05,0.859,A,0,2,
OECD.SDD.STES:DSD_STES@DF_FINMARK(4.0),BEL,M,IRLT,PA,_Z,_Z,_Z,_Z,N,2015-06,1.206,A,0,2,
OECD.SDD.STES:DSD_STES@DF_FINMARK(4.0),BEL,M,IRLT,PA,_Z,_Z,_Z,_Z,N,2015-07,1.15,A,0,2,
OECD.SDD.STES:DSD_STES@DF_FINMARK(4.0),BEL,M,IRLT,PA,_Z,_Z,_Z,_Z,N,2015-08,1,A,0,2,
OECD.SDD.STES:DSD_STES@DF_FINMARK(4.0),BEL,M,IRLT,PA,_Z,_Z,_Z,_Z,N,2015-09,1.009,A,0,2,
OECD.SDD.STES:DSD_STES@DF_FINMARK(4.0),BEL,M,IRLT,PA,_Z,_Z,_Z,_Z,N,2015-10,0.855,A,0,2,
OECD.SDD.STES:DSD_STES@DF_FINMARK(4.0),BEL,M,IRLT,PA,_Z,_Z,_Z,_Z,N,2015-11,0.84,A,0,2,
OECD.SDD.STES:DSD_STES@DF_FINMARK(4.0),BEL,M,IRLT,PA,_Z,_Z,_Z,_Z,N,2015-12,0.893,A,0,2,
OECD.SDD.STES:DSD_STES@DF_FINMARK(4.0),BEL,M,IRLT,PA,_Z,_Z,_Z,_Z,N,2016-01,0.858,A,0,2,
OECD.SDD.STES:DSD_STES@DF_FINMARK(4.0),BEL,M,IRLT,PA,_Z,_Z,_Z,_Z,N,2016-02,0.716,A,0,2,
OECD.SDD.STES:DSD_STES@DF_FINMARK(4.0),BEL,M,IRLT,PA,_Z,_Z,_Z,_Z,N,2016-03,0.617,A,0,2,
OECD.SDD.STES:DSD_STES@DF_FINMARK(4.0),BEL,M,IRLT,PA,_Z,_Z,_Z,_Z,N,2016-04,0.55,A,0,2,
OECD.SDD.STES:DSD_STES@DF_FINMARK(4.0),BEL,M,IRLT,PA,_Z,_Z,_Z,_Z,N,2016-05,0.551,A,0,2,
OECD.SDD.STES:DSD_STES@DF_FINMARK(4.0),BEL,M,IRLT,PA,_Z,_Z,_Z,_Z,N,2016-06,0.427,A,0,2,
OECD.SDD.STES:DSD_STES@DF_FINMARK(4.0),BEL,M,IRLT,PA,_Z,_Z,_Z,_Z,N,2016-07,0.198,A,0,2,
OECD.SDD.STES:DSD_STES@DF_FINMARK(4.0),BEL,M,IRLT,PA,_Z,_Z,_Z,_Z,N,2016-08,0.147,A,0,2,
OECD.SDD.STES:DSD_STES@DF_FINMARK(4.0),BEL,M,IRLT,PA,_Z,_Z,_Z,_Z,N,2016-09,0.18,A,0,2,
OECD.SDD.STES:DSD_STES@DF_FINMARK(4.0),BEL,M,IRLT,PA,_Z,_Z,_Z,_Z,N,2016-10,0.267,A,0,2,
OECD.SDD.STES:DSD_STES@DF_FINMARK(4.0),BEL,M,IRLT,PA,_Z,_Z,_Z,_Z,N,2016-11,0.567,A,0,2,
OECD.SDD.STES:DSD_STES@DF_FINMARK(4.0),BEL,M,IRLT,PA,_Z,_Z,_Z,_Z,N,2016-12,0.615,A,0,2,
OECD.SDD.STES:DSD_STES@DF_FINMARK(4.0),BEL,M,IRLT,PA,_Z,_Z,_Z,_Z,N,2017-01,0.696,A,0,2,
OECD.SDD.STES:DSD_STES@DF_FINMARK(4.0),BEL,M,IRLT,PA,_Z,_Z,_Z,_Z,N,2017-02,0.874,A,0,2,
OECD.SDD.STES:DSD_STES@DF_FINMARK(4.0),BEL,M,IRLT,PA,_Z,_Z,_Z,_Z,N,2017-03,0.874,A,0,2,
OECD.SDD.STES:DSD_STES@DF_FINMARK(4.0),BEL,M,IRLT,PA,_Z,_Z,_Z,_Z,N,2017-04,0.783,A,0,2,
OECD.SDD.STES:DSD_STES@DF_FINMARK(4.0),BEL,M,IRLT,PA,_Z,_Z,_Z,_Z,N,2017-05,0.774,A,0,2,
OECD.SDD.STES:DSD_STES@DF_FINMARK(4.0),BEL,M,IRLT,PA,_Z,_Z,_Z,_Z,N,2017-06,0.625,A,0,2,
OECD.SDD.STES:DSD_STES@DF_FINMARK(4.0),BEL,M,IRLT,PA,_Z,_Z,_Z,_Z,N,2017-07,0.833,A,0,2,
OECD.SDD.STES:DSD_STES@DF_FINMARK(4.0),BEL,M,IRLT,PA,_Z,_Z,_Z,_Z,N,2017-08,0.726,A,0,2,
OECD.SDD.STES:DSD_STES@DF_FINMARK(4.0),BEL,M,IRLT,PA,_Z,_Z,_Z,_Z,N,2017-09,0.696,A,0,2,
OECD.SDD.STES:DSD_STES@DF_FINMARK(4.0),BEL,M,IRLT,PA,_Z,_Z,_Z,_Z,N,2017-10,0.694,A,0,2,
OECD.SDD.STES:DSD_STES@DF_FINMARK(4.0),BEL,M,IRLT,PA,_Z,_Z,_Z,_Z,N,2017-11,0.582,A,0,2,
OECD.SDD.STES:DSD_STES@DF_FINMARK(4.0),BEL,M,IRLT,PA,_Z,_Z,_Z,_Z,N,2017-12,0.533,A,0,2,
OECD.SDD.STES:DSD_STES@DF_FINMARK(4.0),BEL,M,IRLT,PA,_Z,_Z,_Z,_Z,N,2018-01,0.705,A,0,2,
OECD.SDD.STES:DSD_STES@DF_FINMARK(4.0),BEL,M,IRLT,PA,_Z,_Z,_Z,_Z,N,2018-02,0.972,A,0,2,
OECD.SDD.STES:DSD_STES@DF_FINMARK(4.0),BEL,M,IRLT,PA,_Z,_Z,_Z,_Z,N,2018-03,0.872,A,0,2,
OECD.SDD.STES:DSD_STES@DF_FINMARK(4.0),BEL,M,IRLT,PA,_Z,_Z,_Z,_Z,N,2018-04,0.812,A,0,2,
OECD.SDD.STES:DSD_STES@DF_FINMARK(4.0),BEL,M,IRLT,PA,_Z,_Z,_Z,_Z,N,2018-05,0.827,A,0,2,
OECD.SDD.STES:DSD_STES@DF_FINMARK(4.0),BEL,M,IRLT,PA,_Z,_Z,_Z,_Z,N,2018-06,0.786,A,0,2,
OECD.SDD.STES:DSD_STES@DF_FINMARK(4.0),BEL,M,IRLT,PA,_Z,_Z,_Z,_Z,N,2018-07,0.683,A,0,2,
OECD.SDD.STES:DSD_STES@DF_FINMARK(4.0),BEL,M,IRLT,PA,_Z,_Z,_Z,_Z,N,2018-08,0.715,A,0,2,
OECD.SDD.STES:DSD_STES@DF_FINMARK(4.0),BEL,M,IRLT,PA,_Z,_Z,_Z,_Z,N,2018-09,0.772,A,0,2,
OECD.SDD.STES:DSD_STES@DF_FINMARK(4.0),BEL,M,IRLT,PA,_Z,_Z,_Z,_Z,N,2018-10,0.852,A,0,2,
OECD.SDD.STES:DSD_STES@DF_FINMARK(4.0),BEL,M,IRLT,PA,_Z,_Z,_Z,_Z,N,2018-11,0.808,A,0,2,
OECD.SDD.STES:DSD_STES@DF_FINMARK(4.0),BEL,M,IRLT,PA,_Z,_Z,_Z,_Z,N,2018-12,0.745,A,0,2,
OECD.SDD.STES:DSD_STES@DF_FINMARK(4.0),BEL,M,IRLT,PA,_Z,_Z,_Z,_Z,N,2019-01,0.765,A,0,2,
OECD.SDD.STES:DSD_STES@DF_FINMARK(4.0),BEL,M,IRLT,PA,_Z,_Z,_Z,_Z,N,2019-02,0.687,A,0,2,
OECD.SDD.STES:DSD_STES@DF_FINMARK(4.0),BEL,M,IRLT,PA,_Z,_Z,_Z,_Z,N,2019-03,0.537,A,0,2,
OECD.SDD.STES:DSD_STES@DF_FINMARK(4.0),BEL,M,IRLT,PA,_Z,_Z,_Z,_Z,N,2019-04,0.467,A,0,2,
OECD.SDD.STES:DSD_STES@DF_FINMARK(4.0),BEL,M,IRLT,PA,_Z,_Z,_Z,_Z,N,2019-05,0.407,A,0,2,
OECD.SDD.STES:DSD_STES@DF_FINMARK(4.0),BEL,M,IRLT,PA,_Z,_Z,_Z,_Z,N,2019-06,0.148,A,0,2,
OECD.SDD.STES:DSD_STES@DF_FINMARK(4.0),BEL,M,IRLT,PA,_Z,_Z,_Z,_Z,N,2019-07,-0.003,A,0,2,
OECD.SDD.STES:DSD_STES@DF_FINMARK(4.0),BEL,M,IRLT,PA,_Z,_Z,_Z,_Z,N,2019-08,-0.277,A,0,2,
OECD.SDD.STES:DSD_STES@DF_FINMARK(4.0),BEL,M,IRLT,PA,_Z,_Z,_Z,_Z,N,2019-09,-0.239,A,0,2,
OECD.SDD.STES:DSD_STES@DF_FINMARK(4.0),BEL,M,IRLT,PA,_Z,_Z,_Z,_Z,N,2019-10,-0.155,A,0,2,
OECD.SDD.STES:DSD_STES@DF_FINMARK(4.0),BEL,M,IRLT,PA,_Z,_Z,_Z,_Z,N,2019-11,-0.042,A,0,2,
OECD.SDD.STES:DSD_STES@DF_FINMARK(4.0),BEL,M,IRLT,PA,_Z,_Z,_Z,_Z,N,2019-12,0.006,A,0,2,
OECD.SDD.STES:DSD_STES@DF_FINMARK(4.0),BEL,M,IRLT,PA,_Z,_Z,_Z,_Z,N,2020-01,-0.025,A,0,2,
OECD.SDD.STES:DSD_STES@DF_FINMARK(4.0),BEL,M,IRLT,PA,_Z,_Z,_Z,_Z,N,2020-02,-0.126,A,0,2,
OECD.SDD.STES:DSD_STES@DF_FINMARK(4.0),BEL,M,IRLT,PA,_Z,_Z,_Z,_Z,N,2020-03,-0.018,A,0,2,
OECD.SDD.STES:DSD_STES@DF_FINMARK(4.0),BEL,M,IRLT,PA,_Z,_Z,_Z,_Z,N,2020-04,0.142,A,0,2,
OECD.SDD.STES:DSD_STES@DF_FINMARK(4.0),BEL,M,IRLT,PA,_Z,_Z,_Z,_Z,N,2020-05,0.038,A,0,2,
OECD.SDD.STES:DSD_STES@DF_FINMARK(4.0),BEL,M,IRLT,PA,_Z,_Z,_Z,_Z,N,2020-06,-0.044,A,0,2,
OECD.SDD.STES:DSD_STES@DF_FINMARK(4.0),BEL,M,IRLT,PA,_Z,_Z,_Z,_Z,N,2020-07,-0.168,A,0,2,
OECD.SDD.STES:DSD_STES@DF_FINMARK(4.0),BEL,M,IRLT,PA,_Z,_Z,_Z,_Z,N,2020-08,-0.207,A,0,2,
OECD.SDD.STES:DSD_STES@DF_FINMARK(4.0),BEL,M,IRLT,PA,_Z,_Z,_Z,_Z,N,2020-09,-0.246,A,0,2,
OECD.SDD.STES:DSD_STES@DF_FINMARK(4.0),BEL,M,IRLT,PA,_Z,_Z,_Z,_Z,N,2020-10,-0.345,A,0,2,
OECD.SDD.STES:DSD_STES@DF_FINMARK(4.0),BEL,M,IRLT,PA,_Z,_Z,_Z,_Z,N,2020-11,-0.383,A,0,2,
OECD.SDD.STES:DSD_STES@DF_FINMARK(4.0),BEL,M,IRLT,PA,_Z,_Z,_Z,_Z,N,2020-12,-0.388,A,0,2,
OECD.SDD.STES:DSD_STES@DF_FINMARK(4.0),BEL,M,IRLT,PA,_Z,_Z,_Z,_Z,N,2021-01,-0.358,A,0,2,
OECD.SDD.STES:DSD_STES@DF_FINMARK(4.0),BEL,M,IRLT,PA,_Z,_Z,_Z,_Z,N,2021-02,-0.212,A,0,2,
OECD.SDD.STES:DSD_STES@DF_FINMARK(4.0),BEL,M,IRLT,PA,_Z,_Z,_Z,_Z,N,2021-03,-0.036,A,0,2,
OECD.SDD.STES:DSD_STES@DF_FINMARK(4.0),BEL,M,IRLT,PA,_Z,_Z,_Z,_Z,N,2021-04,0.044,A,0,2,
OECD.SDD.STES:DSD_STES@DF_FINMARK(4.0),BEL,M,IRLT,PA,_Z,_Z,_Z,_Z,N,2021-05,0.179,A,0,2,
OECD.SDD.STES:DSD_STES@DF_FINMARK(4.0),BEL,M,IRLT,PA,_Z,_Z,_Z,_Z,N,2021-06,0.122,A,0,2,
OECD.SDD.STES:DSD_STES@DF_FINMARK(4.0),BEL,M,IRLT,PA,_Z,_Z,_Z,_Z,N,2021-07,-0.028,A,0,2,
OECD.SDD.STES:DSD_STES@DF_FINMARK(4.0),BEL,M,IRLT,PA,_Z,_Z,_Z,_Z,N,2021-08,-0.135,A,0,2,
OECD.SDD.STES:DSD_STES@DF_FINMARK(4.0),BEL,M,IRLT,PA,_Z,_Z,_Z,_Z,N,2021-09,0.008,A,0,2,
OECD.SDD.STES:DSD_STES@DF_FINMARK(4.0),BEL,M,IRLT,PA,_Z,_Z,_Z,_Z,N,2021-10,0.162,A,0,2,
OECD.SDD.STES:DSD_STES@DF_FINMARK(4.0),BEL,M,IRLT,PA,_Z,_Z,_Z,_Z,N,2021-11,0.07,A,0,2,
OECD.SDD.STES:DSD_STES@DF_FINMARK(4.0),BEL,M,IRLT,PA,_Z,_Z,_Z,_Z,N,2021-12,0.03,A,0,2,
OECD.SDD.STES:DSD_STES@DF_FINMARK(4.0),BEL,M,IRLT,PA,_Z,_Z,_Z,_Z,N,2022-01,0.26,A,0,2,
OECD.SDD.STES:DSD_STES@DF_FINMARK(4.0),BEL,M,IRLT,PA,_Z,_Z,_Z,_Z,N,2022-02,0.59,A,0,2,
OECD.SDD.STES:DSD_STES@DF_FINMARK(4.0),BEL,M,IRLT,PA,_Z,_Z,_Z,_Z,N,2022-03,0.79,A,0,2,
OECD.SDD.STES:DSD_STES@DF_FINMARK(4.0),BEL,M,IRLT,PA,_Z,_Z,_Z,_Z,N,2022-04,1.3,A,0,2,
OECD.SDD.STES:DSD_STES@DF_FINMARK(4.0),BEL,M,IRLT,PA,_Z,_Z,_Z,_Z,N,2022-05,1.58,A,0,2,
OECD.SDD.STES:DSD_STES@DF_FINMARK(4.0),BEL,M,IRLT,PA,_Z,_Z,_Z,_Z,N,2022-06,2.13,A,0,2,
OECD.SDD.STES:DSD_STES@DF_FINMARK(4.0),BEL,M,IRLT,PA,_Z,_Z,_Z,_Z,N,2022-07,1.8,A,0,2,
OECD.SDD.STES:DSD_STES@DF_FINMARK(4.0),BEL,M,IRLT,PA,_Z,_Z,_Z,_Z,N,2022-08,1.71,A,0,2,
OECD.SDD.STES:DSD_STES@DF_FINMARK(4.0),BEL,M,IRLT,PA,_Z,_Z,_Z,_Z,N,2022-09,2.45,A,0,2,
OECD.SDD.STES:DSD_STES@DF_FINMARK(4.0),BEL,M,IRLT,PA,_Z,_Z,_Z,_Z,N,2022-10,2.84,A,0,2,
OECD.SDD.STES:DSD_STES@DF_FINMARK(4.0),BEL,M,IRLT,PA,_Z,_Z,_Z,_Z,N,2022-11,2.65,A,0,2,
OECD.SDD.STES:DSD_STES@DF_FINMARK(4.0),BEL,M,IRLT,PA,_Z,_Z,_Z,_Z,N,2022-12,2.7,A,0,2,
OECD.SDD.STES:DSD_STES@DF_FINMARK(4.0),BEL,M,IRLT,PA,_Z,_Z,_Z,_Z,N,2023-01,2.79,A,0,2,
OECD.SDD.STES:DSD_STES@DF_FINMARK(4.0),BEL,M,IRLT,PA,_Z,_Z,_Z,_Z,N,2023-02,2.96,A,0,2,
OECD.SDD.STES:DSD_STES@DF_FINMARK(4.0),BEL,M,IRLT,PA,_Z,_Z,_Z,_Z,N,2023-03,3.04,A,0,2,
OECD.SDD.STES:DSD_STES@DF_FINMARK(4.0),BEL,M,IRLT,PA,_Z,_Z,_Z,_Z,N,2023-04,3.05,A,0,2,
OECD.SDD.STES:DSD_STES@DF_FINMARK(4.0),BEL,M,IRLT,PA,_Z,_Z,_Z,_Z,N,2023-05,3.04,A,0,2,
OECD.SDD.STES:DSD_STES@DF_FINMARK(4.0),BEL,M,IRLT,PA,_Z,_Z,_Z,_Z,N,2023-06,3.05,A,0,2,
OECD.SDD.STES:DSD_STES@DF_FINMARK(4.0),BEL,M,IRLT,PA,_Z,_Z,_Z,_Z,N,2023-07,3.14,A,0,2,
OECD.SDD.STES:DSD_STES@DF_FINMARK(4.0),BEL,M,IRLT,PA,_Z,_Z,_Z,_Z,N,2023-08,3.22,A,0,2,
OECD.SDD.STES:DSD_STES@DF_FINMARK(4.0),BEL,M,IRLT,PA,_Z,_Z,_Z,_Z,N,2023-09,3.32,A,0,2,
OECD.SDD.STES:DSD_STES@DF_FINMARK(4.0),BEL,M,IRLT,PA,_Z,_Z,_Z,_Z,N,2023-10,3.52,A,0,2,
OECD.SDD.STES:DSD_STES@DF_FINMARK(4.0),BEL,M,IRLT,PA,_Z,_Z,_Z,_Z,N,2023-11,3.23,A,0,2,
OECD.SDD.STES:DSD_STES@DF_FINMARK(4.0),BEL,M,IRLT,PA,_Z,_Z,_Z,_Z,N,2023-12,2.7,A,0,2,
OECD.SDD.STES:DSD_STES@DF_FINMARK(4.0),BEL,M,IRLT,PA,_Z,_Z,_Z,_Z,N,2024-01,2.81,A,0,2,
OECD.SDD.STES:DSD_STES@DF_FINMARK(4.0),BEL,M,IRLT,PA,_Z,_Z,_Z,_Z,N,2024-02,2.95,A,0,2,
OECD.SDD.STES:DSD_STES@DF_FINMARK(4.0),BEL,M,IRLT,PA,_Z,_Z,_Z,_Z,N,2024-03,2.91,A,0,2,
OECD.SDD.STES:DSD_STES@DF_FINMARK(4.0),BEL,M,IRLT,PA,_Z,_Z,_Z,_Z,N,2024-04,3.01,A,0,2,
OECD.SDD.STES:DSD_STES@DF_FINMARK(4.0),BEL,M,IRLT,PA,_Z,_Z,_Z,_Z,N,2024-05,3.06,A,0,2,
OECD.SDD.STES:DSD_STES@DF_FINMARK(4.0),BEL,M,IRLT,PA,_Z,_Z,_Z,_Z,N,2024-06,3.12,A,0,2,
OECD.SDD.STES:DSD_STES@DF_FINMARK(4.0),BEL,M,IRLT,PA,_Z,_Z,_Z,_Z,N,2024-07,3.06,A,0,2,
OECD.SDD.STES:DSD_STES@DF_FINMARK(4.0),BEL,M,IRLT,PA,_Z,_Z,_Z,_Z,N,2024-08,2.83,A,0,2,
OECD.SDD.STES:DSD_STES@DF_FINMARK(4.0),BEL,M,IRLT,PA,_Z,_Z,_Z,_Z,N,2024-09,2.79,A,0,2,
OECD.SDD.STES:DSD_STES@DF_FINMARK(4.0),BEL,M,IRLT,PA,_Z,_Z,_Z,_Z,N,2024-10,2.84,A,0,2,
OECD.SDD.STES:DSD_STES@DF_FINMARK(4.0),BEL,M,IRLT,PA,_Z,_Z,_Z,_Z,N,2024-11,2.92,A,0,2,
OECD.SDD.STES:DSD_STES@DF_FINMARK(4.0),BEL,M,IRLT,PA,_Z,_Z,_Z,_Z,N,2024-12,2.8,A,0,2,
OECD.SDD.STES:DSD_STES@DF_FINMARK(4.0),BEL,M,IRLT,PA,_Z,_Z,_Z,_Z,N,2025-01,3.1,A,0,2,
OECD.SDD.STES:DSD_STES@DF_FINMARK(4.0),BEL,M,IRLT,PA,_Z,_Z,_Z,_Z,N,2025-02,3.01,A,0,2,
OECD.SDD.STES:DSD_STES@DF_FINMARK(4.0),BEL,M,IRLT,PA,_Z,_Z,_Z,_Z,N,2025-03,3.32,A,0,2,
OECD.SDD.STES:DSD_STES@DF_FINMARK(4.0),BEL,M,IRLT,PA,_Z,_Z,_Z,_Z,N,2025-04,3.14,A,0,2,
OECD.SDD.STES:DSD_STES@DF_FINMARK(4.0),BEL,M,IRLT,PA,_Z,_Z,_Z,_Z,N,2025-05,3.14,A,0,2,
OECD.SDD.STES:DSD_STES@DF_FINMARK(4.0),BEL,M,IRLT,PA,_Z,_Z,_Z,_Z,N,2025-06,3.09,A,0,2,
OECD.SDD.STES:DSD_STES@DF_FINMARK(4.0),BEL,M,IRLT,PA,_Z,_Z,_Z,_Z,N,2025-07,3.21,A,0,2,
OECD.SDD.STES:DSD_STES@DF_FINMARK(4.0),BEL,M,IRLT,PA,_Z,_Z,_Z,_Z,N,2025-08,3.23,A,0,2,
OECD.SDD.STES:DSD_STES@DF_FINMARK(4.0),BEL,M,IRLT,PA,_Z,_Z,_Z,_Z,N,2025-09,3.26,A,0,2,
OECD.SDD.STES:DSD_STES@DF_FINMARK(4.0),BEL,M,IRLT,PA,_Z,_Z,_Z,_Z,N,2025-10,3.19,A,0,2,
OECD.SDD.STES:DSD_STES@DF_FINMARK(4.0),BEL,M,IRLT,PA,_Z,_Z,_Z,_Z,N,2025-11,3.21,A,0,2,
OECD.SDD.STES:DSD_STES@DF_FINMARK(4.0),BEL,M,IRLT,PA,_Z,_Z,_Z,_Z,N,2025-12,3.32,A,0,2,
OECD.SDD.STES:DSD_STES@DF_FINMARK(4.0),BEL,M,IRLT,PA,_Z,_Z,_Z,_Z,N,2026-01,3.36,A,0,2,
OECD.SDD.STES:DSD_STES@DF_FINMARK(4.0),BEL,M,IRLT,PA,_Z,_Z,_Z,_Z,N,2026-02,3.3,A,0,2,
OECD.SDD.STES:DSD_STES@DF_FINMARK(4.0),BEL,M,IRLT,PA,_Z,_Z,_Z,_Z,N,2026-03,3.51,A,0,2,
OECD.SDD.STES:DSD_STES@DF_FINMARK(4.0),BEL,M,IRLT,PA,_Z,_Z,_Z,_Z,N,2026-04,3.59,A,0,2,
OECD.SDD.STES:DSD_STES@DF_FINMARK(4.0),BEL,M,IRLT,PA,_Z,_Z,_Z,_Z,N,2026-05,3.6,A,0,2,
OECD.SDD.STES:DSD_STES@DF_FINMARK(4.0),CHE,M,IRLT,PA,_Z,_Z,_Z,_Z,N,2015-01,-0.067,A,0,2,
OECD.SDD.STES:DSD_STES@DF_FINMARK(4.0),CHE,M,IRLT,PA,_Z,_Z,_Z,_Z,N,2015-02,0.015,A,0,2,
OECD.SDD.STES:DSD_STES@DF_FINMARK(4.0),CHE,M,IRLT,PA,_Z,_Z,_Z,_Z,N,2015-03,-0.001,A,0,2,
OECD.SDD.STES:DSD_STES@DF_FINMARK(4.0),CHE,M,IRLT,PA,_Z,_Z,_Z,_Z,N,2015-04,0.04,A,0,2,
OECD.SDD.STES:DSD_STES@DF_FINMARK(4.0),CHE,M,IRLT,PA,_Z,_Z,_Z,_Z,N,2015-05,-0.031,A,0,2,
OECD.SDD.STES:DSD_STES@DF_FINMARK(4.0),CHE,M,IRLT,PA,_Z,_Z,_Z,_Z,N,2015-06,0.101,A,0,2,
OECD.SDD.STES:DSD_STES@DF_FINMARK(4.0),CHE,M,IRLT,PA,_Z,_Z,_Z,_Z,N,2015-07,-0.035,A,0,2,
OECD.SDD.STES:DSD_STES@DF_FINMARK(4.0),CHE,M,IRLT,PA,_Z,_Z,_Z,_Z,N,2015-08,-0.124,A,0,2,
OECD.SDD.STES:DSD_STES@DF_FINMARK(4.0),CHE,M,IRLT,PA,_Z,_Z,_Z,_Z,N,2015-09,-0.1,A,0,2,
OECD.SDD.STES:DSD_STES@DF_FINMARK(4.0),CHE,M,IRLT,PA,_Z,_Z,_Z,_Z,N,2015-10,-0.272,A,0,2,
OECD.SDD.STES:DSD_STES@DF_FINMARK(4.0),CHE,M,IRLT,PA,_Z,_Z,_Z,_Z,N,2015-11,-0.311,A,0,2,
OECD.SDD.STES:DSD_STES@DF_FINMARK(4.0),CHE,M,IRLT,PA,_Z,_Z,_Z,_Z,N,2015-12,-0.039,A,0,2,
OECD.SDD.STES:DSD_STES@DF_FINMARK(4.0),CHE,M,IRLT,PA,_Z,_Z,_Z,_Z,N,2016-01,-0.299,A,0,2,
OECD.SDD.STES:DSD_STES@DF_FINMARK(4.0),CHE,M,IRLT,PA,_Z,_Z,_Z,_Z,N,2016-02,-0.453,A,0,2,
OECD.SDD.STES:DSD_STES@DF_FINMARK(4.0),CHE,M,IRLT,PA,_Z,_Z,_Z,_Z,N,2016-03,-0.387,A,0,2,
OECD.SDD.STES:DSD_STES@DF_FINMARK(4.0),CHE,M,IRLT,PA,_Z,_Z,_Z,_Z,N,2016-04,-0.245,A,0,2,
OECD.SDD.STES:DSD_STES@DF_FINMARK(4.0),CHE,M,IRLT,PA,_Z,_Z,_Z,_Z,N,2016-05,-0.298,A,0,2,
OECD.SDD.STES:DSD_STES@DF_FINMARK(4.0),CHE,M,IRLT,PA,_Z,_Z,_Z,_Z,N,2016-06,-0.508,A,0,2,
OECD.SDD.STES:DSD_STES@DF_FINMARK(4.0),CHE,M,IRLT,PA,_Z,_Z,_Z,_Z,N,2016-07,-0.543,A,0,2,
OECD.SDD.STES:DSD_STES@DF_FINMARK(4.0),CHE,M,IRLT,PA,_Z,_Z,_Z,_Z,N,2016-08,-0.462,A,0,2,
OECD.SDD.STES:DSD_STES@DF_FINMARK(4.0),CHE,M,IRLT,PA,_Z,_Z,_Z,_Z,N,2016-09,-0.522,A,0,2,
OECD.SDD.STES:DSD_STES@DF_FINMARK(4.0),CHE,M,IRLT,PA,_Z,_Z,_Z,_Z,N,2016-10,-0.362,A,0,2,
OECD.SDD.STES:DSD_STES@DF_FINMARK(4.0),CHE,M,IRLT,PA,_Z,_Z,_Z,_Z,N,2016-11,-0.13,A,0,2,
OECD.SDD.STES:DSD_STES@DF_FINMARK(4.0),CHE,M,IRLT,PA,_Z,_Z,_Z,_Z,N,2016-12,-0.135,A,0,2,
OECD.SDD.STES:DSD_STES@DF_FINMARK(4.0),CHE,M,IRLT,PA,_Z,_Z,_Z,_Z,N,2017-01,-0.072,A,0,2,
OECD.SDD.STES:DSD_STES@DF_FINMARK(4.0),CHE,M,IRLT,PA,_Z,_Z,_Z,_Z,N,2017-02,-0.213,A,0,2,
OECD.SDD.STES:DSD_STES@DF_FINMARK(4.0),CHE,M,IRLT,PA,_Z,_Z,_Z,_Z,N,2017-03,-0.1,A,0,2,
OECD.SDD.STES:DSD_STES@DF_FINMARK(4.0),CHE,M,IRLT,PA,_Z,_Z,_Z,_Z,N,2017-04,-0.096,A,0,2,
OECD.SDD.STES:DSD_STES@DF_FINMARK(4.0),CHE,M,IRLT,PA,_Z,_Z,_Z,_Z,N,2017-05,-0.145,A,0,2,
OECD.SDD.STES:DSD_STES@DF_FINMARK(4.0),CHE,M,IRLT,PA,_Z,_Z,_Z,_Z,N,2017-06,-0.025,A,0,2,
OECD.SDD.STES:DSD_STES@DF_FINMARK(4.0),CHE,M,IRLT,PA,_Z,_Z,_Z,_Z,N,2017-07,0.06,A,0,2,
OECD.SDD.STES:DSD_STES@DF_FINMARK(4.0),CHE,M,IRLT,PA,_Z,_Z,_Z,_Z,N,2017-08,-0.114,A,0,2,
OECD.SDD.STES:DSD_STES@DF_FINMARK(4.0),CHE,M,IRLT,PA,_Z,_Z,_Z,_Z,N,2017-09,0.017,A,0,2,
OECD.SDD.STES:DSD_STES@DF_FINMARK(4.0),CHE,M,IRLT,PA,_Z,_Z,_Z,_Z,N,2017-10,-0.029,A,0,2,
OECD.SDD.STES:DSD_STES@DF_FINMARK(4.0),CHE,M,IRLT,PA,_Z,_Z,_Z,_Z,N,2017-11,-0.053,A,0,2,
OECD.SDD.STES:DSD_STES@DF_FINMARK(4.0),CHE,M,IRLT,PA,_Z,_Z,_Z,_Z,N,2017-12,-0.095,A,0,2,
OECD.SDD.STES:DSD_STES@DF_FINMARK(4.0),CHE,M,IRLT,PA,_Z,_Z,_Z,_Z,N,2018-01,0.103,A,0,2,
OECD.SDD.STES:DSD_STES@DF_FINMARK(4.0),CHE,M,IRLT,PA,_Z,_Z,_Z,_Z,N,2018-02,0.116,A,0,2,
OECD.SDD.STES:DSD_STES@DF_FINMARK(4.0),CHE,M,IRLT,PA,_Z,_Z,_Z,_Z,N,2018-03,0.054,A,0,2,
OECD.SDD.STES:DSD_STES@DF_FINMARK(4.0),CHE,M,IRLT,PA,_Z,_Z,_Z,_Z,N,2018-04,0.12,A,0,2,
OECD.SDD.STES:DSD_STES@DF_FINMARK(4.0),CHE,M,IRLT,PA,_Z,_Z,_Z,_Z,N,2018-05,-0.008,A,0,2,
OECD.SDD.STES:DSD_STES@DF_FINMARK(4.0),CHE,M,IRLT,PA,_Z,_Z,_Z,_Z,N,2018-06,-0.012,A,0,2,
OECD.SDD.STES:DSD_STES@DF_FINMARK(4.0),CHE,M,IRLT,PA,_Z,_Z,_Z,_Z,N,2018-07,0.042,A,0,2,
OECD.SDD.STES:DSD_STES@DF_FINMARK(4.0),CHE,M,IRLT,PA,_Z,_Z,_Z,_Z,N,2018-08,-0.032,A,0,2,
OECD.SDD.STES:DSD_STES@DF_FINMARK(4.0),CHE,M,IRLT,PA,_Z,_Z,_Z,_Z,N,2018-09,0.113,A,0,2,
OECD.SDD.STES:DSD_STES@DF_FINMARK(4.0),CHE,M,IRLT,PA,_Z,_Z,_Z,_Z,N,2018-10,0.071,A,0,2,
OECD.SDD.STES:DSD_STES@DF_FINMARK(4.0),CHE,M,IRLT,PA,_Z,_Z,_Z,_Z,N,2018-11,-0.015,A,0,2,
OECD.SDD.STES:DSD_STES@DF_FINMARK(4.0),CHE,M,IRLT,PA,_Z,_Z,_Z,_Z,N,2018-12,-0.154,A,0,2,
OECD.SDD.STES:DSD_STES@DF_FINMARK(4.0),CHE,M,IRLT,PA,_Z,_Z,_Z,_Z,N,2019-01,-0.21,A,0,2,
OECD.SDD.STES:DSD_STES@DF_FINMARK(4.0),CHE,M,IRLT,PA,_Z,_Z,_Z,_Z,N,2019-02,-0.236,A,0,2,
OECD.SDD.STES:DSD_STES@DF_FINMARK(4.0),CHE,M,IRLT,PA,_Z,_Z,_Z,_Z,N,2019-03,-0.352,A,0,2,
OECD.SDD.STES:DSD_STES@DF_FINMARK(4.0),CHE,M,IRLT,PA,_Z,_Z,_Z,_Z,N,2019-04,-0.267,A,0,2,
OECD.SDD.STES:DSD_STES@DF_FINMARK(4.0),CHE,M,IRLT,PA,_Z,_Z,_Z,_Z,N,2019-05,-0.445,A,0,2,
OECD.SDD.STES:DSD_STES@DF_FINMARK(4.0),CHE,M,IRLT,PA,_Z,_Z,_Z,_Z,N,2019-06,-0.482,A,0,2,
OECD.SDD.STES:DSD_STES@DF_FINMARK(4.0),CHE,M,IRLT,PA,_Z,_Z,_Z,_Z,N,2019-07,-0.654,A,0,2,
OECD.SDD.STES:DSD_STES@DF_FINMARK(4.0),CHE,M,IRLT,PA,_Z,_Z,_Z,_Z,N,2019-08,-0.975,A,0,2,
OECD.SDD.STES:DSD_STES@DF_FINMARK(4.0),CHE,M,IRLT,PA,_Z,_Z,_Z,_Z,N,2019-09,-0.7,A,0,2,
OECD.SDD.STES:DSD_STES@DF_FINMARK(4.0),CHE,M,IRLT,PA,_Z,_Z,_Z,_Z,N,2019-10,-0.511,A,0,2,
OECD.SDD.STES:DSD_STES@DF_FINMARK(4.0),CHE,M,IRLT,PA,_Z,_Z,_Z,_Z,N,2019-11,-0.58,A,0,2,
OECD.SDD.STES:DSD_STES@DF_FINMARK(4.0),CHE,M,IRLT,PA,_Z,_Z,_Z,_Z,N,2019-12,-0.456,A,0,2,
OECD.SDD.STES:DSD_STES@DF_FINMARK(4.0),CHE,M,IRLT,PA,_Z,_Z,_Z,_Z,N,2020-01,-0.698,A,0,2,
OECD.SDD.STES:DSD_STES@DF_FINMARK(4.0),CHE,M,IRLT,PA,_Z,_Z,_Z,_Z,N,2020-02,-0.832,A,0,2,
OECD.SDD.STES:DSD_STES@DF_FINMARK(4.0),CHE,M,IRLT,PA,_Z,_Z,_Z,_Z,N,2020-03,-0.368,A,0,2,
OECD.SDD.STES:DSD_STES@DF_FINMARK(4.0),CHE,M,IRLT,PA,_Z,_Z,_Z,_Z,N,2020-04,-0.487,A,0,2,
OECD.SDD.STES:DSD_STES@DF_FINMARK(4.0),CHE,M,IRLT,PA,_Z,_Z,_Z,_Z,N,2020-05,-0.471,A,0,2,
OECD.SDD.STES:DSD_STES@DF_FINMARK(4.0),CHE,M,IRLT,PA,_Z,_Z,_Z,_Z,N,2020-06,-0.439,A,0,2,
OECD.SDD.STES:DSD_STES@DF_FINMARK(4.0),CHE,M,IRLT,PA,_Z,_Z,_Z,_Z,N,2020-07,-0.529,A,0,2,
OECD.SDD.STES:DSD_STES@DF_FINMARK(4.0),CHE,M,IRLT,PA,_Z,_Z,_Z,_Z,N,2020-08,-0.41,A,0,2,
OECD.SDD.STES:DSD_STES@DF_FINMARK(4.0),CHE,M,IRLT,PA,_Z,_Z,_Z,_Z,N,2020-09,-0.5,A,0,2,
OECD.SDD.STES:DSD_STES@DF_FINMARK(4.0),CHE,M,IRLT,PA,_Z,_Z,_Z,_Z,N,2020-10,-0.518,A,0,2,
OECD.SDD.STES:DSD_STES@DF_FINMARK(4.0),CHE,M,IRLT,PA,_Z,_Z,_Z,_Z,N,2020-11,-0.509,A,0,2,
OECD.SDD.STES:DSD_STES@DF_FINMARK(4.0),CHE,M,IRLT,PA,_Z,_Z,_Z,_Z,N,2020-12,-0.525,A,0,2,
OECD.SDD.STES:DSD_STES@DF_FINMARK(4.0),CHE,M,IRLT,PA,_Z,_Z,_Z,_Z,N,2021-01,-0.454,A,0,2,
OECD.SDD.STES:DSD_STES@DF_FINMARK(4.0),CHE,M,IRLT,PA,_Z,_Z,_Z,_Z,N,2021-02,-0.229,A,0,2,
OECD.SDD.STES:DSD_STES@DF_FINMARK(4.0),CHE,M,IRLT,PA,_Z,_Z,_Z,_Z,N,2021-03,-0.267,A,0,2,
OECD.SDD.STES:DSD_STES@DF_FINMARK(4.0),CHE,M,IRLT,PA,_Z,_Z,_Z,_Z,N,2021-04,-0.21,A,0,2,
OECD.SDD.STES:DSD_STES@DF_FINMARK(4.0),CHE,M,IRLT,PA,_Z,_Z,_Z,_Z,N,2021-05,-0.134,A,0,2,
OECD.SDD.STES:DSD_STES@DF_FINMARK(4.0),CHE,M,IRLT,PA,_Z,_Z,_Z,_Z,N,2021-06,-0.2,A,0,2,
OECD.SDD.STES:DSD_STES@DF_FINMARK(4.0),CHE,M,IRLT,PA,_Z,_Z,_Z,_Z,N,2021-07,-0.373,A,0,2,
OECD.SDD.STES:DSD_STES@DF_FINMARK(4.0),CHE,M,IRLT,PA,_Z,_Z,_Z,_Z,N,2021-08,-0.347,A,0,2,
OECD.SDD.STES:DSD_STES@DF_FINMARK(4.0),CHE,M,IRLT,PA,_Z,_Z,_Z,_Z,N,2021-09,-0.166,A,0,2,
OECD.SDD.STES:DSD_STES@DF_FINMARK(4.0),CHE,M,IRLT,PA,_Z,_Z,_Z,_Z,N,2021-10,-0.046,A,0,2,
OECD.SDD.STES:DSD_STES@DF_FINMARK(4.0),CHE,M,IRLT,PA,_Z,_Z,_Z,_Z,N,2021-11,-0.234,A,0,2,
OECD.SDD.STES:DSD_STES@DF_FINMARK(4.0),CHE,M,IRLT,PA,_Z,_Z,_Z,_Z,N,2021-12,-0.127,A,0,2,
OECD.SDD.STES:DSD_STES@DF_FINMARK(4.0),CHE,M,IRLT,PA,_Z,_Z,_Z,_Z,N,2022-01,0.045,A,0,2,
OECD.SDD.STES:DSD_STES@DF_FINMARK(4.0),CHE,M,IRLT,PA,_Z,_Z,_Z,_Z,N,2022-02,0.263,A,0,2,
OECD.SDD.STES:DSD_STES@DF_FINMARK(4.0),CHE,M,IRLT,PA,_Z,_Z,_Z,_Z,N,2022-03,0.677,A,0,2,
OECD.SDD.STES:DSD_STES@DF_FINMARK(4.0),CHE,M,IRLT,PA,_Z,_Z,_Z,_Z,N,2022-04,0.824,A,0,2,
OECD.SDD.STES:DSD_STES@DF_FINMARK(4.0),CHE,M,IRLT,PA,_Z,_Z,_Z,_Z,N,2022-05,0.779,A,0,2,
OECD.SDD.STES:DSD_STES@DF_FINMARK(4.0),CHE,M,IRLT,PA,_Z,_Z,_Z,_Z,N,2022-06,1.149,A,0,2,
OECD.SDD.STES:DSD_STES@DF_FINMARK(4.0),CHE,M,IRLT,PA,_Z,_Z,_Z,_Z,N,2022-07,0.52,A,0,2,
OECD.SDD.STES:DSD_STES@DF_FINMARK(4.0),CHE,M,IRLT,PA,_Z,_Z,_Z,_Z,N,2022-08,0.786,A,0,2,
OECD.SDD.STES:DSD_STES@DF_FINMARK(4.0),CHE,M,IRLT,PA,_Z,_Z,_Z,_Z,N,2022-09,1.163,A,0,2,
OECD.SDD.STES:DSD_STES@DF_FINMARK(4.0),CHE,M,IRLT,PA,_Z,_Z,_Z,_Z,N,2022-10,1.12,A,0,2,
OECD.SDD.STES:DSD_STES@DF_FINMARK(4.0),CHE,M,IRLT,PA,_Z,_Z,_Z,_Z,N,2022-11,1.055,A,0,2,
OECD.SDD.STES:DSD_STES@DF_FINMARK(4.0),CHE,M,IRLT,PA,_Z,_Z,_Z,_Z,N,2022-12,1.565,A,0,2,
OECD.SDD.STES:DSD_STES@DF_FINMARK(4.0),CHE,M,IRLT,PA,_Z,_Z,_Z,_Z,N,2023-01,1.257,A,0,2,
OECD.SDD.STES:DSD_STES@DF_FINMARK(4.0),CHE,M,IRLT,PA,_Z,_Z,_Z,_Z,N,2023-02,1.446,A,0,2,
OECD.SDD.STES:DSD_STES@DF_FINMARK(4.0),CHE,M,IRLT,PA,_Z,_Z,_Z,_Z,N,2023-03,1.227,A,0,2,
OECD.SDD.STES:DSD_STES@DF_FINMARK(4.0),CHE,M,IRLT,PA,_Z,_Z,_Z,_Z,N,2023-04,1.08,A,0,2,
OECD.SDD.STES:DSD_STES@DF_FINMARK(4.0),CHE,M,IRLT,PA,_Z,_Z,_Z,_Z,N,2023-05,0.848,A,0,2,
OECD.SDD.STES:DSD_STES@DF_FINMARK(4.0),CHE,M,IRLT,PA,_Z,_Z,_Z,_Z,N,2023-06,0.966,A,0,2,
OECD.SDD.STES:DSD_STES@DF_FINMARK(4.0),CHE,M,IRLT,PA,_Z,_Z,_Z,_Z,N,2023-07,0.979,A,0,2,
OECD.SDD.STES:DSD_STES@DF_FINMARK(4.0),CHE,M,IRLT,PA,_Z,_Z,_Z,_Z,N,2023-08,0.952,A,0,2,
OECD.SDD.STES:DSD_STES@DF_FINMARK(4.0),CHE,M,IRLT,PA,_Z,_Z,_Z,_Z,N,2023-09,1.087,A,0,2,
OECD.SDD.STES:DSD_STES@DF_FINMARK(4.0),CHE,M,IRLT,PA,_Z,_Z,_Z,_Z,N,2023-10,1.046,A,0,2,
OECD.SDD.STES:DSD_STES@DF_FINMARK(4.0),CHE,M,IRLT,PA,_Z,_Z,_Z,_Z,N,2023-11,0.822,A,0,2,
OECD.SDD.STES:DSD_STES@DF_FINMARK(4.0),CHE,M,IRLT,PA,_Z,_Z,_Z,_Z,N,2023-12,0.656,A,0,2,
OECD.SDD.STES:DSD_STES@DF_FINMARK(4.0),CHE,M,IRLT,PA,_Z,_Z,_Z,_Z,N,2024-01,0.83,A,0,2,
OECD.SDD.STES:DSD_STES@DF_FINMARK(4.0),CHE,M,IRLT,PA,_Z,_Z,_Z,_Z,N,2024-02,0.828,A,0,2,
OECD.SDD.STES:DSD_STES@DF_FINMARK(4.0),CHE,M,IRLT,PA,_Z,_Z,_Z,_Z,N,2024-03,0.639,A,0,2,
OECD.SDD.STES:DSD_STES@DF_FINMARK(4.0),CHE,M,IRLT,PA,_Z,_Z,_Z,_Z,N,2024-04,0.693,A,0,2,
OECD.SDD.STES:DSD_STES@DF_FINMARK(4.0),CHE,M,IRLT,PA,_Z,_Z,_Z,_Z,N,2024-05,0.915,A,0,2,
OECD.SDD.STES:DSD_STES@DF_FINMARK(4.0),CHE,M,IRLT,PA,_Z,_Z,_Z,_Z,N,2024-06,0.559,A,0,2,
OECD.SDD.STES:DSD_STES@DF_FINMARK(4.0),CHE,M,IRLT,PA,_Z,_Z,_Z,_Z,N,2024-07,0.45,A,0,2,
OECD.SDD.STES:DSD_STES@DF_FINMARK(4.0),CHE,M,IRLT,PA,_Z,_Z,_Z,_Z,N,2024-08,0.451,A,0,2,
OECD.SDD.STES:DSD_STES@DF_FINMARK(4.0),CHE,M,IRLT,PA,_Z,_Z,_Z,_Z,N,2024-09,0.41,A,0,2,
OECD.SDD.STES:DSD_STES@DF_FINMARK(4.0),CHE,M,IRLT,PA,_Z,_Z,_Z,_Z,N,2024-10,0.451,A,0,2,
OECD.SDD.STES:DSD_STES@DF_FINMARK(4.0),CHE,M,IRLT,PA,_Z,_Z,_Z,_Z,N,2024-11,0.289,A,0,2,
OECD.SDD.STES:DSD_STES@DF_FINMARK(4.0),CHE,M,IRLT,PA,_Z,_Z,_Z,_Z,N,2024-12,0.317,A,0,2,
OECD.SDD.STES:DSD_STES@DF_FINMARK(4.0),CHE,M,IRLT,PA,_Z,_Z,_Z,_Z,N,2025-01,0.383,A,0,2,
OECD.SDD.STES:DSD_STES@DF_FINMARK(4.0),CHE,M,IRLT,PA,_Z,_Z,_Z,_Z,N,2025-02,0.396,A,0,2,
OECD.SDD.STES:DSD_STES@DF_FINMARK(4.0),CHE,M,IRLT,PA,_Z,_Z,_Z,_Z,N,2025-03,0.514,A,0,2,
OECD.SDD.STES:DSD_STES@DF_FINMARK(4.0),CHE,M,IRLT,PA,_Z,_Z,_Z,_Z,N,2025-04,0.326,A,0,2,
OECD.SDD.STES:DSD_STES@DF_FINMARK(4.0),CHE,M,IRLT,PA,_Z,_Z,_Z,_Z,N,2025-05,0.259,A,0,2,
OECD.SDD.STES:DSD_STES@DF_FINMARK(4.0),CHE,M,IRLT,PA,_Z,_Z,_Z,_Z,N,2025-06,0.41,A,0,2,
OECD.SDD.STES:DSD_STES@DF_FINMARK(4.0),CHE,M,IRLT,PA,_Z,_Z,_Z,_Z,N,2025-07,0.378,A,0,2,
OECD.SDD.STES:DSD_STES@DF_FINMARK(4.0),CHE,M,IRLT,PA,_Z,_Z,_Z,_Z,N,2025-08,0.32,A,0,2,
OECD.SDD.STES:DSD_STES@DF_FINMARK(4.0),CHE,M,IRLT,PA,_Z,_Z,_Z,_Z,N,2025-09,0.2,A,0,2,
OECD.SDD.STES:DSD_STES@DF_FINMARK(4.0),CHE,M,IRLT,PA,_Z,_Z,_Z,_Z,N,2025-10,0.18,A,0,2,
OECD.SDD.STES:DSD_STES@DF_FINMARK(4.0),CHE,M,IRLT,PA,_Z,_Z,_Z,_Z,N,2025-11,0.19,A,0,2,
OECD.SDD.STES:DSD_STES@DF_FINMARK(4.0),CHE,M,IRLT,PA,_Z,_Z,_Z,_Z,N,2025-12,0.33,A,0,2,
OECD.SDD.STES:DSD_STES@DF_FINMARK(4.0),CHE,M,IRLT,PA,_Z,_Z,_Z,_Z,N,2026-01,0.27,A,0,2,
OECD.SDD.STES:DSD_STES@DF_FINMARK(4.0),CHE,M,IRLT,PA,_Z,_Z,_Z,_Z,N,2026-02,0.25,A,0,2,
OECD.SDD.STES:DSD_STES@DF_FINMARK(4.0),CHE,M,IRLT,PA,_Z,_Z,_Z,_Z,N,2026-03,0.4,A,0,2,
OECD.SDD.STES:DSD_STES@DF_FINMARK(4.0),CHE,M,IRLT,PA,_Z,_Z,_Z,_Z,N,2026-04,0.45,A,0,2,
OECD.SDD.STES:DSD_STES@DF_FINMARK(4.0),CHE,M,IRLT,PA,_Z,_Z,_Z,_Z,N,2026-05,0.44,A,0,2,
OECD.SDD.STES:DSD_STES@DF_FINMARK(4.0),CAN,M,IRLT,PA,_Z,_Z,_Z,_Z,N,2015-01,1.525714,A,0,2,
OECD.SDD.STES:DSD_STES@DF_FINMARK(4.0),CAN,M,IRLT,PA,_Z,_Z,_Z,_Z,N,2015-02,1.379474,A,0,2,
OECD.SDD.STES:DSD_STES@DF_FINMARK(4.0),CAN,M,IRLT,PA,_Z,_Z,_Z,_Z,N,2015-03,1.421364,A,0,2,
OECD.SDD.STES:DSD_STES@DF_FINMARK(4.0),CAN,M,IRLT,PA,_Z,_Z,_Z,_Z,N,2015-04,1.410952,A,0,2,
OECD.SDD.STES:DSD_STES@DF_FINMARK(4.0),CAN,M,IRLT,PA,_Z,_Z,_Z,_Z,N,2015-05,1.744,A,0,2,
OECD.SDD.STES:DSD_STES@DF_FINMARK(4.0),CAN,M,IRLT,PA,_Z,_Z,_Z,_Z,N,2015-06,1.78,A,0,2,
OECD.SDD.STES:DSD_STES@DF_FINMARK(4.0),CAN,M,IRLT,PA,_Z,_Z,_Z,_Z,N,2015-07,1.569546,A,0,2,
OECD.SDD.STES:DSD_STES@DF_FINMARK(4.0),CAN,M,IRLT,PA,_Z,_Z,_Z,_Z,N,2015-08,1.3915,A,0,2,
OECD.SDD.STES:DSD_STES@DF_FINMARK(4.0),CAN,M,IRLT,PA,_Z,_Z,_Z,_Z,N,2015-09,1.481429,A,0,2,
OECD.SDD.STES:DSD_STES@DF_FINMARK(4.0),CAN,M,IRLT,PA,_Z,_Z,_Z,_Z,N,2015-10,1.463333,A,0,2,
OECD.SDD.STES:DSD_STES@DF_FINMARK(4.0),CAN,M,IRLT,PA,_Z,_Z,_Z,_Z,N,2015-11,1.6335,A,0,2,
OECD.SDD.STES:DSD_STES@DF_FINMARK(4.0),CAN,M,IRLT,PA,_Z,_Z,_Z,_Z,N,2015-12,1.459524,A,0,2,
OECD.SDD.STES:DSD_STES@DF_FINMARK(4.0),CAN,M,IRLT,PA,_Z,_Z,_Z,_Z,N,2016-01,1.258,A,0,2,
OECD.SDD.STES:DSD_STES@DF_FINMARK(4.0),CAN,M,IRLT,PA,_Z,_Z,_Z,_Z,N,2016-02,1.1245,A,0,2,
OECD.SDD.STES:DSD_STES@DF_FINMARK(4.0),CAN,M,IRLT,PA,_Z,_Z,_Z,_Z,N,2016-03,1.268182,A,0,2,
OECD.SDD.STES:DSD_STES@DF_FINMARK(4.0),CAN,M,IRLT,PA,_Z,_Z,_Z,_Z,N,2016-04,1.33619,A,0,2,
OECD.SDD.STES:DSD_STES@DF_FINMARK(4.0),CAN,M,IRLT,PA,_Z,_Z,_Z,_Z,N,2016-05,1.35,A,0,2,
OECD.SDD.STES:DSD_STES@DF_FINMARK(4.0),CAN,M,IRLT,PA,_Z,_Z,_Z,_Z,N,2016-06,1.168182,A,0,2,
OECD.SDD.STES:DSD_STES@DF_FINMARK(4.0),CAN,M,IRLT,PA,_Z,_Z,_Z,_Z,N,2016-07,1.051,A,0,2,
OECD.SDD.STES:DSD_STES@DF_FINMARK(4.0),CAN,M,IRLT,PA,_Z,_Z,_Z,_Z,N,2016-08,1.042727,A,0,2,
OECD.SDD.STES:DSD_STES@DF_FINMARK(4.0),CAN,M,IRLT,PA,_Z,_Z,_Z,_Z,N,2016-09,1.08619,A,0,2,
OECD.SDD.STES:DSD_STES@DF_FINMARK(4.0),CAN,M,IRLT,PA,_Z,_Z,_Z,_Z,N,2016-10,1.1665,A,0,2,
OECD.SDD.STES:DSD_STES@DF_FINMARK(4.0),CAN,M,IRLT,PA,_Z,_Z,_Z,_Z,N,2016-11,1.437619,A,0,2,
OECD.SDD.STES:DSD_STES@DF_FINMARK(4.0),CAN,M,IRLT,PA,_Z,_Z,_Z,_Z,N,2016-12,1.732,A,0,2,
OECD.SDD.STES:DSD_STES@DF_FINMARK(4.0),CAN,M,IRLT,PA,_Z,_Z,_Z,_Z,N,2017-01,1.722381,A,0,2,
OECD.SDD.STES:DSD_STES@DF_FINMARK(4.0),CAN,M,IRLT,PA,_Z,_Z,_Z,_Z,N,2017-02,1.702105,A,0,2,
OECD.SDD.STES:DSD_STES@DF_FINMARK(4.0),CAN,M,IRLT,PA,_Z,_Z,_Z,_Z,N,2017-03,1.714348,A,0,2,
OECD.SDD.STES:DSD_STES@DF_FINMARK(4.0),CAN,M,IRLT,PA,_Z,_Z,_Z,_Z,N,2017-04,1.523158,A,0,2,
OECD.SDD.STES:DSD_STES@DF_FINMARK(4.0),CAN,M,IRLT,PA,_Z,_Z,_Z,_Z,N,2017-05,1.513182,A,0,2,
OECD.SDD.STES:DSD_STES@DF_FINMARK(4.0),CAN,M,IRLT,PA,_Z,_Z,_Z,_Z,N,2017-06,1.502727,A,0,2,
OECD.SDD.STES:DSD_STES@DF_FINMARK(4.0),CAN,M,IRLT,PA,_Z,_Z,_Z,_Z,N,2017-07,1.908,A,0,2,
OECD.SDD.STES:DSD_STES@DF_FINMARK(4.0),CAN,M,IRLT,PA,_Z,_Z,_Z,_Z,N,2017-08,1.883636,A,0,2,
OECD.SDD.STES:DSD_STES@DF_FINMARK(4.0),CAN,M,IRLT,PA,_Z,_Z,_Z,_Z,N,2017-09,2.0495,A,0,2,
OECD.SDD.STES:DSD_STES@DF_FINMARK(4.0),CAN,M,IRLT,PA,_Z,_Z,_Z,_Z,N,2017-10,2.050952,A,0,2,
OECD.SDD.STES:DSD_STES@DF_FINMARK(4.0),CAN,M,IRLT,PA,_Z,_Z,_Z,_Z,N,2017-11,1.918571,A,0,2,
OECD.SDD.STES:DSD_STES@DF_FINMARK(4.0),CAN,M,IRLT,PA,_Z,_Z,_Z,_Z,N,2017-12,1.915263,A,0,2,
OECD.SDD.STES:DSD_STES@DF_FINMARK(4.0),CAN,M,IRLT,PA,_Z,_Z,_Z,_Z,N,2018-01,2.198182,A,0,2,
OECD.SDD.STES:DSD_STES@DF_FINMARK(4.0),CAN,M,IRLT,PA,_Z,_Z,_Z,_Z,N,2018-02,2.324211,A,0,2,
OECD.SDD.STES:DSD_STES@DF_FINMARK(4.0),CAN,M,IRLT,PA,_Z,_Z,_Z,_Z,N,2018-03,2.188571,A,0,2,
OECD.SDD.STES:DSD_STES@DF_FINMARK(4.0),CAN,M,IRLT,PA,_Z,_Z,_Z,_Z,N,2018-04,2.249048,A,0,2,
OECD.SDD.STES:DSD_STES@DF_FINMARK(4.0),CAN,M,IRLT,PA,_Z,_Z,_Z,_Z,N,2018-05,2.375455,A,0,2,
OECD.SDD.STES:DSD_STES@DF_FINMARK(4.0),CAN,M,IRLT,PA,_Z,_Z,_Z,_Z,N,2018-06,2.209048,A,0,2,
OECD.SDD.STES:DSD_STES@DF_FINMARK(4.0),CAN,M,IRLT,PA,_Z,_Z,_Z,_Z,N,2018-07,2.187143,A,0,2,
OECD.SDD.STES:DSD_STES@DF_FINMARK(4.0),CAN,M,IRLT,PA,_Z,_Z,_Z,_Z,N,2018-08,2.295455,A,0,2,
OECD.SDD.STES:DSD_STES@DF_FINMARK(4.0),CAN,M,IRLT,PA,_Z,_Z,_Z,_Z,N,2018-09,2.353684,A,0,2,
OECD.SDD.STES:DSD_STES@DF_FINMARK(4.0),CAN,M,IRLT,PA,_Z,_Z,_Z,_Z,N,2018-10,2.488636,A,0,2,
OECD.SDD.STES:DSD_STES@DF_FINMARK(4.0),CAN,M,IRLT,PA,_Z,_Z,_Z,_Z,N,2018-11,2.407619,A,0,2,
OECD.SDD.STES:DSD_STES@DF_FINMARK(4.0),CAN,M,IRLT,PA,_Z,_Z,_Z,_Z,N,2018-12,2.057895,A,0,2,
OECD.SDD.STES:DSD_STES@DF_FINMARK(4.0),CAN,M,IRLT,PA,_Z,_Z,_Z,_Z,N,2019-01,1.953636,A,0,2,
OECD.SDD.STES:DSD_STES@DF_FINMARK(4.0),CAN,M,IRLT,PA,_Z,_Z,_Z,_Z,N,2019-02,1.907368,A,0,2,
OECD.SDD.STES:DSD_STES@DF_FINMARK(4.0),CAN,M,IRLT,PA,_Z,_Z,_Z,_Z,N,2019-03,1.712381,A,0,2,
OECD.SDD.STES:DSD_STES@DF_FINMARK(4.0),CAN,M,IRLT,PA,_Z,_Z,_Z,_Z,N,2019-04,1.724286,A,0,2,
OECD.SDD.STES:DSD_STES@DF_FINMARK(4.0),CAN,M,IRLT,PA,_Z,_Z,_Z,_Z,N,2019-05,1.664545,A,0,2,
OECD.SDD.STES:DSD_STES@DF_FINMARK(4.0),CAN,M,IRLT,PA,_Z,_Z,_Z,_Z,N,2019-06,1.4625,A,0,2,
OECD.SDD.STES:DSD_STES@DF_FINMARK(4.0),CAN,M,IRLT,PA,_Z,_Z,_Z,_Z,N,2019-07,1.519091,A,0,2,
OECD.SDD.STES:DSD_STES@DF_FINMARK(4.0),CAN,M,IRLT,PA,_Z,_Z,_Z,_Z,N,2019-08,1.205238,A,0,2,
OECD.SDD.STES:DSD_STES@DF_FINMARK(4.0),CAN,M,IRLT,PA,_Z,_Z,_Z,_Z,N,2019-09,1.364,A,0,2,
OECD.SDD.STES:DSD_STES@DF_FINMARK(4.0),CAN,M,IRLT,PA,_Z,_Z,_Z,_Z,N,2019-10,1.449546,A,0,2,
OECD.SDD.STES:DSD_STES@DF_FINMARK(4.0),CAN,M,IRLT,PA,_Z,_Z,_Z,_Z,N,2019-11,1.4995,A,0,2,
OECD.SDD.STES:DSD_STES@DF_FINMARK(4.0),CAN,M,IRLT,PA,_Z,_Z,_Z,_Z,N,2019-12,1.6045,A,0,2,
OECD.SDD.STES:DSD_STES@DF_FINMARK(4.0),CAN,M,IRLT,PA,_Z,_Z,_Z,_Z,N,2020-01,1.492273,A,0,2,
OECD.SDD.STES:DSD_STES@DF_FINMARK(4.0),CAN,M,IRLT,PA,_Z,_Z,_Z,_Z,N,2020-02,1.294737,A,0,2,
OECD.SDD.STES:DSD_STES@DF_FINMARK(4.0),CAN,M,IRLT,PA,_Z,_Z,_Z,_Z,N,2020-03,0.8190909,A,0,2,
OECD.SDD.STES:DSD_STES@DF_FINMARK(4.0),CAN,M,IRLT,PA,_Z,_Z,_Z,_Z,N,2020-04,0.6571429,A,0,2,
OECD.SDD.STES:DSD_STES@DF_FINMARK(4.0),CAN,M,IRLT,PA,_Z,_Z,_Z,_Z,N,2020-05,0.551,A,0,2,
OECD.SDD.STES:DSD_STES@DF_FINMARK(4.0),CAN,M,IRLT,PA,_Z,_Z,_Z,_Z,N,2020-06,0.5613636,A,0,2,
OECD.SDD.STES:DSD_STES@DF_FINMARK(4.0),CAN,M,IRLT,PA,_Z,_Z,_Z,_Z,N,2020-07,0.5163636,A,0,2,
OECD.SDD.STES:DSD_STES@DF_FINMARK(4.0),CAN,M,IRLT,PA,_Z,_Z,_Z,_Z,N,2020-08,0.5635,A,0,2,
OECD.SDD.STES:DSD_STES@DF_FINMARK(4.0),CAN,M,IRLT,PA,_Z,_Z,_Z,_Z,N,2020-09,0.5595238,A,0,2,
OECD.SDD.STES:DSD_STES@DF_FINMARK(4.0),CAN,M,IRLT,PA,_Z,_Z,_Z,_Z,N,2020-10,0.6028572,A,0,2,
OECD.SDD.STES:DSD_STES@DF_FINMARK(4.0),CAN,M,IRLT,PA,_Z,_Z,_Z,_Z,N,2020-11,0.6885,A,0,2,
OECD.SDD.STES:DSD_STES@DF_FINMARK(4.0),CAN,M,IRLT,PA,_Z,_Z,_Z,_Z,N,2020-12,0.7309524,A,0,2,
OECD.SDD.STES:DSD_STES@DF_FINMARK(4.0),CAN,M,IRLT,PA,_Z,_Z,_Z,_Z,N,2021-01,0.8055,A,0,2,
OECD.SDD.STES:DSD_STES@DF_FINMARK(4.0),CAN,M,IRLT,PA,_Z,_Z,_Z,_Z,N,2021-02,1.099474,A,0,2,
OECD.SDD.STES:DSD_STES@DF_FINMARK(4.0),CAN,M,IRLT,PA,_Z,_Z,_Z,_Z,N,2021-03,1.496522,A,0,2,
OECD.SDD.STES:DSD_STES@DF_FINMARK(4.0),CAN,M,IRLT,PA,_Z,_Z,_Z,_Z,N,2021-04,1.516191,A,0,2,
OECD.SDD.STES:DSD_STES@DF_FINMARK(4.0),CAN,M,IRLT,PA,_Z,_Z,_Z,_Z,N,2021-05,1.524,A,0,2,
OECD.SDD.STES:DSD_STES@DF_FINMARK(4.0),CAN,M,IRLT,PA,_Z,_Z,_Z,_Z,N,2021-06,1.425,A,0,2,
OECD.SDD.STES:DSD_STES@DF_FINMARK(4.0),CAN,M,IRLT,PA,_Z,_Z,_Z,_Z,N,2021-07,1.251429,A,0,2,
OECD.SDD.STES:DSD_STES@DF_FINMARK(4.0),CAN,M,IRLT,PA,_Z,_Z,_Z,_Z,N,2021-08,1.191905,A,0,2,
OECD.SDD.STES:DSD_STES@DF_FINMARK(4.0),CAN,M,IRLT,PA,_Z,_Z,_Z,_Z,N,2021-09,1.263,A,0,2,
OECD.SDD.STES:DSD_STES@DF_FINMARK(4.0),CAN,M,IRLT,PA,_Z,_Z,_Z,_Z,N,2021-10,1.597,A,0,2,
OECD.SDD.STES:DSD_STES@DF_FINMARK(4.0),CAN,M,IRLT,PA,_Z,_Z,_Z,_Z,N,2021-11,1.685714,A,0,2,
OECD.SDD.STES:DSD_STES@DF_FINMARK(4.0),CAN,M,IRLT,PA,_Z,_Z,_Z,_Z,N,2021-12,1.45,A,0,2,
OECD.SDD.STES:DSD_STES@DF_FINMARK(4.0),CAN,M,IRLT,PA,_Z,_Z,_Z,_Z,N,2022-01,1.759,A,0,2,
OECD.SDD.STES:DSD_STES@DF_FINMARK(4.0),CAN,M,IRLT,PA,_Z,_Z,_Z,_Z,N,2022-02,1.879474,A,0,2,
OECD.SDD.STES:DSD_STES@DF_FINMARK(4.0),CAN,M,IRLT,PA,_Z,_Z,_Z,_Z,N,2022-03,2.132174,A,0,2,
OECD.SDD.STES:DSD_STES@DF_FINMARK(4.0),CAN,M,IRLT,PA,_Z,_Z,_Z,_Z,N,2022-04,2.704,A,0,2,
OECD.SDD.STES:DSD_STES@DF_FINMARK(4.0),CAN,M,IRLT,PA,_Z,_Z,_Z,_Z,N,2022-05,2.918571,A,0,2,
OECD.SDD.STES:DSD_STES@DF_FINMARK(4.0),CAN,M,IRLT,PA,_Z,_Z,_Z,_Z,N,2022-06,3.315454,A,0,2,
OECD.SDD.STES:DSD_STES@DF_FINMARK(4.0),CAN,M,IRLT,PA,_Z,_Z,_Z,_Z,N,2022-07,3.043158,A,0,2,
OECD.SDD.STES:DSD_STES@DF_FINMARK(4.0),CAN,M,IRLT,PA,_Z,_Z,_Z,_Z,N,2022-08,2.859091,A,0,2,
OECD.SDD.STES:DSD_STES@DF_FINMARK(4.0),CAN,M,IRLT,PA,_Z,_Z,_Z,_Z,N,2022-09,3.147895,A,0,2,
OECD.SDD.STES:DSD_STES@DF_FINMARK(4.0),CAN,M,IRLT,PA,_Z,_Z,_Z,_Z,N,2022-10,3.380526,A,0,2,
OECD.SDD.STES:DSD_STES@DF_FINMARK(4.0),CAN,M,IRLT,PA,_Z,_Z,_Z,_Z,N,2022-11,3.16619,A,0,2,
OECD.SDD.STES:DSD_STES@DF_FINMARK(4.0),CAN,M,IRLT,PA,_Z,_Z,_Z,_Z,N,2022-12,2.9415,A,0,2,
OECD.SDD.STES:DSD_STES@DF_FINMARK(4.0),CAN,M,IRLT,PA,_Z,_Z,_Z,_Z,N,2023-01,2.937619,A,0,2,
OECD.SDD.STES:DSD_STES@DF_FINMARK(4.0),CAN,M,IRLT,PA,_Z,_Z,_Z,_Z,N,2023-02,3.174211,A,0,2,
OECD.SDD.STES:DSD_STES@DF_FINMARK(4.0),CAN,M,IRLT,PA,_Z,_Z,_Z,_Z,N,2023-03,2.993478,A,0,2,
OECD.SDD.STES:DSD_STES@DF_FINMARK(4.0),CAN,M,IRLT,PA,_Z,_Z,_Z,_Z,N,2023-04,2.916111,A,0,2,
OECD.SDD.STES:DSD_STES@DF_FINMARK(4.0),CAN,M,IRLT,PA,_Z,_Z,_Z,_Z,N,2023-05,3.045455,A,0,2,
OECD.SDD.STES:DSD_STES@DF_FINMARK(4.0),CAN,M,IRLT,PA,_Z,_Z,_Z,_Z,N,2023-06,3.338182,A,0,2,
OECD.SDD.STES:DSD_STES@DF_FINMARK(4.0),CAN,M,IRLT,PA,_Z,_Z,_Z,_Z,N,2023-07,3.452,A,0,2,
OECD.SDD.STES:DSD_STES@DF_FINMARK(4.0),CAN,M,IRLT,PA,_Z,_Z,_Z,_Z,N,2023-08,3.654091,A,0,2,
OECD.SDD.STES:DSD_STES@DF_FINMARK(4.0),CAN,M,IRLT,PA,_Z,_Z,_Z,_Z,N,2023-09,3.816,A,0,2,
OECD.SDD.STES:DSD_STES@DF_FINMARK(4.0),CAN,M,IRLT,PA,_Z,_Z,_Z,_Z,N,2023-10,4.062,A,0,2,
OECD.SDD.STES:DSD_STES@DF_FINMARK(4.0),CAN,M,IRLT,PA,_Z,_Z,_Z,_Z,N,2023-11,3.710952,A,0,2,
OECD.SDD.STES:DSD_STES@DF_FINMARK(4.0),CAN,M,IRLT,PA,_Z,_Z,_Z,_Z,N,2023-12,3.23421,A,0,2,
OECD.SDD.STES:DSD_STES@DF_FINMARK(4.0),CAN,M,IRLT,PA,_Z,_Z,_Z,_Z,N,2024-01,3.346364,A,0,2,
OECD.SDD.STES:DSD_STES@DF_FINMARK(4.0),CAN,M,IRLT,PA,_Z,_Z,_Z,_Z,N,2024-02,3.504,A,0,2,
OECD.SDD.STES:DSD_STES@DF_FINMARK(4.0),CAN,M,IRLT,PA,_Z,_Z,_Z,_Z,N,2024-03,3.444,A,0,2,
OECD.SDD.STES:DSD_STES@DF_FINMARK(4.0),CAN,M,IRLT,PA,_Z,_Z,_Z,_Z,N,2024-04,3.695909,A,0,2,
OECD.SDD.STES:DSD_STES@DF_FINMARK(4.0),CAN,M,IRLT,PA,_Z,_Z,_Z,_Z,N,2024-05,3.641818,A,0,2,
OECD.SDD.STES:DSD_STES@DF_FINMARK(4.0),CAN,M,IRLT,PA,_Z,_Z,_Z,_Z,N,2024-06,3.3915,A,0,2,
OECD.SDD.STES:DSD_STES@DF_FINMARK(4.0),CAN,M,IRLT,PA,_Z,_Z,_Z,_Z,N,2024-07,3.407727,A,0,2,
OECD.SDD.STES:DSD_STES@DF_FINMARK(4.0),CAN,M,IRLT,PA,_Z,_Z,_Z,_Z,N,2024-08,3.0715,A,0,2,
OECD.SDD.STES:DSD_STES@DF_FINMARK(4.0),CAN,M,IRLT,PA,_Z,_Z,_Z,_Z,N,2024-09,2.944444,A,0,2,
OECD.SDD.STES:DSD_STES@DF_FINMARK(4.0),CAN,M,IRLT,PA,_Z,_Z,_Z,_Z,N,2024-10,3.186364,A,0,2,
OECD.SDD.STES:DSD_STES@DF_FINMARK(4.0),CAN,M,IRLT,PA,_Z,_Z,_Z,_Z,N,2024-11,3.2785,A,0,2,
OECD.SDD.STES:DSD_STES@DF_FINMARK(4.0),CAN,M,IRLT,PA,_Z,_Z,_Z,_Z,N,2024-12,3.1615,A,0,2,
OECD.SDD.STES:DSD_STES@DF_FINMARK(4.0),CAN,M,IRLT,PA,_Z,_Z,_Z,_Z,N,2025-01,3.288636,A,0,2,
OECD.SDD.STES:DSD_STES@DF_FINMARK(4.0),CAN,M,IRLT,PA,_Z,_Z,_Z,_Z,N,2025-02,3.056316,A,0,2,
OECD.SDD.STES:DSD_STES@DF_FINMARK(4.0),CAN,M,IRLT,PA,_Z,_Z,_Z,_Z,N,2025-03,3.010476,A,0,2,
OECD.SDD.STES:DSD_STES@DF_FINMARK(4.0),CAN,M,IRLT,PA,_Z,_Z,_Z,_Z,N,2025-04,3.108572,A,0,2,
OECD.SDD.STES:DSD_STES@DF_FINMARK(4.0),CAN,M,IRLT,PA,_Z,_Z,_Z,_Z,N,2025-05,3.221429,A,0,2,
OECD.SDD.STES:DSD_STES@DF_FINMARK(4.0),CAN,M,IRLT,PA,_Z,_Z,_Z,_Z,N,2025-06,3.314,A,0,2,
OECD.SDD.STES:DSD_STES@DF_FINMARK(4.0),CAN,M,IRLT,PA,_Z,_Z,_Z,_Z,N,2025-07,3.480454,A,0,2,
OECD.SDD.STES:DSD_STES@DF_FINMARK(4.0),CAN,M,IRLT,PA,_Z,_Z,_Z,_Z,N,2025-08,3.4225,A,0,2,
OECD.SDD.STES:DSD_STES@DF_FINMARK(4.0),CAN,M,IRLT,PA,_Z,_Z,_Z,_Z,N,2025-09,3.2245,A,0,2,
OECD.SDD.STES:DSD_STES@DF_FINMARK(4.0),CAN,M,IRLT,PA,_Z,_Z,_Z,_Z,N,2025-10,3.128182,A,0,2,
OECD.SDD.STES:DSD_STES@DF_FINMARK(4.0),CAN,M,IRLT,PA,_Z,_Z,_Z,_Z,N,2025-11,3.174211,A,0,2,
OECD.SDD.STES:DSD_STES@DF_FINMARK(4.0),CAN,M,IRLT,PA,_Z,_Z,_Z,_Z,N,2025-12,3.387619,A,0,2,
OECD.SDD.STES:DSD_STES@DF_FINMARK(4.0),CAN,M,IRLT,PA,_Z,_Z,_Z,_Z,N,2026-01,3.402381,A,0,2,
OECD.SDD.STES:DSD_STES@DF_FINMARK(4.0),CAN,M,IRLT,PA,_Z,_Z,_Z,_Z,N,2026-02,3.288421,A,0,2,
OECD.SDD.STES:DSD_STES@DF_FINMARK(4.0),CAN,M,IRLT,PA,_Z,_Z,_Z,_Z,N,2026-05,3.5415,A,0,2,
OECD.SDD.STES:DSD_STES@DF_FINMARK(4.0),DEU,M,IRLT,PA,_Z,_Z,_Z,_Z,N,2015-01,0.39,A,0,2,
OECD.SDD.STES:DSD_STES@DF_FINMARK(4.0),DEU,M,IRLT,PA,_Z,_Z,_Z,_Z,N,2015-02,0.302,A,0,2,
OECD.SDD.STES:DSD_STES@DF_FINMARK(4.0),DEU,M,IRLT,PA,_Z,_Z,_Z,_Z,N,2015-03,0.2272727,A,0,2,
OECD.SDD.STES:DSD_STES@DF_FINMARK(4.0),DEU,M,IRLT,PA,_Z,_Z,_Z,_Z,N,2015-04,0.122,A,0,2,
OECD.SDD.STES:DSD_STES@DF_FINMARK(4.0),DEU,M,IRLT,PA,_Z,_Z,_Z,_Z,N,2015-05,0.5557895,A,0,2,
OECD.SDD.STES:DSD_STES@DF_FINMARK(4.0),DEU,M,IRLT,PA,_Z,_Z,_Z,_Z,N,2015-06,0.7927273,A,0,2,
OECD.SDD.STES:DSD_STES@DF_FINMARK(4.0),DEU,M,IRLT,PA,_Z,_Z,_Z,_Z,N,2015-07,0.71,A,0,2,
OECD.SDD.STES:DSD_STES@DF_FINMARK(4.0),DEU,M,IRLT,PA,_Z,_Z,_Z,_Z,N,2015-08,0.6085714,A,0,2,
OECD.SDD.STES:DSD_STES@DF_FINMARK(4.0),DEU,M,IRLT,PA,_Z,_Z,_Z,_Z,N,2015-09,0.6540909,A,0,2,
OECD.SDD.STES:DSD_STES@DF_FINMARK(4.0),DEU,M,IRLT,PA,_Z,_Z,_Z,_Z,N,2015-10,0.5181818,A,0,2,
OECD.SDD.STES:DSD_STES@DF_FINMARK(4.0),DEU,M,IRLT,PA,_Z,_Z,_Z,_Z,N,2015-11,0.5161905,A,0,2,
OECD.SDD.STES:DSD_STES@DF_FINMARK(4.0),DEU,M,IRLT,PA,_Z,_Z,_Z,_Z,N,2015-12,0.5455,A,0,2,
OECD.SDD.STES:DSD_STES@DF_FINMARK(4.0),DEU,M,IRLT,PA,_Z,_Z,_Z,_Z,N,2016-01,0.4305,A,0,2,
OECD.SDD.STES:DSD_STES@DF_FINMARK(4.0),DEU,M,IRLT,PA,_Z,_Z,_Z,_Z,N,2016-03,0.1714286,A,0,2,
OECD.SDD.STES:DSD_STES@DF_FINMARK(4.0),DEU,M,IRLT,PA,_Z,_Z,_Z,_Z,N,2016-04,0.1342857,A,0,2,
OECD.SDD.STES:DSD_STES@DF_FINMARK(4.0),DEU,M,IRLT,PA,_Z,_Z,_Z,_Z,N,2016-05,0.1328571,A,0,2,
OECD.SDD.STES:DSD_STES@DF_FINMARK(4.0),DEU,M,IRLT,PA,_Z,_Z,_Z,_Z,N,2016-06,-0.01681818,A,0,2,
OECD.SDD.STES:DSD_STES@DF_FINMARK(4.0),DEU,M,IRLT,PA,_Z,_Z,_Z,_Z,N,2016-07,-0.1542857,A,0,2,
OECD.SDD.STES:DSD_STES@DF_FINMARK(4.0),DEU,M,IRLT,PA,_Z,_Z,_Z,_Z,N,2016-08,-0.1317391,A,0,2,
OECD.SDD.STES:DSD_STES@DF_FINMARK(4.0),DEU,M,IRLT,PA,_Z,_Z,_Z,_Z,N,2016-09,-0.08409091,A,0,2,
OECD.SDD.STES:DSD_STES@DF_FINMARK(4.0),DEU,M,IRLT,PA,_Z,_Z,_Z,_Z,N,2016-10,0.002,A,0,2,
OECD.SDD.STES:DSD_STES@DF_FINMARK(4.0),DEU,M,IRLT,PA,_Z,_Z,_Z,_Z,N,2016-11,0.1890909,A,0,2,
OECD.SDD.STES:DSD_STES@DF_FINMARK(4.0),DEU,M,IRLT,PA,_Z,_Z,_Z,_Z,N,2016-12,0.2519048,A,0,2,
OECD.SDD.STES:DSD_STES@DF_FINMARK(4.0),DEU,M,IRLT,PA,_Z,_Z,_Z,_Z,N,2017-01,0.2509091,A,0,2,
OECD.SDD.STES:DSD_STES@DF_FINMARK(4.0),DEU,M,IRLT,PA,_Z,_Z,_Z,_Z,N,2017-02,0.258,A,0,2,
OECD.SDD.STES:DSD_STES@DF_FINMARK(4.0),DEU,M,IRLT,PA,_Z,_Z,_Z,_Z,N,2017-03,0.3482609,A,0,2,
OECD.SDD.STES:DSD_STES@DF_FINMARK(4.0),DEU,M,IRLT,PA,_Z,_Z,_Z,_Z,N,2017-04,0.2255556,A,0,2,
OECD.SDD.STES:DSD_STES@DF_FINMARK(4.0),DEU,M,IRLT,PA,_Z,_Z,_Z,_Z,N,2017-05,0.3363636,A,0,2,
OECD.SDD.STES:DSD_STES@DF_FINMARK(4.0),DEU,M,IRLT,PA,_Z,_Z,_Z,_Z,N,2017-06,0.2504762,A,0,2,
OECD.SDD.STES:DSD_STES@DF_FINMARK(4.0),DEU,M,IRLT,PA,_Z,_Z,_Z,_Z,N,2017-07,0.4557143,A,0,2,
OECD.SDD.STES:DSD_STES@DF_FINMARK(4.0),DEU,M,IRLT,PA,_Z,_Z,_Z,_Z,N,2017-08,0.3460869,A,0,2,
OECD.SDD.STES:DSD_STES@DF_FINMARK(4.0),DEU,M,IRLT,PA,_Z,_Z,_Z,_Z,N,2017-09,0.3471428,A,0,2,
OECD.SDD.STES:DSD_STES@DF_FINMARK(4.0),DEU,M,IRLT,PA,_Z,_Z,_Z,_Z,N,2017-10,0.3725,A,0,2,
OECD.SDD.STES:DSD_STES@DF_FINMARK(4.0),DEU,M,IRLT,PA,_Z,_Z,_Z,_Z,N,2017-11,0.3081818,A,0,2,
OECD.SDD.STES:DSD_STES@DF_FINMARK(4.0),DEU,M,IRLT,PA,_Z,_Z,_Z,_Z,N,2017-12,0.2968421,A,0,2,
OECD.SDD.STES:DSD_STES@DF_FINMARK(4.0),DEU,M,IRLT,PA,_Z,_Z,_Z,_Z,N,2018-01,0.4745454,A,0,2,
OECD.SDD.STES:DSD_STES@DF_FINMARK(4.0),DEU,M,IRLT,PA,_Z,_Z,_Z,_Z,N,2018-02,0.659,A,0,2,
OECD.SDD.STES:DSD_STES@DF_FINMARK(4.0),DEU,M,IRLT,PA,_Z,_Z,_Z,_Z,N,2018-03,0.5295238,A,0,2,
OECD.SDD.STES:DSD_STES@DF_FINMARK(4.0),DEU,M,IRLT,PA,_Z,_Z,_Z,_Z,N,2018-04,0.48,A,0,2,
OECD.SDD.STES:DSD_STES@DF_FINMARK(4.0),DEU,M,IRLT,PA,_Z,_Z,_Z,_Z,N,2018-05,0.45,A,0,2,
OECD.SDD.STES:DSD_STES@DF_FINMARK(4.0),DEU,M,IRLT,PA,_Z,_Z,_Z,_Z,N,2018-06,0.3271429,A,0,2,
OECD.SDD.STES:DSD_STES@DF_FINMARK(4.0),DEU,M,IRLT,PA,_Z,_Z,_Z,_Z,N,2018-07,0.2745455,A,0,2,
OECD.SDD.STES:DSD_STES@DF_FINMARK(4.0),DEU,M,IRLT,PA,_Z,_Z,_Z,_Z,N,2018-08,0.2908696,A,0,2,
OECD.SDD.STES:DSD_STES@DF_FINMARK(4.0),DEU,M,IRLT,PA,_Z,_Z,_Z,_Z,N,2018-09,0.3705,A,0,2,
OECD.SDD.STES:DSD_STES@DF_FINMARK(4.0),DEU,M,IRLT,PA,_Z,_Z,_Z,_Z,N,2018-10,0.3990909,A,0,2,
OECD.SDD.STES:DSD_STES@DF_FINMARK(4.0),DEU,M,IRLT,PA,_Z,_Z,_Z,_Z,N,2018-11,0.3140909,A,0,2,
OECD.SDD.STES:DSD_STES@DF_FINMARK(4.0),DEU,M,IRLT,PA,_Z,_Z,_Z,_Z,N,2018-12,0.1870588,A,0,2,
OECD.SDD.STES:DSD_STES@DF_FINMARK(4.0),DEU,M,IRLT,PA,_Z,_Z,_Z,_Z,N,2019-01,0.1327273,A,0,2,
OECD.SDD.STES:DSD_STES@DF_FINMARK(4.0),DEU,M,IRLT,PA,_Z,_Z,_Z,_Z,N,2019-02,0.0555,A,0,2,
OECD.SDD.STES:DSD_STES@DF_FINMARK(4.0),DEU,M,IRLT,PA,_Z,_Z,_Z,_Z,N,2019-03,0.01095238,A,0,2,
OECD.SDD.STES:DSD_STES@DF_FINMARK(4.0),DEU,M,IRLT,PA,_Z,_Z,_Z,_Z,N,2019-04,-0.0395,A,0,2,
OECD.SDD.STES:DSD_STES@DF_FINMARK(4.0),DEU,M,IRLT,PA,_Z,_Z,_Z,_Z,N,2019-05,-0.1345455,A,0,2,
OECD.SDD.STES:DSD_STES@DF_FINMARK(4.0),DEU,M,IRLT,PA,_Z,_Z,_Z,_Z,N,2019-06,-0.3152632,A,0,2,
OECD.SDD.STES:DSD_STES@DF_FINMARK(4.0),DEU,M,IRLT,PA,_Z,_Z,_Z,_Z,N,2019-07,-0.3882609,A,0,2,
OECD.SDD.STES:DSD_STES@DF_FINMARK(4.0),DEU,M,IRLT,PA,_Z,_Z,_Z,_Z,N,2019-08,-0.6490909,A,0,2,
OECD.SDD.STES:DSD_STES@DF_FINMARK(4.0),DEU,M,IRLT,PA,_Z,_Z,_Z,_Z,N,2019-09,-0.5947619,A,0,2,
OECD.SDD.STES:DSD_STES@DF_FINMARK(4.0),DEU,M,IRLT,PA,_Z,_Z,_Z,_Z,N,2019-10,-0.4695455,A,0,2,
OECD.SDD.STES:DSD_STES@DF_FINMARK(4.0),DEU,M,IRLT,PA,_Z,_Z,_Z,_Z,N,2019-11,-0.352381,A,0,2,
OECD.SDD.STES:DSD_STES@DF_FINMARK(4.0),DEU,M,IRLT,PA,_Z,_Z,_Z,_Z,N,2019-12,-0.2994444,A,0,2,
OECD.SDD.STES:DSD_STES@DF_FINMARK(4.0),DEU,M,IRLT,PA,_Z,_Z,_Z,_Z,N,2020-01,-0.3136364,A,0,2,
OECD.SDD.STES:DSD_STES@DF_FINMARK(4.0),DEU,M,IRLT,PA,_Z,_Z,_Z,_Z,N,2020-02,-0.466,A,0,2,
OECD.SDD.STES:DSD_STES@DF_FINMARK(4.0),DEU,M,IRLT,PA,_Z,_Z,_Z,_Z,N,2020-03,-0.5413637,A,0,2,
OECD.SDD.STES:DSD_STES@DF_FINMARK(4.0),DEU,M,IRLT,PA,_Z,_Z,_Z,_Z,N,2020-04,-0.4495,A,0,2,
OECD.SDD.STES:DSD_STES@DF_FINMARK(4.0),DEU,M,IRLT,PA,_Z,_Z,_Z,_Z,N,2020-05,-0.5165,A,0,2,
OECD.SDD.STES:DSD_STES@DF_FINMARK(4.0),DEU,M,IRLT,PA,_Z,_Z,_Z,_Z,N,2020-06,-0.4342857,A,0,2,
OECD.SDD.STES:DSD_STES@DF_FINMARK(4.0),DEU,M,IRLT,PA,_Z,_Z,_Z,_Z,N,2020-07,-0.5230435,A,0,2,
OECD.SDD.STES:DSD_STES@DF_FINMARK(4.0),DEU,M,IRLT,PA,_Z,_Z,_Z,_Z,N,2020-08,-0.5233333,A,0,2,
OECD.SDD.STES:DSD_STES@DF_FINMARK(4.0),DEU,M,IRLT,PA,_Z,_Z,_Z,_Z,N,2020-09,-0.5240909,A,0,2,
OECD.SDD.STES:DSD_STES@DF_FINMARK(4.0),DEU,M,IRLT,PA,_Z,_Z,_Z,_Z,N,2020-10,-0.6072727,A,0,2,
OECD.SDD.STES:DSD_STES@DF_FINMARK(4.0),DEU,M,IRLT,PA,_Z,_Z,_Z,_Z,N,2020-11,-0.6147619,A,0,2,
OECD.SDD.STES:DSD_STES@DF_FINMARK(4.0),DEU,M,IRLT,PA,_Z,_Z,_Z,_Z,N,2020-12,-0.6185,A,0,2,
OECD.SDD.STES:DSD_STES@DF_FINMARK(4.0),DEU,M,IRLT,PA,_Z,_Z,_Z,_Z,N,2021-01,-0.5835,A,0,2,
OECD.SDD.STES:DSD_STES@DF_FINMARK(4.0),DEU,M,IRLT,PA,_Z,_Z,_Z,_Z,N,2021-02,-0.4455,A,0,2,
OECD.SDD.STES:DSD_STES@DF_FINMARK(4.0),DEU,M,IRLT,PA,_Z,_Z,_Z,_Z,N,2021-03,-0.3647826,A,0,2,
OECD.SDD.STES:DSD_STES@DF_FINMARK(4.0),DEU,M,IRLT,PA,_Z,_Z,_Z,_Z,N,2021-04,-0.325,A,0,2,
OECD.SDD.STES:DSD_STES@DF_FINMARK(4.0),DEU,M,IRLT,PA,_Z,_Z,_Z,_Z,N,2021-05,-0.2235,A,0,2,
OECD.SDD.STES:DSD_STES@DF_FINMARK(4.0),DEU,M,IRLT,PA,_Z,_Z,_Z,_Z,N,2021-06,-0.2886364,A,0,2,
OECD.SDD.STES:DSD_STES@DF_FINMARK(4.0),DEU,M,IRLT,PA,_Z,_Z,_Z,_Z,N,2021-07,-0.4513636,A,0,2,
OECD.SDD.STES:DSD_STES@DF_FINMARK(4.0),DEU,M,IRLT,PA,_Z,_Z,_Z,_Z,N,2021-08,-0.5386364,A,0,2,
OECD.SDD.STES:DSD_STES@DF_FINMARK(4.0),DEU,M,IRLT,PA,_Z,_Z,_Z,_Z,N,2021-09,-0.3627273,A,0,2,
OECD.SDD.STES:DSD_STES@DF_FINMARK(4.0),DEU,M,IRLT,PA,_Z,_Z,_Z,_Z,N,2021-10,-0.2042857,A,0,2,
OECD.SDD.STES:DSD_STES@DF_FINMARK(4.0),DEU,M,IRLT,PA,_Z,_Z,_Z,_Z,N,2021-11,-0.3136364,A,0,2,
OECD.SDD.STES:DSD_STES@DF_FINMARK(4.0),DEU,M,IRLT,PA,_Z,_Z,_Z,_Z,N,2021-12,-0.3842857,A,0,2,
OECD.SDD.STES:DSD_STES@DF_FINMARK(4.0),DEU,M,IRLT,PA,_Z,_Z,_Z,_Z,N,2022-01,-0.1147619,A,0,2,
OECD.SDD.STES:DSD_STES@DF_FINMARK(4.0),DEU,M,IRLT,PA,_Z,_Z,_Z,_Z,N,2022-02,0.15,A,0,2,
OECD.SDD.STES:DSD_STES@DF_FINMARK(4.0),DEU,M,IRLT,PA,_Z,_Z,_Z,_Z,N,2022-03,0.2817391,A,0,2,
OECD.SDD.STES:DSD_STES@DF_FINMARK(4.0),DEU,M,IRLT,PA,_Z,_Z,_Z,_Z,N,2022-04,0.7463158,A,0,2,
OECD.SDD.STES:DSD_STES@DF_FINMARK(4.0),DEU,M,IRLT,PA,_Z,_Z,_Z,_Z,N,2022-05,0.9527273,A,0,2,
OECD.SDD.STES:DSD_STES@DF_FINMARK(4.0),DEU,M,IRLT,PA,_Z,_Z,_Z,_Z,N,2022-06,1.445,A,0,2,
OECD.SDD.STES:DSD_STES@DF_FINMARK(4.0),DEU,M,IRLT,PA,_Z,_Z,_Z,_Z,N,2022-07,1.081905,A,0,2,
OECD.SDD.STES:DSD_STES@DF_FINMARK(4.0),DEU,M,IRLT,PA,_Z,_Z,_Z,_Z,N,2022-08,1.034348,A,0,2,
OECD.SDD.STES:DSD_STES@DF_FINMARK(4.0),DEU,M,IRLT,PA,_Z,_Z,_Z,_Z,N,2022-09,1.795455,A,0,2,
OECD.SDD.STES:DSD_STES@DF_FINMARK(4.0),DEU,M,IRLT,PA,_Z,_Z,_Z,_Z,N,2022-10,2.186667,A,0,2,
OECD.SDD.STES:DSD_STES@DF_FINMARK(4.0),DEU,M,IRLT,PA,_Z,_Z,_Z,_Z,N,2022-11,2.066364,A,0,2,
OECD.SDD.STES:DSD_STES@DF_FINMARK(4.0),DEU,M,IRLT,PA,_Z,_Z,_Z,_Z,N,2022-12,2.085238,A,0,2,
OECD.SDD.STES:DSD_STES@DF_FINMARK(4.0),DEU,M,IRLT,PA,_Z,_Z,_Z,_Z,N,2023-01,2.192727,A,0,2,
OECD.SDD.STES:DSD_STES@DF_FINMARK(4.0),DEU,M,IRLT,PA,_Z,_Z,_Z,_Z,N,2023-02,2.3705,A,0,2,
OECD.SDD.STES:DSD_STES@DF_FINMARK(4.0),DEU,M,IRLT,PA,_Z,_Z,_Z,_Z,N,2023-03,2.383478,A,0,2,
OECD.SDD.STES:DSD_STES@DF_FINMARK(4.0),DEU,M,IRLT,PA,_Z,_Z,_Z,_Z,N,2023-04,2.359444,A,0,2,
OECD.SDD.STES:DSD_STES@DF_FINMARK(4.0),DEU,M,IRLT,PA,_Z,_Z,_Z,_Z,N,2023-05,2.342273,A,0,2,
OECD.SDD.STES:DSD_STES@DF_FINMARK(4.0),DEU,M,IRLT,PA,_Z,_Z,_Z,_Z,N,2023-06,2.376364,A,0,2,
OECD.SDD.STES:DSD_STES@DF_FINMARK(4.0),DEU,M,IRLT,PA,_Z,_Z,_Z,_Z,N,2023-07,2.456667,A,0,2,
OECD.SDD.STES:DSD_STES@DF_FINMARK(4.0),DEU,M,IRLT,PA,_Z,_Z,_Z,_Z,N,2023-08,2.545652,A,0,2,
OECD.SDD.STES:DSD_STES@DF_FINMARK(4.0),DEU,M,IRLT,PA,_Z,_Z,_Z,_Z,N,2023-09,2.661429,A,0,2,
OECD.SDD.STES:DSD_STES@DF_FINMARK(4.0),DEU,M,IRLT,PA,_Z,_Z,_Z,_Z,N,2023-10,2.823182,A,0,2,
OECD.SDD.STES:DSD_STES@DF_FINMARK(4.0),DEU,M,IRLT,PA,_Z,_Z,_Z,_Z,N,2023-11,2.601364,A,0,2,
OECD.SDD.STES:DSD_STES@DF_FINMARK(4.0),DEU,M,IRLT,PA,_Z,_Z,_Z,_Z,N,2023-12,2.102105,A,0,2,
OECD.SDD.STES:DSD_STES@DF_FINMARK(4.0),DEU,M,IRLT,PA,_Z,_Z,_Z,_Z,N,2024-01,2.174546,A,0,2,
OECD.SDD.STES:DSD_STES@DF_FINMARK(4.0),DEU,M,IRLT,PA,_Z,_Z,_Z,_Z,N,2024-02,2.331905,A,0,2,
OECD.SDD.STES:DSD_STES@DF_FINMARK(4.0),DEU,M,IRLT,PA,_Z,_Z,_Z,_Z,N,2024-03,2.3495,A,0,2,
OECD.SDD.STES:DSD_STES@DF_FINMARK(4.0),DEU,M,IRLT,PA,_Z,_Z,_Z,_Z,N,2024-04,2.445714,A,0,2,
OECD.SDD.STES:DSD_STES@DF_FINMARK(4.0),DEU,M,IRLT,PA,_Z,_Z,_Z,_Z,N,2024-05,2.519546,A,0,2,
OECD.SDD.STES:DSD_STES@DF_FINMARK(4.0),DEU,M,IRLT,PA,_Z,_Z,_Z,_Z,N,2024-06,2.4845,A,0,2,
OECD.SDD.STES:DSD_STES@DF_FINMARK(4.0),DEU,M,IRLT,PA,_Z,_Z,_Z,_Z,N,2024-07,2.458261,A,0,2,
OECD.SDD.STES:DSD_STES@DF_FINMARK(4.0),DEU,M,IRLT,PA,_Z,_Z,_Z,_Z,N,2024-08,2.207727,A,0,2,
OECD.SDD.STES:DSD_STES@DF_FINMARK(4.0),DEU,M,IRLT,PA,_Z,_Z,_Z,_Z,N,2024-09,2.167143,A,0,2,
OECD.SDD.STES:DSD_STES@DF_FINMARK(4.0),DEU,M,IRLT,PA,_Z,_Z,_Z,_Z,N,2024-10,2.229565,A,0,2,
OECD.SDD.STES:DSD_STES@DF_FINMARK(4.0),DEU,M,IRLT,PA,_Z,_Z,_Z,_Z,N,2024-11,2.305714,A,0,2,
OECD.SDD.STES:DSD_STES@DF_FINMARK(4.0),DEU,M,IRLT,PA,_Z,_Z,_Z,_Z,N,2024-12,2.178889,A,0,2,
OECD.SDD.STES:DSD_STES@DF_FINMARK(4.0),DEU,M,IRLT,PA,_Z,_Z,_Z,_Z,N,2025-01,2.483636,A,0,2,
OECD.SDD.STES:DSD_STES@DF_FINMARK(4.0),DEU,M,IRLT,PA,_Z,_Z,_Z,_Z,N,2025-02,2.4055,A,0,2,
OECD.SDD.STES:DSD_STES@DF_FINMARK(4.0),DEU,M,IRLT,PA,_Z,_Z,_Z,_Z,N,2025-03,2.741429,A,0,2,
OECD.SDD.STES:DSD_STES@DF_FINMARK(4.0),DEU,M,IRLT,PA,_Z,_Z,_Z,_Z,N,2025-04,2.5105,A,0,2,
OECD.SDD.STES:DSD_STES@DF_FINMARK(4.0),DEU,M,IRLT,PA,_Z,_Z,_Z,_Z,N,2025-05,2.562857,A,0,2,
OECD.SDD.STES:DSD_STES@DF_FINMARK(4.0),DEU,M,IRLT,PA,_Z,_Z,_Z,_Z,N,2025-06,2.519048,A,0,2,
OECD.SDD.STES:DSD_STES@DF_FINMARK(4.0),DEU,M,IRLT,PA,_Z,_Z,_Z,_Z,N,2025-07,2.631304,A,0,2,
OECD.SDD.STES:DSD_STES@DF_FINMARK(4.0),DEU,M,IRLT,PA,_Z,_Z,_Z,_Z,N,2025-08,2.673333,A,0,2,
OECD.SDD.STES:DSD_STES@DF_FINMARK(4.0),DEU,M,IRLT,PA,_Z,_Z,_Z,_Z,N,2025-09,2.693182,A,0,2,
OECD.SDD.STES:DSD_STES@DF_FINMARK(4.0),DEU,M,IRLT,PA,_Z,_Z,_Z,_Z,N,2025-10,2.617826,A,0,2,
OECD.SDD.STES:DSD_STES@DF_FINMARK(4.0),DEU,M,IRLT,PA,_Z,_Z,_Z,_Z,N,2025-11,2.6575,A,0,2,
OECD.SDD.STES:DSD_STES@DF_FINMARK(4.0),DEU,M,IRLT,PA,_Z,_Z,_Z,_Z,N,2025-12,2.81421,A,0,2,
OECD.SDD.STES:DSD_STES@DF_FINMARK(4.0),DEU,M,IRLT,PA,_Z,_Z,_Z,_Z,N,2026-01,2.806667,A,0,2,
OECD.SDD.STES:DSD_STES@DF_FINMARK(4.0),DEU,M,IRLT,PA,_Z,_Z,_Z,_Z,N,2026-02,2.745,A,0,2,
OECD.SDD.STES:DSD_STES@DF_FINMARK(4.0),DEU,M,IRLT,PA,_Z,_Z,_Z,_Z,N,2026-03,2.91,A,0,2,
OECD.SDD.STES:DSD_STES@DF_FINMARK(4.0),DEU,M,IRLT,PA,_Z,_Z,_Z,_Z,N,2026-04,3.001,A,0,2,
OECD.SDD.STES:DSD_STES@DF_FINMARK(4.0),DEU,M,IRLT,PA,_Z,_Z,_Z,_Z,N,2026-05,3.0465,A,0,2,
OECD.SDD.STES:DSD_STES@DF_FINMARK(4.0),ZAF,M,IRLT,PA,_Z,_Z,_Z,_Z,N,2015-01,7.464762,A,0,2,
OECD.SDD.STES:DSD_STES@DF_FINMARK(4.0),ZAF,M,IRLT,PA,_Z,_Z,_Z,_Z,N,2015-02,7.49,A,0,2,
OECD.SDD.STES:DSD_STES@DF_FINMARK(4.0),ZAF,M,IRLT,PA,_Z,_Z,_Z,_Z,N,2015-03,7.808182,A,0,2,
OECD.SDD.STES:DSD_STES@DF_FINMARK(4.0),ZAF,M,IRLT,PA,_Z,_Z,_Z,_Z,N,2015-04,7.823158,A,0,2,
OECD.SDD.STES:DSD_STES@DF_FINMARK(4.0),ZAF,M,IRLT,PA,_Z,_Z,_Z,_Z,N,2015-05,8.0725,A,0,2,
OECD.SDD.STES:DSD_STES@DF_FINMARK(4.0),ZAF,M,IRLT,PA,_Z,_Z,_Z,_Z,N,2015-06,8.326667,A,0,2,
OECD.SDD.STES:DSD_STES@DF_FINMARK(4.0),ZAF,M,IRLT,PA,_Z,_Z,_Z,_Z,N,2015-07,8.182174,A,0,2,
OECD.SDD.STES:DSD_STES@DF_FINMARK(4.0),ZAF,M,IRLT,PA,_Z,_Z,_Z,_Z,N,2015-08,8.2635,A,0,2,
OECD.SDD.STES:DSD_STES@DF_FINMARK(4.0),ZAF,M,IRLT,PA,_Z,_Z,_Z,_Z,N,2015-09,8.460476,A,0,2,
OECD.SDD.STES:DSD_STES@DF_FINMARK(4.0),ZAF,M,IRLT,PA,_Z,_Z,_Z,_Z,N,2015-10,8.273637,A,0,2,
OECD.SDD.STES:DSD_STES@DF_FINMARK(4.0),ZAF,M,IRLT,PA,_Z,_Z,_Z,_Z,N,2015-11,8.490952,A,0,2,
OECD.SDD.STES:DSD_STES@DF_FINMARK(4.0),ZAF,M,IRLT,PA,_Z,_Z,_Z,_Z,N,2015-12,9.25381,A,0,2,
OECD.SDD.STES:DSD_STES@DF_FINMARK(4.0),ZAF,M,IRLT,PA,_Z,_Z,_Z,_Z,N,2016-01,9.6315,A,0,2,
OECD.SDD.STES:DSD_STES@DF_FINMARK(4.0),ZAF,M,IRLT,PA,_Z,_Z,_Z,_Z,N,2016-02,9.221905,A,0,2,
OECD.SDD.STES:DSD_STES@DF_FINMARK(4.0),ZAF,M,IRLT,PA,_Z,_Z,_Z,_Z,N,2016-03,9.266,A,0,2,
OECD.SDD.STES:DSD_STES@DF_FINMARK(4.0),ZAF,M,IRLT,PA,_Z,_Z,_Z,_Z,N,2016-04,9.067,A,0,2,
OECD.SDD.STES:DSD_STES@DF_FINMARK(4.0),ZAF,M,IRLT,PA,_Z,_Z,_Z,_Z,N,2016-05,9.289047,A,0,2,
OECD.SDD.STES:DSD_STES@DF_FINMARK(4.0),ZAF,M,IRLT,PA,_Z,_Z,_Z,_Z,N,2016-06,9.062857,A,0,2,
OECD.SDD.STES:DSD_STES@DF_FINMARK(4.0),ZAF,M,IRLT,PA,_Z,_Z,_Z,_Z,N,2016-07,8.729048,A,0,2,
OECD.SDD.STES:DSD_STES@DF_FINMARK(4.0),ZAF,M,IRLT,PA,_Z,_Z,_Z,_Z,N,2016-08,8.633333,A,0,2,
OECD.SDD.STES:DSD_STES@DF_FINMARK(4.0),ZAF,M,IRLT,PA,_Z,_Z,_Z,_Z,N,2016-09,8.675,A,0,2,
OECD.SDD.STES:DSD_STES@DF_FINMARK(4.0),ZAF,M,IRLT,PA,_Z,_Z,_Z,_Z,N,2016-10,8.768095,A,0,2,
OECD.SDD.STES:DSD_STES@DF_FINMARK(4.0),ZAF,M,IRLT,PA,_Z,_Z,_Z,_Z,N,2016-11,8.904091,A,0,2,
OECD.SDD.STES:DSD_STES@DF_FINMARK(4.0),ZAF,M,IRLT,PA,_Z,_Z,_Z,_Z,N,2016-12,8.95421,A,0,2,
OECD.SDD.STES:DSD_STES@DF_FINMARK(4.0),ZAF,M,IRLT,PA,_Z,_Z,_Z,_Z,N,2017-01,8.765238,A,0,2,
OECD.SDD.STES:DSD_STES@DF_FINMARK(4.0),ZAF,M,IRLT,PA,_Z,_Z,_Z,_Z,N,2017-02,8.7525,A,0,2,
OECD.SDD.STES:DSD_STES@DF_FINMARK(4.0),ZAF,M,IRLT,PA,_Z,_Z,_Z,_Z,N,2017-03,8.615909,A,0,2,
OECD.SDD.STES:DSD_STES@DF_FINMARK(4.0),ZAF,M,IRLT,PA,_Z,_Z,_Z,_Z,N,2017-04,8.831177,A,0,2,
OECD.SDD.STES:DSD_STES@DF_FINMARK(4.0),ZAF,M,IRLT,PA,_Z,_Z,_Z,_Z,N,2017-05,8.650909,A,0,2,
OECD.SDD.STES:DSD_STES@DF_FINMARK(4.0),ZAF,M,IRLT,PA,_Z,_Z,_Z,_Z,N,2017-06,9.020952,A,0,2,
OECD.SDD.STES:DSD_STES@DF_FINMARK(4.0),ZAF,M,IRLT,PA,_Z,_Z,_Z,_Z,N,2017-07,9.240952,A,0,2,
OECD.SDD.STES:DSD_STES@DF_FINMARK(4.0),ZAF,M,IRLT,PA,_Z,_Z,_Z,_Z,N,2017-08,9.117272,A,0,2,
OECD.SDD.STES:DSD_STES@DF_FINMARK(4.0),ZAF,M,IRLT,PA,_Z,_Z,_Z,_Z,N,2017-09,9.025,A,0,2,
OECD.SDD.STES:DSD_STES@DF_FINMARK(4.0),ZAF,M,IRLT,PA,_Z,_Z,_Z,_Z,N,2017-10,9.357727,A,0,2,
OECD.SDD.STES:DSD_STES@DF_FINMARK(4.0),ZAF,M,IRLT,PA,_Z,_Z,_Z,_Z,N,2017-11,9.770909,A,0,2,
OECD.SDD.STES:DSD_STES@DF_FINMARK(4.0),ZAF,M,IRLT,PA,_Z,_Z,_Z,_Z,N,2017-12,9.499474,A,0,2,
OECD.SDD.STES:DSD_STES@DF_FINMARK(4.0),ZAF,M,IRLT,PA,_Z,_Z,_Z,_Z,N,2018-01,9.076,A,0,2,
OECD.SDD.STES:DSD_STES@DF_FINMARK(4.0),ZAF,M,IRLT,PA,_Z,_Z,_Z,_Z,N,2018-02,8.746,A,0,2,
OECD.SDD.STES:DSD_STES@DF_FINMARK(4.0),ZAF,M,IRLT,PA,_Z,_Z,_Z,_Z,N,2018-03,8.497,A,0,2,
OECD.SDD.STES:DSD_STES@DF_FINMARK(4.0),ZAF,M,IRLT,PA,_Z,_Z,_Z,_Z,N,2018-04,8.48,A,0,2,
OECD.SDD.STES:DSD_STES@DF_FINMARK(4.0),ZAF,M,IRLT,PA,_Z,_Z,_Z,_Z,N,2018-05,8.826818,A,0,2,
OECD.SDD.STES:DSD_STES@DF_FINMARK(4.0),ZAF,M,IRLT,PA,_Z,_Z,_Z,_Z,N,2018-06,9.297143,A,0,2,
OECD.SDD.STES:DSD_STES@DF_FINMARK(4.0),ZAF,M,IRLT,PA,_Z,_Z,_Z,_Z,N,2018-07,9.091818,A,0,2,
OECD.SDD.STES:DSD_STES@DF_FINMARK(4.0),ZAF,M,IRLT,PA,_Z,_Z,_Z,_Z,N,2018-08,9.28091,A,0,2,
OECD.SDD.STES:DSD_STES@DF_FINMARK(4.0),ZAF,M,IRLT,PA,_Z,_Z,_Z,_Z,N,2018-09,9.526316,A,0,2,
OECD.SDD.STES:DSD_STES@DF_FINMARK(4.0),ZAF,M,IRLT,PA,_Z,_Z,_Z,_Z,N,2018-10,9.623913,A,0,2,
OECD.SDD.STES:DSD_STES@DF_FINMARK(4.0),ZAF,M,IRLT,PA,_Z,_Z,_Z,_Z,N,2018-11,9.55,A,0,2,
OECD.SDD.STES:DSD_STES@DF_FINMARK(4.0),ZAF,M,IRLT,PA,_Z,_Z,_Z,_Z,N,2018-12,9.535,A,0,2,
OECD.SDD.STES:DSD_STES@DF_FINMARK(4.0),ZAF,M,IRLT,PA,_Z,_Z,_Z,_Z,N,2019-01,9.296364,A,0,2,
OECD.SDD.STES:DSD_STES@DF_FINMARK(4.0),ZAF,M,IRLT,PA,_Z,_Z,_Z,_Z,N,2019-02,9.261,A,0,2,
OECD.SDD.STES:DSD_STES@DF_FINMARK(4.0),ZAF,M,IRLT,PA,_Z,_Z,_Z,_Z,N,2019-03,9.2375,A,0,2,
OECD.SDD.STES:DSD_STES@DF_FINMARK(4.0),ZAF,M,IRLT,PA,_Z,_Z,_Z,_Z,N,2019-04,9.063,A,0,2,
OECD.SDD.STES:DSD_STES@DF_FINMARK(4.0),ZAF,M,IRLT,PA,_Z,_Z,_Z,_Z,N,2019-05,9.102381,A,0,2,
OECD.SDD.STES:DSD_STES@DF_FINMARK(4.0),ZAF,M,IRLT,PA,_Z,_Z,_Z,_Z,N,2019-06,9.026316,A,0,2,
OECD.SDD.STES:DSD_STES@DF_FINMARK(4.0),ZAF,M,IRLT,PA,_Z,_Z,_Z,_Z,N,2019-07,8.780313,A,0,2,
OECD.SDD.STES:DSD_STES@DF_FINMARK(4.0),ZAF,M,IRLT,PA,_Z,_Z,_Z,_Z,N,2019-08,9.030952,A,0,2,
OECD.SDD.STES:DSD_STES@DF_FINMARK(4.0),ZAF,M,IRLT,PA,_Z,_Z,_Z,_Z,N,2019-09,8.8935,A,0,2,
OECD.SDD.STES:DSD_STES@DF_FINMARK(4.0),ZAF,M,IRLT,PA,_Z,_Z,_Z,_Z,N,2019-10,8.927391,A,0,2,
OECD.SDD.STES:DSD_STES@DF_FINMARK(4.0),ZAF,M,IRLT,PA,_Z,_Z,_Z,_Z,N,2019-11,9.134286,A,0,2,
OECD.SDD.STES:DSD_STES@DF_FINMARK(4.0),ZAF,M,IRLT,PA,_Z,_Z,_Z,_Z,N,2019-12,9.117895,A,0,2,
OECD.SDD.STES:DSD_STES@DF_FINMARK(4.0),ZAF,M,IRLT,PA,_Z,_Z,_Z,_Z,N,2020-01,9.016818,A,0,2,
OECD.SDD.STES:DSD_STES@DF_FINMARK(4.0),ZAF,M,IRLT,PA,_Z,_Z,_Z,_Z,N,2020-02,8.935,A,0,2,
OECD.SDD.STES:DSD_STES@DF_FINMARK(4.0),ZAF,M,IRLT,PA,_Z,_Z,_Z,_Z,N,2020-03,10.85201,A,0,2,
OECD.SDD.STES:DSD_STES@DF_FINMARK(4.0),ZAF,M,IRLT,PA,_Z,_Z,_Z,_Z,N,2020-04,11.23263,A,0,2,
OECD.SDD.STES:DSD_STES@DF_FINMARK(4.0),ZAF,M,IRLT,PA,_Z,_Z,_Z,_Z,N,2020-05,10.074,A,0,2,
OECD.SDD.STES:DSD_STES@DF_FINMARK(4.0),ZAF,M,IRLT,PA,_Z,_Z,_Z,_Z,N,2020-06,9.958096,A,0,2,
OECD.SDD.STES:DSD_STES@DF_FINMARK(4.0),ZAF,M,IRLT,PA,_Z,_Z,_Z,_Z,N,2020-07,10.26522,A,0,2,
OECD.SDD.STES:DSD_STES@DF_FINMARK(4.0),ZAF,M,IRLT,PA,_Z,_Z,_Z,_Z,N,2020-08,10.1865,A,0,2,
OECD.SDD.STES:DSD_STES@DF_FINMARK(4.0),ZAF,M,IRLT,PA,_Z,_Z,_Z,_Z,N,2020-09,10.21571,A,0,2,
OECD.SDD.STES:DSD_STES@DF_FINMARK(4.0),ZAF,M,IRLT,PA,_Z,_Z,_Z,_Z,N,2020-10,10.38864,A,0,2,
OECD.SDD.STES:DSD_STES@DF_FINMARK(4.0),ZAF,M,IRLT,PA,_Z,_Z,_Z,_Z,N,2020-11,9.965239,A,0,2,
OECD.SDD.STES:DSD_STES@DF_FINMARK(4.0),ZAF,M,IRLT,PA,_Z,_Z,_Z,_Z,N,2020-12,9.789047,A,0,2,
OECD.SDD.STES:DSD_STES@DF_FINMARK(4.0),ZAF,M,IRLT,PA,_Z,_Z,_Z,_Z,N,2021-01,9.7115,A,0,2,
OECD.SDD.STES:DSD_STES@DF_FINMARK(4.0),ZAF,M,IRLT,PA,_Z,_Z,_Z,_Z,N,2021-02,9.5045,A,0,2,
OECD.SDD.STES:DSD_STES@DF_FINMARK(4.0),ZAF,M,IRLT,PA,_Z,_Z,_Z,_Z,N,2021-03,10.08773,A,0,2,
OECD.SDD.STES:DSD_STES@DF_FINMARK(4.0),ZAF,M,IRLT,PA,_Z,_Z,_Z,_Z,N,2021-04,10.02895,A,0,2,
OECD.SDD.STES:DSD_STES@DF_FINMARK(4.0),ZAF,M,IRLT,PA,_Z,_Z,_Z,_Z,N,2021-05,9.816667,A,0,2,
OECD.SDD.STES:DSD_STES@DF_FINMARK(4.0),ZAF,M,IRLT,PA,_Z,_Z,_Z,_Z,N,2021-06,9.526667,A,0,2,
OECD.SDD.STES:DSD_STES@DF_FINMARK(4.0),ZAF,M,IRLT,PA,_Z,_Z,_Z,_Z,N,2021-07,9.623636,A,0,2,
OECD.SDD.STES:DSD_STES@DF_FINMARK(4.0),ZAF,M,IRLT,PA,_Z,_Z,_Z,_Z,N,2021-08,9.567619,A,0,2,
OECD.SDD.STES:DSD_STES@DF_FINMARK(4.0),ZAF,M,IRLT,PA,_Z,_Z,_Z,_Z,N,2021-09,9.624286,A,0,2,
OECD.SDD.STES:DSD_STES@DF_FINMARK(4.0),ZAF,M,IRLT,PA,_Z,_Z,_Z,_Z,N,2021-10,10.06476,A,0,2,
OECD.SDD.STES:DSD_STES@DF_FINMARK(4.0),ZAF,M,IRLT,PA,_Z,_Z,_Z,_Z,N,2021-11,10.02,A,0,2,
OECD.SDD.STES:DSD_STES@DF_FINMARK(4.0),ZAF,M,IRLT,PA,_Z,_Z,_Z,_Z,N,2021-12,9.900476,A,0,2,
OECD.SDD.STES:DSD_STES@DF_FINMARK(4.0),ZAF,M,IRLT,PA,_Z,_Z,_Z,_Z,N,2022-01,9.83,A,0,2,
OECD.SDD.STES:DSD_STES@DF_FINMARK(4.0),ZAF,M,IRLT,PA,_Z,_Z,_Z,_Z,N,2022-02,9.6515,A,0,2,
OECD.SDD.STES:DSD_STES@DF_FINMARK(4.0),ZAF,M,IRLT,PA,_Z,_Z,_Z,_Z,N,2022-03,10.09636,A,0,2,
OECD.SDD.STES:DSD_STES@DF_FINMARK(4.0),ZAF,M,IRLT,PA,_Z,_Z,_Z,_Z,N,2022-04,10.11167,A,0,2,
OECD.SDD.STES:DSD_STES@DF_FINMARK(4.0),ZAF,M,IRLT,PA,_Z,_Z,_Z,_Z,N,2022-05,10.32286,A,0,2,
OECD.SDD.STES:DSD_STES@DF_FINMARK(4.0),ZAF,M,IRLT,PA,_Z,_Z,_Z,_Z,N,2022-06,10.93524,A,0,2,
OECD.SDD.STES:DSD_STES@DF_FINMARK(4.0),ZAF,M,IRLT,PA,_Z,_Z,_Z,_Z,N,2022-07,11.42333,A,0,2,
OECD.SDD.STES:DSD_STES@DF_FINMARK(4.0),ZAF,M,IRLT,PA,_Z,_Z,_Z,_Z,N,2022-08,10.92409,A,0,2,
OECD.SDD.STES:DSD_STES@DF_FINMARK(4.0),ZAF,M,IRLT,PA,_Z,_Z,_Z,_Z,N,2022-09,11.24909,A,0,2,
OECD.SDD.STES:DSD_STES@DF_FINMARK(4.0),ZAF,M,IRLT,PA,_Z,_Z,_Z,_Z,N,2022-10,11.63048,A,0,2,
OECD.SDD.STES:DSD_STES@DF_FINMARK(4.0),ZAF,M,IRLT,PA,_Z,_Z,_Z,_Z,N,2022-11,11.27955,A,0,2,
OECD.SDD.STES:DSD_STES@DF_FINMARK(4.0),ZAF,M,IRLT,PA,_Z,_Z,_Z,_Z,N,2022-12,11.38368,A,0,2,
OECD.SDD.STES:DSD_STES@DF_FINMARK(4.0),ZAF,M,IRLT,PA,_Z,_Z,_Z,_Z,N,2023-01,10.97286,A,0,2,
OECD.SDD.STES:DSD_STES@DF_FINMARK(4.0),ZAF,M,IRLT,PA,_Z,_Z,_Z,_Z,N,2023-02,11.046,A,0,2,
OECD.SDD.STES:DSD_STES@DF_FINMARK(4.0),ZAF,M,IRLT,PA,_Z,_Z,_Z,_Z,N,2023-03,11.19409,A,0,2,
OECD.SDD.STES:DSD_STES@DF_FINMARK(4.0),ZAF,M,IRLT,PA,_Z,_Z,_Z,_Z,N,2023-04,11.25882,A,0,2,
OECD.SDD.STES:DSD_STES@DF_FINMARK(4.0),ZAF,M,IRLT,PA,_Z,_Z,_Z,_Z,N,2023-05,11.94091,A,0,2,
OECD.SDD.STES:DSD_STES@DF_FINMARK(4.0),ZAF,M,IRLT,PA,_Z,_Z,_Z,_Z,N,2023-06,11.93952,A,0,2,
OECD.SDD.STES:DSD_STES@DF_FINMARK(4.0),ZAF,M,IRLT,PA,_Z,_Z,_Z,_Z,N,2023-07,11.72429,A,0,2,
OECD.SDD.STES:DSD_STES@DF_FINMARK(4.0),ZAF,M,IRLT,PA,_Z,_Z,_Z,_Z,N,2023-08,11.71591,A,0,2,
OECD.SDD.STES:DSD_STES@DF_FINMARK(4.0),ZAF,M,IRLT,PA,_Z,_Z,_Z,_Z,N,2023-09,12.0645,A,0,2,
OECD.SDD.STES:DSD_STES@DF_FINMARK(4.0),ZAF,M,IRLT,PA,_Z,_Z,_Z,_Z,N,2023-10,12.35909,A,0,2,
OECD.SDD.STES:DSD_STES@DF_FINMARK(4.0),ZAF,M,IRLT,PA,_Z,_Z,_Z,_Z,N,2023-11,11.78545,A,0,2,
OECD.SDD.STES:DSD_STES@DF_FINMARK(4.0),ZAF,M,IRLT,PA,_Z,_Z,_Z,_Z,N,2023-12,11.48556,A,0,2,
OECD.SDD.STES:DSD_STES@DF_FINMARK(4.0),ZAF,M,IRLT,PA,_Z,_Z,_Z,_Z,N,2024-01,11.42045,A,0,2,
OECD.SDD.STES:DSD_STES@DF_FINMARK(4.0),ZAF,M,IRLT,PA,_Z,_Z,_Z,_Z,N,2024-02,11.60952,A,0,2,
OECD.SDD.STES:DSD_STES@DF_FINMARK(4.0),ZAF,M,IRLT,PA,_Z,_Z,_Z,_Z,N,2024-03,11.90263,A,0,2,
OECD.SDD.STES:DSD_STES@DF_FINMARK(4.0),ZAF,M,IRLT,PA,_Z,_Z,_Z,_Z,N,2024-04,12.27476,A,0,2,
OECD.SDD.STES:DSD_STES@DF_FINMARK(4.0),ZAF,M,IRLT,PA,_Z,_Z,_Z,_Z,N,2024-05,12.0419,A,0,2,
OECD.SDD.STES:DSD_STES@DF_FINMARK(4.0),ZAF,M,IRLT,PA,_Z,_Z,_Z,_Z,N,2024-06,11.67895,A,0,2,
OECD.SDD.STES:DSD_STES@DF_FINMARK(4.0),ZAF,M,IRLT,PA,_Z,_Z,_Z,_Z,N,2024-07,11.02174,A,0,2,
OECD.SDD.STES:DSD_STES@DF_FINMARK(4.0),ZAF,M,IRLT,PA,_Z,_Z,_Z,_Z,N,2024-08,10.7,A,0,2,
OECD.SDD.STES:DSD_STES@DF_FINMARK(4.0),ZAF,M,IRLT,PA,_Z,_Z,_Z,_Z,N,2024-09,10.301,A,0,2,
OECD.SDD.STES:DSD_STES@DF_FINMARK(4.0),ZAF,M,IRLT,PA,_Z,_Z,_Z,_Z,N,2024-10,10.46435,A,0,2,
OECD.SDD.STES:DSD_STES@DF_FINMARK(4.0),ZAF,M,IRLT,PA,_Z,_Z,_Z,_Z,N,2024-11,10.3681,A,0,2,
OECD.SDD.STES:DSD_STES@DF_FINMARK(4.0),ZAF,M,IRLT,PA,_Z,_Z,_Z,_Z,N,2024-12,10.25211,A,0,2,
OECD.SDD.STES:DSD_STES@DF_FINMARK(4.0),ZAF,M,IRLT,PA,_Z,_Z,_Z,_Z,N,2025-01,10.41955,A,0,2,
OECD.SDD.STES:DSD_STES@DF_FINMARK(4.0),ZAF,M,IRLT,PA,_Z,_Z,_Z,_Z,N,2025-02,10.497,A,0,2,
OECD.SDD.STES:DSD_STES@DF_FINMARK(4.0),ZAF,M,IRLT,PA,_Z,_Z,_Z,_Z,N,2025-03,10.998,A,0,2,
OECD.SDD.STES:DSD_STES@DF_FINMARK(4.0),ZAF,M,IRLT,PA,_Z,_Z,_Z,_Z,N,2025-04,11.38474,A,0,2,
OECD.SDD.STES:DSD_STES@DF_FINMARK(4.0),ZAF,M,IRLT,PA,_Z,_Z,_Z,_Z,N,2025-05,11.06524,A,0,2,
OECD.SDD.STES:DSD_STES@DF_FINMARK(4.0),ZAF,M,IRLT,PA,_Z,_Z,_Z,_Z,N,2025-06,10.5795,A,0,2,
OECD.SDD.STES:DSD_STES@DF_FINMARK(4.0),ZAF,M,IRLT,PA,_Z,_Z,_Z,_Z,N,2025-07,10.39609,A,0,2,
OECD.SDD.STES:DSD_STES@DF_FINMARK(4.0),ZAF,M,IRLT,PA,_Z,_Z,_Z,_Z,N,2025-08,10.14524,A,0,2,
OECD.SDD.STES:DSD_STES@DF_FINMARK(4.0),ZAF,M,IRLT,PA,_Z,_Z,_Z,_Z,N,2025-09,9.871904,A,0,2,
OECD.SDD.STES:DSD_STES@DF_FINMARK(4.0),ZAF,M,IRLT,PA,_Z,_Z,_Z,_Z,N,2025-10,9.534348,A,0,2,
OECD.SDD.STES:DSD_STES@DF_FINMARK(4.0),ZAF,M,IRLT,PA,_Z,_Z,_Z,_Z,N,2025-11,9.1245,A,0,2,
OECD.SDD.STES:DSD_STES@DF_FINMARK(4.0),ZAF,M,IRLT,PA,_Z,_Z,_Z,_Z,N,2025-12,8.794,A,0,2,
OECD.SDD.STES:DSD_STES@DF_FINMARK(4.0),ZAF,M,IRLT,PA,_Z,_Z,_Z,_Z,N,2026-01,8.618095,A,0,2,
OECD.SDD.STES:DSD_STES@DF_FINMARK(4.0),ZAF,M,IRLT,PA,_Z,_Z,_Z,_Z,N,2026-02,8.257,A,0,2,
OECD.SDD.STES:DSD_STES@DF_FINMARK(4.0),ZAF,M,IRLT,PA,_Z,_Z,_Z,_Z,N,2026-03,9.05409,A,0,2,
OECD.SDD.STES:DSD_STES@DF_FINMARK(4.0),ZAF,M,IRLT,PA,_Z,_Z,_Z,_Z,N,2026-04,8.918421,A,0,2,
OECD.SDD.STES:DSD_STES@DF_FINMARK(4.0),ZAF,M,IRLT,PA,_Z,_Z,_Z,_Z,N,2026-05,8.995,A,0,2,
OECD.SDD.STES:DSD_STES@DF_FINMARK(4.0),NLD,M,IRLT,PA,_Z,_Z,_Z,_Z,N,2015-01,0.52,A,0,2,
OECD.SDD.STES:DSD_STES@DF_FINMARK(4.0),NLD,M,IRLT,PA,_Z,_Z,_Z,_Z,N,2015-02,0.416,A,0,2,
OECD.SDD.STES:DSD_STES@DF_FINMARK(4.0),NLD,M,IRLT,PA,_Z,_Z,_Z,_Z,N,2015-03,0.326,A,0,2,
OECD.SDD.STES:DSD_STES@DF_FINMARK(4.0),NLD,M,IRLT,PA,_Z,_Z,_Z,_Z,N,2015-04,0.314,A,0,2,
OECD.SDD.STES:DSD_STES@DF_FINMARK(4.0),NLD,M,IRLT,PA,_Z,_Z,_Z,_Z,N,2015-05,0.754,A,0,2,
OECD.SDD.STES:DSD_STES@DF_FINMARK(4.0),NLD,M,IRLT,PA,_Z,_Z,_Z,_Z,N,2015-06,1.054,A,0,2,
OECD.SDD.STES:DSD_STES@DF_FINMARK(4.0),NLD,M,IRLT,PA,_Z,_Z,_Z,_Z,N,2015-07,0.986,A,0,2,
OECD.SDD.STES:DSD_STES@DF_FINMARK(4.0),NLD,M,IRLT,PA,_Z,_Z,_Z,_Z,N,2015-08,0.853,A,0,2,
OECD.SDD.STES:DSD_STES@DF_FINMARK(4.0),NLD,M,IRLT,PA,_Z,_Z,_Z,_Z,N,2015-09,0.866,A,0,2,
OECD.SDD.STES:DSD_STES@DF_FINMARK(4.0),NLD,M,IRLT,PA,_Z,_Z,_Z,_Z,N,2015-10,0.725,A,0,2,
OECD.SDD.STES:DSD_STES@DF_FINMARK(4.0),NLD,M,IRLT,PA,_Z,_Z,_Z,_Z,N,2015-11,0.716,A,0,2,
OECD.SDD.STES:DSD_STES@DF_FINMARK(4.0),NLD,M,IRLT,PA,_Z,_Z,_Z,_Z,N,2015-12,0.754,A,0,2,
OECD.SDD.STES:DSD_STES@DF_FINMARK(4.0),NLD,M,IRLT,PA,_Z,_Z,_Z,_Z,N,2016-01,0.646,A,0,2,
OECD.SDD.STES:DSD_STES@DF_FINMARK(4.0),NLD,M,IRLT,PA,_Z,_Z,_Z,_Z,N,2016-02,0.371,A,0,2,
OECD.SDD.STES:DSD_STES@DF_FINMARK(4.0),NLD,M,IRLT,PA,_Z,_Z,_Z,_Z,N,2016-03,0.32,A,0,2,
OECD.SDD.STES:DSD_STES@DF_FINMARK(4.0),NLD,M,IRLT,PA,_Z,_Z,_Z,_Z,N,2016-04,0.395,A,0,2,
OECD.SDD.STES:DSD_STES@DF_FINMARK(4.0),NLD,M,IRLT,PA,_Z,_Z,_Z,_Z,N,2016-05,0.384,A,0,2,
OECD.SDD.STES:DSD_STES@DF_FINMARK(4.0),NLD,M,IRLT,PA,_Z,_Z,_Z,_Z,N,2016-06,0.25,A,0,2,
OECD.SDD.STES:DSD_STES@DF_FINMARK(4.0),NLD,M,IRLT,PA,_Z,_Z,_Z,_Z,N,2016-07,0.062,A,0,2,
OECD.SDD.STES:DSD_STES@DF_FINMARK(4.0),NLD,M,IRLT,PA,_Z,_Z,_Z,_Z,N,2016-08,0.027,A,0,2,
OECD.SDD.STES:DSD_STES@DF_FINMARK(4.0),NLD,M,IRLT,PA,_Z,_Z,_Z,_Z,N,2016-09,0.061,A,0,2,
OECD.SDD.STES:DSD_STES@DF_FINMARK(4.0),NLD,M,IRLT,PA,_Z,_Z,_Z,_Z,N,2016-10,0.156,A,0,2,
OECD.SDD.STES:DSD_STES@DF_FINMARK(4.0),NLD,M,IRLT,PA,_Z,_Z,_Z,_Z,N,2016-11,0.385,A,0,2,
OECD.SDD.STES:DSD_STES@DF_FINMARK(4.0),NLD,M,IRLT,PA,_Z,_Z,_Z,_Z,N,2016-12,0.436,A,0,2,
OECD.SDD.STES:DSD_STES@DF_FINMARK(4.0),NLD,M,IRLT,PA,_Z,_Z,_Z,_Z,N,2017-01,0.481,A,0,2,
OECD.SDD.STES:DSD_STES@DF_FINMARK(4.0),NLD,M,IRLT,PA,_Z,_Z,_Z,_Z,N,2017-02,0.486,A,0,2,
OECD.SDD.STES:DSD_STES@DF_FINMARK(4.0),NLD,M,IRLT,PA,_Z,_Z,_Z,_Z,N,2017-03,0.485,A,0,2,
OECD.SDD.STES:DSD_STES@DF_FINMARK(4.0),NLD,M,IRLT,PA,_Z,_Z,_Z,_Z,N,2017-04,0.498,A,0,2,
OECD.SDD.STES:DSD_STES@DF_FINMARK(4.0),NLD,M,IRLT,PA,_Z,_Z,_Z,_Z,N,2017-05,0.589,A,0,2,
OECD.SDD.STES:DSD_STES@DF_FINMARK(4.0),NLD,M,IRLT,PA,_Z,_Z,_Z,_Z,N,2017-06,0.503,A,0,2,
OECD.SDD.STES:DSD_STES@DF_FINMARK(4.0),NLD,M,IRLT,PA,_Z,_Z,_Z,_Z,N,2017-07,0.688,A,0,2,
OECD.SDD.STES:DSD_STES@DF_FINMARK(4.0),NLD,M,IRLT,PA,_Z,_Z,_Z,_Z,N,2017-08,0.542,A,0,2,
OECD.SDD.STES:DSD_STES@DF_FINMARK(4.0),NLD,M,IRLT,PA,_Z,_Z,_Z,_Z,N,2017-09,0.532,A,0,2,
OECD.SDD.STES:DSD_STES@DF_FINMARK(4.0),NLD,M,IRLT,PA,_Z,_Z,_Z,_Z,N,2017-10,0.541,A,0,2,
OECD.SDD.STES:DSD_STES@DF_FINMARK(4.0),NLD,M,IRLT,PA,_Z,_Z,_Z,_Z,N,2017-11,0.468,A,0,2,
OECD.SDD.STES:DSD_STES@DF_FINMARK(4.0),NLD,M,IRLT,PA,_Z,_Z,_Z,_Z,N,2017-12,0.452,A,0,2,
OECD.SDD.STES:DSD_STES@DF_FINMARK(4.0),NLD,M,IRLT,PA,_Z,_Z,_Z,_Z,N,2018-01,0.611,A,0,2,
OECD.SDD.STES:DSD_STES@DF_FINMARK(4.0),NLD,M,IRLT,PA,_Z,_Z,_Z,_Z,N,2018-02,0.761,A,0,2,
OECD.SDD.STES:DSD_STES@DF_FINMARK(4.0),NLD,M,IRLT,PA,_Z,_Z,_Z,_Z,N,2018-03,0.626,A,0,2,
OECD.SDD.STES:DSD_STES@DF_FINMARK(4.0),NLD,M,IRLT,PA,_Z,_Z,_Z,_Z,N,2018-04,0.69,A,0,2,
OECD.SDD.STES:DSD_STES@DF_FINMARK(4.0),NLD,M,IRLT,PA,_Z,_Z,_Z,_Z,N,2018-05,0.671,A,0,2,
OECD.SDD.STES:DSD_STES@DF_FINMARK(4.0),NLD,M,IRLT,PA,_Z,_Z,_Z,_Z,N,2018-06,0.565,A,0,2,
OECD.SDD.STES:DSD_STES@DF_FINMARK(4.0),NLD,M,IRLT,PA,_Z,_Z,_Z,_Z,N,2018-07,0.474,A,0,2,
OECD.SDD.STES:DSD_STES@DF_FINMARK(4.0),NLD,M,IRLT,PA,_Z,_Z,_Z,_Z,N,2018-08,0.473,A,0,2,
OECD.SDD.STES:DSD_STES@DF_FINMARK(4.0),NLD,M,IRLT,PA,_Z,_Z,_Z,_Z,N,2018-09,0.551,A,0,2,
OECD.SDD.STES:DSD_STES@DF_FINMARK(4.0),NLD,M,IRLT,PA,_Z,_Z,_Z,_Z,N,2018-10,0.582,A,0,2,
OECD.SDD.STES:DSD_STES@DF_FINMARK(4.0),NLD,M,IRLT,PA,_Z,_Z,_Z,_Z,N,2018-11,0.518,A,0,2,
OECD.SDD.STES:DSD_STES@DF_FINMARK(4.0),NLD,M,IRLT,PA,_Z,_Z,_Z,_Z,N,2018-12,0.401,A,0,2,
OECD.SDD.STES:DSD_STES@DF_FINMARK(4.0),NLD,M,IRLT,PA,_Z,_Z,_Z,_Z,N,2019-01,0.332,A,0,2,
OECD.SDD.STES:DSD_STES@DF_FINMARK(4.0),NLD,M,IRLT,PA,_Z,_Z,_Z,_Z,N,2019-02,0.236,A,0,2,
OECD.SDD.STES:DSD_STES@DF_FINMARK(4.0),NLD,M,IRLT,PA,_Z,_Z,_Z,_Z,N,2019-03,0.15,A,0,2,
OECD.SDD.STES:DSD_STES@DF_FINMARK(4.0),NLD,M,IRLT,PA,_Z,_Z,_Z,_Z,N,2019-04,0.195,A,0,2,
OECD.SDD.STES:DSD_STES@DF_FINMARK(4.0),NLD,M,IRLT,PA,_Z,_Z,_Z,_Z,N,2019-05,0.11,A,0,2,
OECD.SDD.STES:DSD_STES@DF_FINMARK(4.0),NLD,M,IRLT,PA,_Z,_Z,_Z,_Z,N,2019-06,-0.092,A,0,2,
OECD.SDD.STES:DSD_STES@DF_FINMARK(4.0),NLD,M,IRLT,PA,_Z,_Z,_Z,_Z,N,2019-07,-0.206,A,0,2,
OECD.SDD.STES:DSD_STES@DF_FINMARK(4.0),NLD,M,IRLT,PA,_Z,_Z,_Z,_Z,N,2019-08,-0.499,A,0,2,
OECD.SDD.STES:DSD_STES@DF_FINMARK(4.0),NLD,M,IRLT,PA,_Z,_Z,_Z,_Z,N,2019-09,-0.427,A,0,2,
OECD.SDD.STES:DSD_STES@DF_FINMARK(4.0),NLD,M,IRLT,PA,_Z,_Z,_Z,_Z,N,2019-10,-0.314,A,0,2,
OECD.SDD.STES:DSD_STES@DF_FINMARK(4.0),NLD,M,IRLT,PA,_Z,_Z,_Z,_Z,N,2019-11,-0.192,A,0,2,
OECD.SDD.STES:DSD_STES@DF_FINMARK(4.0),NLD,M,IRLT,PA,_Z,_Z,_Z,_Z,N,2019-12,-0.135,A,0,2,
OECD.SDD.STES:DSD_STES@DF_FINMARK(4.0),NLD,M,IRLT,PA,_Z,_Z,_Z,_Z,N,2020-01,-0.17,A,0,2,
OECD.SDD.STES:DSD_STES@DF_FINMARK(4.0),NLD,M,IRLT,PA,_Z,_Z,_Z,_Z,N,2020-02,-0.335,A,0,2,
OECD.SDD.STES:DSD_STES@DF_FINMARK(4.0),NLD,M,IRLT,PA,_Z,_Z,_Z,_Z,N,2020-03,-0.326,A,0,2,
OECD.SDD.STES:DSD_STES@DF_FINMARK(4.0),NLD,M,IRLT,PA,_Z,_Z,_Z,_Z,N,2020-04,-0.218,A,0,2,
OECD.SDD.STES:DSD_STES@DF_FINMARK(4.0),NLD,M,IRLT,PA,_Z,_Z,_Z,_Z,N,2020-05,-0.312,A,0,2,
OECD.SDD.STES:DSD_STES@DF_FINMARK(4.0),NLD,M,IRLT,PA,_Z,_Z,_Z,_Z,N,2020-06,-0.293,A,0,2,
OECD.SDD.STES:DSD_STES@DF_FINMARK(4.0),NLD,M,IRLT,PA,_Z,_Z,_Z,_Z,N,2020-07,-0.391,A,0,2,
OECD.SDD.STES:DSD_STES@DF_FINMARK(4.0),NLD,M,IRLT,PA,_Z,_Z,_Z,_Z,N,2020-08,-0.412,A,0,2,
OECD.SDD.STES:DSD_STES@DF_FINMARK(4.0),NLD,M,IRLT,PA,_Z,_Z,_Z,_Z,N,2020-09,-0.441,A,0,2,
OECD.SDD.STES:DSD_STES@DF_FINMARK(4.0),NLD,M,IRLT,PA,_Z,_Z,_Z,_Z,N,2020-10,-0.528,A,0,2,
OECD.SDD.STES:DSD_STES@DF_FINMARK(4.0),NLD,M,IRLT,PA,_Z,_Z,_Z,_Z,N,2020-11,-0.543,A,0,2,
OECD.SDD.STES:DSD_STES@DF_FINMARK(4.0),NLD,M,IRLT,PA,_Z,_Z,_Z,_Z,N,2020-12,-0.553,A,0,2,
OECD.SDD.STES:DSD_STES@DF_FINMARK(4.0),NLD,M,IRLT,PA,_Z,_Z,_Z,_Z,N,2021-01,-0.532,A,0,2,
OECD.SDD.STES:DSD_STES@DF_FINMARK(4.0),NLD,M,IRLT,PA,_Z,_Z,_Z,_Z,N,2021-02,-0.392,A,0,2,
OECD.SDD.STES:DSD_STES@DF_FINMARK(4.0),NLD,M,IRLT,PA,_Z,_Z,_Z,_Z,N,2021-03,-0.331,A,0,2,
OECD.SDD.STES:DSD_STES@DF_FINMARK(4.0),NLD,M,IRLT,PA,_Z,_Z,_Z,_Z,N,2021-04,-0.296,A,0,2,
OECD.SDD.STES:DSD_STES@DF_FINMARK(4.0),NLD,M,IRLT,PA,_Z,_Z,_Z,_Z,N,2021-05,-0.186,A,0,2,
OECD.SDD.STES:DSD_STES@DF_FINMARK(4.0),NLD,M,IRLT,PA,_Z,_Z,_Z,_Z,N,2021-06,-0.236,A,0,2,
OECD.SDD.STES:DSD_STES@DF_FINMARK(4.0),NLD,M,IRLT,PA,_Z,_Z,_Z,_Z,N,2021-07,-0.381,A,0,2,
OECD.SDD.STES:DSD_STES@DF_FINMARK(4.0),NLD,M,IRLT,PA,_Z,_Z,_Z,_Z,N,2021-08,-0.48,A,0,2,
OECD.SDD.STES:DSD_STES@DF_FINMARK(4.0),NLD,M,IRLT,PA,_Z,_Z,_Z,_Z,N,2021-09,-0.339,A,0,2,
OECD.SDD.STES:DSD_STES@DF_FINMARK(4.0),NLD,M,IRLT,PA,_Z,_Z,_Z,_Z,N,2021-10,-0.178,A,0,2,
OECD.SDD.STES:DSD_STES@DF_FINMARK(4.0),NLD,M,IRLT,PA,_Z,_Z,_Z,_Z,N,2021-11,-0.268,A,0,2,
OECD.SDD.STES:DSD_STES@DF_FINMARK(4.0),NLD,M,IRLT,PA,_Z,_Z,_Z,_Z,N,2021-12,-0.318,A,0,2,
OECD.SDD.STES:DSD_STES@DF_FINMARK(4.0),NLD,M,IRLT,PA,_Z,_Z,_Z,_Z,N,2022-01,-0.098,A,0,2,
OECD.SDD.STES:DSD_STES@DF_FINMARK(4.0),NLD,M,IRLT,PA,_Z,_Z,_Z,_Z,N,2022-02,0.237,A,0,2,
OECD.SDD.STES:DSD_STES@DF_FINMARK(4.0),NLD,M,IRLT,PA,_Z,_Z,_Z,_Z,N,2022-03,0.343,A,0,2,
OECD.SDD.STES:DSD_STES@DF_FINMARK(4.0),NLD,M,IRLT,PA,_Z,_Z,_Z,_Z,N,2022-04,0.854,A,0,2,
OECD.SDD.STES:DSD_STES@DF_FINMARK(4.0),NLD,M,IRLT,PA,_Z,_Z,_Z,_Z,N,2022-05,1.054,A,0,2,
OECD.SDD.STES:DSD_STES@DF_FINMARK(4.0),NLD,M,IRLT,PA,_Z,_Z,_Z,_Z,N,2022-06,1.819,A,0,2,
OECD.SDD.STES:DSD_STES@DF_FINMARK(4.0),NLD,M,IRLT,PA,_Z,_Z,_Z,_Z,N,2022-07,1.467,A,0,2,
OECD.SDD.STES:DSD_STES@DF_FINMARK(4.0),NLD,M,IRLT,PA,_Z,_Z,_Z,_Z,N,2022-08,1.414,A,0,2,
OECD.SDD.STES:DSD_STES@DF_FINMARK(4.0),NLD,M,IRLT,PA,_Z,_Z,_Z,_Z,N,2022-09,2.142,A,0,2,
OECD.SDD.STES:DSD_STES@DF_FINMARK(4.0),NLD,M,IRLT,PA,_Z,_Z,_Z,_Z,N,2022-10,2.52,A,0,2,
OECD.SDD.STES:DSD_STES@DF_FINMARK(4.0),NLD,M,IRLT,PA,_Z,_Z,_Z,_Z,N,2022-11,2.351,A,0,2,
OECD.SDD.STES:DSD_STES@DF_FINMARK(4.0),NLD,M,IRLT,PA,_Z,_Z,_Z,_Z,N,2022-12,2.429,A,0,2,
OECD.SDD.STES:DSD_STES@DF_FINMARK(4.0),NLD,M,IRLT,PA,_Z,_Z,_Z,_Z,N,2023-01,2.499,A,0,2,
OECD.SDD.STES:DSD_STES@DF_FINMARK(4.0),NLD,M,IRLT,PA,_Z,_Z,_Z,_Z,N,2023-02,2.678,A,0,2,
OECD.SDD.STES:DSD_STES@DF_FINMARK(4.0),NLD,M,IRLT,PA,_Z,_Z,_Z,_Z,N,2023-03,2.758,A,0,2,
OECD.SDD.STES:DSD_STES@DF_FINMARK(4.0),NLD,M,IRLT,PA,_Z,_Z,_Z,_Z,N,2023-04,2.719,A,0,2,
OECD.SDD.STES:DSD_STES@DF_FINMARK(4.0),NLD,M,IRLT,PA,_Z,_Z,_Z,_Z,N,2023-05,2.728,A,0,2,
OECD.SDD.STES:DSD_STES@DF_FINMARK(4.0),NLD,M,IRLT,PA,_Z,_Z,_Z,_Z,N,2023-06,2.75,A,0,2,
OECD.SDD.STES:DSD_STES@DF_FINMARK(4.0),NLD,M,IRLT,PA,_Z,_Z,_Z,_Z,N,2023-07,2.84,A,0,2,
OECD.SDD.STES:DSD_STES@DF_FINMARK(4.0),NLD,M,IRLT,PA,_Z,_Z,_Z,_Z,N,2023-08,2.917,A,0,2,
OECD.SDD.STES:DSD_STES@DF_FINMARK(4.0),NLD,M,IRLT,PA,_Z,_Z,_Z,_Z,N,2023-09,3.036,A,0,2,
OECD.SDD.STES:DSD_STES@DF_FINMARK(4.0),NLD,M,IRLT,PA,_Z,_Z,_Z,_Z,N,2023-10,3.207,A,0,2,
OECD.SDD.STES:DSD_STES@DF_FINMARK(4.0),NLD,M,IRLT,PA,_Z,_Z,_Z,_Z,N,2023-11,2.95,A,0,2,
OECD.SDD.STES:DSD_STES@DF_FINMARK(4.0),NLD,M,IRLT,PA,_Z,_Z,_Z,_Z,N,2023-12,2.422,A,0,2,
OECD.SDD.STES:DSD_STES@DF_FINMARK(4.0),NLD,M,IRLT,PA,_Z,_Z,_Z,_Z,N,2024-01,2.506,A,0,2,
OECD.SDD.STES:DSD_STES@DF_FINMARK(4.0),NLD,M,IRLT,PA,_Z,_Z,_Z,_Z,N,2024-02,2.643,A,0,2,
OECD.SDD.STES:DSD_STES@DF_FINMARK(4.0),NLD,M,IRLT,PA,_Z,_Z,_Z,_Z,N,2024-03,2.616,A,0,2,
OECD.SDD.STES:DSD_STES@DF_FINMARK(4.0),NLD,M,IRLT,PA,_Z,_Z,_Z,_Z,N,2024-04,2.718,A,0,2,
OECD.SDD.STES:DSD_STES@DF_FINMARK(4.0),NLD,M,IRLT,PA,_Z,_Z,_Z,_Z,N,2024-05,2.829,A,0,2,
OECD.SDD.STES:DSD_STES@DF_FINMARK(4.0),NLD,M,IRLT,PA,_Z,_Z,_Z,_Z,N,2024-06,2.822,A,0,2,
OECD.SDD.STES:DSD_STES@DF_FINMARK(4.0),NLD,M,IRLT,PA,_Z,_Z,_Z,_Z,N,2024-07,2.765,A,0,2,
OECD.SDD.STES:DSD_STES@DF_FINMARK(4.0),NLD,M,IRLT,PA,_Z,_Z,_Z,_Z,N,2024-08,2.531,A,0,2,
OECD.SDD.STES:DSD_STES@DF_FINMARK(4.0),NLD,M,IRLT,PA,_Z,_Z,_Z,_Z,N,2024-09,2.469,A,0,2,
OECD.SDD.STES:DSD_STES@DF_FINMARK(4.0),NLD,M,IRLT,PA,_Z,_Z,_Z,_Z,N,2024-10,2.533,A,0,2,
OECD.SDD.STES:DSD_STES@DF_FINMARK(4.0),NLD,M,IRLT,PA,_Z,_Z,_Z,_Z,N,2024-11,2.567,A,0,2,
OECD.SDD.STES:DSD_STES@DF_FINMARK(4.0),NLD,M,IRLT,PA,_Z,_Z,_Z,_Z,N,2024-12,2.447,A,0,2,
OECD.SDD.STES:DSD_STES@DF_FINMARK(4.0),NLD,M,IRLT,PA,_Z,_Z,_Z,_Z,N,2025-01,2.732,A,0,2,
OECD.SDD.STES:DSD_STES@DF_FINMARK(4.0),NLD,M,IRLT,PA,_Z,_Z,_Z,_Z,N,2025-02,2.629,A,0,2,
OECD.SDD.STES:DSD_STES@DF_FINMARK(4.0),NLD,M,IRLT,PA,_Z,_Z,_Z,_Z,N,2025-03,2.936,A,0,2,
OECD.SDD.STES:DSD_STES@DF_FINMARK(4.0),NLD,M,IRLT,PA,_Z,_Z,_Z,_Z,N,2025-04,2.713,A,0,2,
OECD.SDD.STES:DSD_STES@DF_FINMARK(4.0),NLD,M,IRLT,PA,_Z,_Z,_Z,_Z,N,2025-05,2.796,A,0,2,
OECD.SDD.STES:DSD_STES@DF_FINMARK(4.0),NLD,M,IRLT,PA,_Z,_Z,_Z,_Z,N,2025-06,2.757,A,0,2,
OECD.SDD.STES:DSD_STES@DF_FINMARK(4.0),NLD,M,IRLT,PA,_Z,_Z,_Z,_Z,N,2025-07,2.844,A,0,2,
OECD.SDD.STES:DSD_STES@DF_FINMARK(4.0),NLD,M,IRLT,PA,_Z,_Z,_Z,_Z,N,2025-08,2.88,A,0,2,
OECD.SDD.STES:DSD_STES@DF_FINMARK(4.0),NLD,M,IRLT,PA,_Z,_Z,_Z,_Z,N,2025-09,2.883,A,0,2,
OECD.SDD.STES:DSD_STES@DF_FINMARK(4.0),NLD,M,IRLT,PA,_Z,_Z,_Z,_Z,N,2025-10,2.794,A,0,2,
OECD.SDD.STES:DSD_STES@DF_FINMARK(4.0),NLD,M,IRLT,PA,_Z,_Z,_Z,_Z,N,2025-11,2.831,A,0,2,
OECD.SDD.STES:DSD_STES@DF_FINMARK(4.0),NLD,M,IRLT,PA,_Z,_Z,_Z,_Z,N,2025-12,2.968,A,0,2,
OECD.SDD.STES:DSD_STES@DF_FINMARK(4.0),NLD,M,IRLT,PA,_Z,_Z,_Z,_Z,N,2026-01,2.94,A,0,2,
OECD.SDD.STES:DSD_STES@DF_FINMARK(4.0),NLD,M,IRLT,PA,_Z,_Z,_Z,_Z,N,2026-02,2.849,A,0,2,
OECD.SDD.STES:DSD_STES@DF_FINMARK(4.0),NLD,M,IRLT,PA,_Z,_Z,_Z,_Z,N,2026-03,3.027,A,0,2,
OECD.SDD.STES:DSD_STES@DF_FINMARK(4.0),NLD,M,IRLT,PA,_Z,_Z,_Z,_Z,N,2026-04,3.15,A,0,2,
OECD.SDD.STES:DSD_STES@DF_FINMARK(4.0),NLD,M,IRLT,PA,_Z,_Z,_Z,_Z,N,2026-05,3.165,A,0,2,
OECD.SDD.STES:DSD_STES@DF_FINMARK(4.0),GBR,M,IRLT,PA,_Z,_Z,_Z,_Z,N,2015-01,1.589,A,0,2,
OECD.SDD.STES:DSD_STES@DF_FINMARK(4.0),GBR,M,IRLT,PA,_Z,_Z,_Z,_Z,N,2015-02,1.7365,A,0,2,
OECD.SDD.STES:DSD_STES@DF_FINMARK(4.0),GBR,M,IRLT,PA,_Z,_Z,_Z,_Z,N,2015-03,1.7941,A,0,2,
OECD.SDD.STES:DSD_STES@DF_FINMARK(4.0),GBR,M,IRLT,PA,_Z,_Z,_Z,_Z,N,2015-04,1.755,A,0,2,
OECD.SDD.STES:DSD_STES@DF_FINMARK(4.0),GBR,M,IRLT,PA,_Z,_Z,_Z,_Z,N,2015-05,2.0243,A,0,2,
OECD.SDD.STES:DSD_STES@DF_FINMARK(4.0),GBR,M,IRLT,PA,_Z,_Z,_Z,_Z,N,2015-06,2.1696,A,0,2,
OECD.SDD.STES:DSD_STES@DF_FINMARK(4.0),GBR,M,IRLT,PA,_Z,_Z,_Z,_Z,N,2015-07,2.1353,A,0,2,
OECD.SDD.STES:DSD_STES@DF_FINMARK(4.0),GBR,M,IRLT,PA,_Z,_Z,_Z,_Z,N,2015-08,1.9799,A,0,2,
OECD.SDD.STES:DSD_STES@DF_FINMARK(4.0),GBR,M,IRLT,PA,_Z,_Z,_Z,_Z,N,2015-09,1.8814,A,0,2,
OECD.SDD.STES:DSD_STES@DF_FINMARK(4.0),GBR,M,IRLT,PA,_Z,_Z,_Z,_Z,N,2015-10,1.846,A,0,2,
OECD.SDD.STES:DSD_STES@DF_FINMARK(4.0),GBR,M,IRLT,PA,_Z,_Z,_Z,_Z,N,2015-11,1.9779,A,0,2,
OECD.SDD.STES:DSD_STES@DF_FINMARK(4.0),GBR,M,IRLT,PA,_Z,_Z,_Z,_Z,N,2015-12,1.9234,A,0,2,
OECD.SDD.STES:DSD_STES@DF_FINMARK(4.0),GBR,M,IRLT,PA,_Z,_Z,_Z,_Z,N,2016-01,1.7833,A,0,2,
OECD.SDD.STES:DSD_STES@DF_FINMARK(4.0),GBR,M,IRLT,PA,_Z,_Z,_Z,_Z,N,2016-02,1.5032,A,0,2,
OECD.SDD.STES:DSD_STES@DF_FINMARK(4.0),GBR,M,IRLT,PA,_Z,_Z,_Z,_Z,N,2016-03,1.5434,A,0,2,
OECD.SDD.STES:DSD_STES@DF_FINMARK(4.0),GBR,M,IRLT,PA,_Z,_Z,_Z,_Z,N,2016-04,1.5688,A,0,2,
OECD.SDD.STES:DSD_STES@DF_FINMARK(4.0),GBR,M,IRLT,PA,_Z,_Z,_Z,_Z,N,2016-05,1.5366,A,0,2,
OECD.SDD.STES:DSD_STES@DF_FINMARK(4.0),GBR,M,IRLT,PA,_Z,_Z,_Z,_Z,N,2016-06,1.3105,A,0,2,
OECD.SDD.STES:DSD_STES@DF_FINMARK(4.0),GBR,M,IRLT,PA,_Z,_Z,_Z,_Z,N,2016-07,0.9569,A,0,2,
OECD.SDD.STES:DSD_STES@DF_FINMARK(4.0),GBR,M,IRLT,PA,_Z,_Z,_Z,_Z,N,2016-08,0.7421,A,0,2,
OECD.SDD.STES:DSD_STES@DF_FINMARK(4.0),GBR,M,IRLT,PA,_Z,_Z,_Z,_Z,N,2016-09,0.8243,A,0,2,
OECD.SDD.STES:DSD_STES@DF_FINMARK(4.0),GBR,M,IRLT,PA,_Z,_Z,_Z,_Z,N,2016-10,1.078,A,0,2,
OECD.SDD.STES:DSD_STES@DF_FINMARK(4.0),GBR,M,IRLT,PA,_Z,_Z,_Z,_Z,N,2016-11,1.3818,A,0,2,
OECD.SDD.STES:DSD_STES@DF_FINMARK(4.0),GBR,M,IRLT,PA,_Z,_Z,_Z,_Z,N,2016-12,1.4336,A,0,2,
OECD.SDD.STES:DSD_STES@DF_FINMARK(4.0),GBR,M,IRLT,PA,_Z,_Z,_Z,_Z,N,2017-01,1.4203,A,0,2,
OECD.SDD.STES:DSD_STES@DF_FINMARK(4.0),GBR,M,IRLT,PA,_Z,_Z,_Z,_Z,N,2017-02,1.3058,A,0,2,
OECD.SDD.STES:DSD_STES@DF_FINMARK(4.0),GBR,M,IRLT,PA,_Z,_Z,_Z,_Z,N,2017-03,1.194,A,0,2,
OECD.SDD.STES:DSD_STES@DF_FINMARK(4.0),GBR,M,IRLT,PA,_Z,_Z,_Z,_Z,N,2017-04,1.0789,A,0,2,
OECD.SDD.STES:DSD_STES@DF_FINMARK(4.0),GBR,M,IRLT,PA,_Z,_Z,_Z,_Z,N,2017-05,1.1175,A,0,2,
OECD.SDD.STES:DSD_STES@DF_FINMARK(4.0),GBR,M,IRLT,PA,_Z,_Z,_Z,_Z,N,2017-06,1.0846,A,0,2,
OECD.SDD.STES:DSD_STES@DF_FINMARK(4.0),GBR,M,IRLT,PA,_Z,_Z,_Z,_Z,N,2017-07,1.2713,A,0,2,
OECD.SDD.STES:DSD_STES@DF_FINMARK(4.0),GBR,M,IRLT,PA,_Z,_Z,_Z,_Z,N,2017-08,1.1241,A,0,2,
OECD.SDD.STES:DSD_STES@DF_FINMARK(4.0),GBR,M,IRLT,PA,_Z,_Z,_Z,_Z,N,2017-09,1.2436,A,0,2,
OECD.SDD.STES:DSD_STES@DF_FINMARK(4.0),GBR,M,IRLT,PA,_Z,_Z,_Z,_Z,N,2017-10,1.3816,A,0,2,
OECD.SDD.STES:DSD_STES@DF_FINMARK(4.0),GBR,M,IRLT,PA,_Z,_Z,_Z,_Z,N,2017-11,1.3299,A,0,2,
OECD.SDD.STES:DSD_STES@DF_FINMARK(4.0),GBR,M,IRLT,PA,_Z,_Z,_Z,_Z,N,2017-12,1.2781,A,0,2,
OECD.SDD.STES:DSD_STES@DF_FINMARK(4.0),GBR,M,IRLT,PA,_Z,_Z,_Z,_Z,N,2018-01,1.3931,A,0,2,
OECD.SDD.STES:DSD_STES@DF_FINMARK(4.0),GBR,M,IRLT,PA,_Z,_Z,_Z,_Z,N,2018-02,1.6034,A,0,2,
OECD.SDD.STES:DSD_STES@DF_FINMARK(4.0),GBR,M,IRLT,PA,_Z,_Z,_Z,_Z,N,2018-03,1.508,A,0,2,
OECD.SDD.STES:DSD_STES@DF_FINMARK(4.0),GBR,M,IRLT,PA,_Z,_Z,_Z,_Z,N,2018-04,1.5108,A,0,2,
OECD.SDD.STES:DSD_STES@DF_FINMARK(4.0),GBR,M,IRLT,PA,_Z,_Z,_Z,_Z,N,2018-05,1.5016,A,0,2,
OECD.SDD.STES:DSD_STES@DF_FINMARK(4.0),GBR,M,IRLT,PA,_Z,_Z,_Z,_Z,N,2018-06,1.4229,A,0,2,
OECD.SDD.STES:DSD_STES@DF_FINMARK(4.0),GBR,M,IRLT,PA,_Z,_Z,_Z,_Z,N,2018-07,1.3739,A,0,2,
OECD.SDD.STES:DSD_STES@DF_FINMARK(4.0),GBR,M,IRLT,PA,_Z,_Z,_Z,_Z,N,2018-08,1.3991,A,0,2,
OECD.SDD.STES:DSD_STES@DF_FINMARK(4.0),GBR,M,IRLT,PA,_Z,_Z,_Z,_Z,N,2018-09,1.5023,A,0,2,
OECD.SDD.STES:DSD_STES@DF_FINMARK(4.0),GBR,M,IRLT,PA,_Z,_Z,_Z,_Z,N,2018-10,1.5462,A,0,2,
OECD.SDD.STES:DSD_STES@DF_FINMARK(4.0),GBR,M,IRLT,PA,_Z,_Z,_Z,_Z,N,2018-11,1.4541,A,0,2,
OECD.SDD.STES:DSD_STES@DF_FINMARK(4.0),GBR,M,IRLT,PA,_Z,_Z,_Z,_Z,N,2018-12,1.3125,A,0,2,
OECD.SDD.STES:DSD_STES@DF_FINMARK(4.0),GBR,M,IRLT,PA,_Z,_Z,_Z,_Z,N,2019-01,1.3221,A,0,2,
OECD.SDD.STES:DSD_STES@DF_FINMARK(4.0),GBR,M,IRLT,PA,_Z,_Z,_Z,_Z,N,2019-02,1.239,A,0,2,
OECD.SDD.STES:DSD_STES@DF_FINMARK(4.0),GBR,M,IRLT,PA,_Z,_Z,_Z,_Z,N,2019-03,1.19,A,0,2,
OECD.SDD.STES:DSD_STES@DF_FINMARK(4.0),GBR,M,IRLT,PA,_Z,_Z,_Z,_Z,N,2019-04,1.1906,A,0,2,
OECD.SDD.STES:DSD_STES@DF_FINMARK(4.0),GBR,M,IRLT,PA,_Z,_Z,_Z,_Z,N,2019-05,1.13,A,0,2,
OECD.SDD.STES:DSD_STES@DF_FINMARK(4.0),GBR,M,IRLT,PA,_Z,_Z,_Z,_Z,N,2019-06,0.919,A,0,2,
OECD.SDD.STES:DSD_STES@DF_FINMARK(4.0),GBR,M,IRLT,PA,_Z,_Z,_Z,_Z,N,2019-07,0.8304,A,0,2,
OECD.SDD.STES:DSD_STES@DF_FINMARK(4.0),GBR,M,IRLT,PA,_Z,_Z,_Z,_Z,N,2019-08,0.5776,A,0,2,
OECD.SDD.STES:DSD_STES@DF_FINMARK(4.0),GBR,M,IRLT,PA,_Z,_Z,_Z,_Z,N,2019-09,0.5981,A,0,2,
OECD.SDD.STES:DSD_STES@DF_FINMARK(4.0),GBR,M,IRLT,PA,_Z,_Z,_Z,_Z,N,2019-10,0.6373,A,0,2,
OECD.SDD.STES:DSD_STES@DF_FINMARK(4.0),GBR,M,IRLT,PA,_Z,_Z,_Z,_Z,N,2019-11,0.765,A,0,2,
OECD.SDD.STES:DSD_STES@DF_FINMARK(4.0),GBR,M,IRLT,PA,_Z,_Z,_Z,_Z,N,2019-12,0.8308,A,0,2,
OECD.SDD.STES:DSD_STES@DF_FINMARK(4.0),GBR,M,IRLT,PA,_Z,_Z,_Z,_Z,N,2020-01,0.7235,A,0,2,
OECD.SDD.STES:DSD_STES@DF_FINMARK(4.0),GBR,M,IRLT,PA,_Z,_Z,_Z,_Z,N,2020-02,0.633,A,0,2,
OECD.SDD.STES:DSD_STES@DF_FINMARK(4.0),GBR,M,IRLT,PA,_Z,_Z,_Z,_Z,N,2020-03,0.4609,A,0,2,
OECD.SDD.STES:DSD_STES@DF_FINMARK(4.0),GBR,M,IRLT,PA,_Z,_Z,_Z,_Z,N,2020-04,0.3577,A,0,2,
OECD.SDD.STES:DSD_STES@DF_FINMARK(4.0),GBR,M,IRLT,PA,_Z,_Z,_Z,_Z,N,2020-05,0.2743,A,0,2,
OECD.SDD.STES:DSD_STES@DF_FINMARK(4.0),GBR,M,IRLT,PA,_Z,_Z,_Z,_Z,N,2020-06,0.278,A,0,2,
OECD.SDD.STES:DSD_STES@DF_FINMARK(4.0),GBR,M,IRLT,PA,_Z,_Z,_Z,_Z,N,2020-07,0.2094,A,0,2,
OECD.SDD.STES:DSD_STES@DF_FINMARK(4.0),GBR,M,IRLT,PA,_Z,_Z,_Z,_Z,N,2020-08,0.2717,A,0,2,
OECD.SDD.STES:DSD_STES@DF_FINMARK(4.0),GBR,M,IRLT,PA,_Z,_Z,_Z,_Z,N,2020-09,0.273,A,0,2,
OECD.SDD.STES:DSD_STES@DF_FINMARK(4.0),GBR,M,IRLT,PA,_Z,_Z,_Z,_Z,N,2020-10,0.3058,A,0,2,
OECD.SDD.STES:DSD_STES@DF_FINMARK(4.0),GBR,M,IRLT,PA,_Z,_Z,_Z,_Z,N,2020-11,0.3836,A,0,2,
OECD.SDD.STES:DSD_STES@DF_FINMARK(4.0),GBR,M,IRLT,PA,_Z,_Z,_Z,_Z,N,2020-12,0.3224,A,0,2,
OECD.SDD.STES:DSD_STES@DF_FINMARK(4.0),GBR,M,IRLT,PA,_Z,_Z,_Z,_Z,N,2021-01,0.3672,A,0,2,
OECD.SDD.STES:DSD_STES@DF_FINMARK(4.0),GBR,M,IRLT,PA,_Z,_Z,_Z,_Z,N,2021-02,0.6222,A,0,2,
OECD.SDD.STES:DSD_STES@DF_FINMARK(4.0),GBR,M,IRLT,PA,_Z,_Z,_Z,_Z,N,2021-03,0.8456,A,0,2,
OECD.SDD.STES:DSD_STES@DF_FINMARK(4.0),GBR,M,IRLT,PA,_Z,_Z,_Z,_Z,N,2021-04,0.8515,A,0,2,
OECD.SDD.STES:DSD_STES@DF_FINMARK(4.0),GBR,M,IRLT,PA,_Z,_Z,_Z,_Z,N,2021-05,0.9058,A,0,2,
OECD.SDD.STES:DSD_STES@DF_FINMARK(4.0),GBR,M,IRLT,PA,_Z,_Z,_Z,_Z,N,2021-06,0.8549,A,0,2,
OECD.SDD.STES:DSD_STES@DF_FINMARK(4.0),GBR,M,IRLT,PA,_Z,_Z,_Z,_Z,N,2021-07,0.6979,A,0,2,
OECD.SDD.STES:DSD_STES@DF_FINMARK(4.0),GBR,M,IRLT,PA,_Z,_Z,_Z,_Z,N,2021-08,0.644,A,0,2,
OECD.SDD.STES:DSD_STES@DF_FINMARK(4.0),GBR,M,IRLT,PA,_Z,_Z,_Z,_Z,N,2021-09,0.8023,A,0,2,
OECD.SDD.STES:DSD_STES@DF_FINMARK(4.0),GBR,M,IRLT,PA,_Z,_Z,_Z,_Z,N,2021-10,1.083,A,0,2,
OECD.SDD.STES:DSD_STES@DF_FINMARK(4.0),GBR,M,IRLT,PA,_Z,_Z,_Z,_Z,N,2021-11,0.9394,A,0,2,
OECD.SDD.STES:DSD_STES@DF_FINMARK(4.0),GBR,M,IRLT,PA,_Z,_Z,_Z,_Z,N,2021-12,0.8375,A,0,2,
OECD.SDD.STES:DSD_STES@DF_FINMARK(4.0),GBR,M,IRLT,PA,_Z,_Z,_Z,_Z,N,2022-01,1.2051,A,0,2,
OECD.SDD.STES:DSD_STES@DF_FINMARK(4.0),GBR,M,IRLT,PA,_Z,_Z,_Z,_Z,N,2022-02,1.4891,A,0,2,
OECD.SDD.STES:DSD_STES@DF_FINMARK(4.0),GBR,M,IRLT,PA,_Z,_Z,_Z,_Z,N,2022-03,1.5457,A,0,2,
OECD.SDD.STES:DSD_STES@DF_FINMARK(4.0),GBR,M,IRLT,PA,_Z,_Z,_Z,_Z,N,2022-04,1.8362,A,0,2,
OECD.SDD.STES:DSD_STES@DF_FINMARK(4.0),GBR,M,IRLT,PA,_Z,_Z,_Z,_Z,N,2022-05,1.9069,A,0,2,
OECD.SDD.STES:DSD_STES@DF_FINMARK(4.0),GBR,M,IRLT,PA,_Z,_Z,_Z,_Z,N,2022-06,2.3824,A,0,2,
OECD.SDD.STES:DSD_STES@DF_FINMARK(4.0),GBR,M,IRLT,PA,_Z,_Z,_Z,_Z,N,2022-07,2.1454,A,0,2,
OECD.SDD.STES:DSD_STES@DF_FINMARK(4.0),GBR,M,IRLT,PA,_Z,_Z,_Z,_Z,N,2022-08,2.3278,A,0,2,
OECD.SDD.STES:DSD_STES@DF_FINMARK(4.0),GBR,M,IRLT,PA,_Z,_Z,_Z,_Z,N,2022-09,3.5007,A,0,2,
OECD.SDD.STES:DSD_STES@DF_FINMARK(4.0),GBR,M,IRLT,PA,_Z,_Z,_Z,_Z,N,2022-10,4.1096,A,0,2,
OECD.SDD.STES:DSD_STES@DF_FINMARK(4.0),GBR,M,IRLT,PA,_Z,_Z,_Z,_Z,N,2022-11,3.4171,A,0,2,
OECD.SDD.STES:DSD_STES@DF_FINMARK(4.0),GBR,M,IRLT,PA,_Z,_Z,_Z,_Z,N,2022-12,3.5015,A,0,2,
OECD.SDD.STES:DSD_STES@DF_FINMARK(4.0),GBR,M,IRLT,PA,_Z,_Z,_Z,_Z,N,2023-01,3.5115,A,0,2,
OECD.SDD.STES:DSD_STES@DF_FINMARK(4.0),GBR,M,IRLT,PA,_Z,_Z,_Z,_Z,N,2023-02,3.5553,A,0,2,
OECD.SDD.STES:DSD_STES@DF_FINMARK(4.0),GBR,M,IRLT,PA,_Z,_Z,_Z,_Z,N,2023-03,3.5638,A,0,2,
OECD.SDD.STES:DSD_STES@DF_FINMARK(4.0),GBR,M,IRLT,PA,_Z,_Z,_Z,_Z,N,2023-04,3.6503,A,0,2,
OECD.SDD.STES:DSD_STES@DF_FINMARK(4.0),GBR,M,IRLT,PA,_Z,_Z,_Z,_Z,N,2023-05,3.9621,A,0,2,
OECD.SDD.STES:DSD_STES@DF_FINMARK(4.0),GBR,M,IRLT,PA,_Z,_Z,_Z,_Z,N,2023-06,4.3659,A,0,2,
OECD.SDD.STES:DSD_STES@DF_FINMARK(4.0),GBR,M,IRLT,PA,_Z,_Z,_Z,_Z,N,2023-07,4.4372,A,0,2,
OECD.SDD.STES:DSD_STES@DF_FINMARK(4.0),GBR,M,IRLT,PA,_Z,_Z,_Z,_Z,N,2023-08,4.5298,A,0,2,
OECD.SDD.STES:DSD_STES@DF_FINMARK(4.0),GBR,M,IRLT,PA,_Z,_Z,_Z,_Z,N,2023-09,4.4199,A,0,2,
OECD.SDD.STES:DSD_STES@DF_FINMARK(4.0),GBR,M,IRLT,PA,_Z,_Z,_Z,_Z,N,2023-10,4.5695,A,0,2,
OECD.SDD.STES:DSD_STES@DF_FINMARK(4.0),GBR,M,IRLT,PA,_Z,_Z,_Z,_Z,N,2023-11,4.2721,A,0,2,
OECD.SDD.STES:DSD_STES@DF_FINMARK(4.0),GBR,M,IRLT,PA,_Z,_Z,_Z,_Z,N,2023-12,3.8622,A,0,2,
OECD.SDD.STES:DSD_STES@DF_FINMARK(4.0),GBR,M,IRLT,PA,_Z,_Z,_Z,_Z,N,2024-01,3.9319,A,0,2,
OECD.SDD.STES:DSD_STES@DF_FINMARK(4.0),GBR,M,IRLT,PA,_Z,_Z,_Z,_Z,N,2024-02,4.123,A,0,2,
OECD.SDD.STES:DSD_STES@DF_FINMARK(4.0),GBR,M,IRLT,PA,_Z,_Z,_Z,_Z,N,2024-03,4.033,A,0,2,
OECD.SDD.STES:DSD_STES@DF_FINMARK(4.0),GBR,M,IRLT,PA,_Z,_Z,_Z,_Z,N,2024-04,4.2172,A,0,2,
OECD.SDD.STES:DSD_STES@DF_FINMARK(4.0),GBR,M,IRLT,PA,_Z,_Z,_Z,_Z,N,2024-05,4.2229,A,0,2,
OECD.SDD.STES:DSD_STES@DF_FINMARK(4.0),GBR,M,IRLT,PA,_Z,_Z,_Z,_Z,N,2024-06,4.1644,A,0,2,
OECD.SDD.STES:DSD_STES@DF_FINMARK(4.0),GBR,M,IRLT,PA,_Z,_Z,_Z,_Z,N,2024-07,4.1386,A,0,2,
OECD.SDD.STES:DSD_STES@DF_FINMARK(4.0),GBR,M,IRLT,PA,_Z,_Z,_Z,_Z,N,2024-08,3.9444,A,0,2,
OECD.SDD.STES:DSD_STES@DF_FINMARK(4.0),GBR,M,IRLT,PA,_Z,_Z,_Z,_Z,N,2024-09,3.9053,A,0,2,
OECD.SDD.STES:DSD_STES@DF_FINMARK(4.0),GBR,M,IRLT,PA,_Z,_Z,_Z,_Z,N,2024-10,4.1993,A,0,2,
OECD.SDD.STES:DSD_STES@DF_FINMARK(4.0),GBR,M,IRLT,PA,_Z,_Z,_Z,_Z,N,2024-11,4.4164,A,0,2,
OECD.SDD.STES:DSD_STES@DF_FINMARK(4.0),GBR,M,IRLT,PA,_Z,_Z,_Z,_Z,N,2024-12,4.4345,A,0,2,
OECD.SDD.STES:DSD_STES@DF_FINMARK(4.0),GBR,M,IRLT,PA,_Z,_Z,_Z,_Z,N,2025-01,4.6627,A,0,2,
OECD.SDD.STES:DSD_STES@DF_FINMARK(4.0),GBR,M,IRLT,PA,_Z,_Z,_Z,_Z,N,2025-02,4.5063,A,0,2,
OECD.SDD.STES:DSD_STES@DF_FINMARK(4.0),GBR,M,IRLT,PA,_Z,_Z,_Z,_Z,N,2025-03,4.6448,A,0,2,
OECD.SDD.STES:DSD_STES@DF_FINMARK(4.0),GBR,M,IRLT,PA,_Z,_Z,_Z,_Z,N,2025-04,4.5762,A,0,2,
OECD.SDD.STES:DSD_STES@DF_FINMARK(4.0),GBR,M,IRLT,PA,_Z,_Z,_Z,_Z,N,2025-05,4.6004,A,0,2,
OECD.SDD.STES:DSD_STES@DF_FINMARK(4.0),GBR,M,IRLT,PA,_Z,_Z,_Z,_Z,N,2025-06,4.5248,A,0,2,
OECD.SDD.STES:DSD_STES@DF_FINMARK(4.0),GBR,M,IRLT,PA,_Z,_Z,_Z,_Z,N,2025-07,4.5924,A,0,2,
OECD.SDD.STES:DSD_STES@DF_FINMARK(4.0),GBR,M,IRLT,PA,_Z,_Z,_Z,_Z,N,2025-08,4.6369,A,0,2,
OECD.SDD.STES:DSD_STES@DF_FINMARK(4.0),GBR,M,IRLT,PA,_Z,_Z,_Z,_Z,N,2025-09,4.6885,A,0,2,
OECD.SDD.STES:DSD_STES@DF_FINMARK(4.0),GBR,M,IRLT,PA,_Z,_Z,_Z,_Z,N,2025-10,4.5721,A,0,2,
OECD.SDD.STES:DSD_STES@DF_FINMARK(4.0),GBR,M,IRLT,PA,_Z,_Z,_Z,_Z,N,2025-11,4.4985,A,0,2,
OECD.SDD.STES:DSD_STES@DF_FINMARK(4.0),GBR,M,IRLT,PA,_Z,_Z,_Z,_Z,N,2025-12,4.4826,A,0,2,
OECD.SDD.STES:DSD_STES@DF_FINMARK(4.0),GBR,M,IRLT,PA,_Z,_Z,_Z,_Z,N,2026-01,4.451,A,0,2,
OECD.SDD.STES:DSD_STES@DF_FINMARK(4.0),GBR,M,IRLT,PA,_Z,_Z,_Z,_Z,N,2026-02,4.4324,A,0,2,
OECD.SDD.STES:DSD_STES@DF_FINMARK(4.0),GBR,M,IRLT,PA,_Z,_Z,_Z,_Z,N,2026-03,4.7007,A,0,2,
OECD.SDD.STES:DSD_STES@DF_FINMARK(4.0),GBR,M,IRLT,PA,_Z,_Z,_Z,_Z,N,2026-04,4.8207,A,0,2,
OECD.SDD.STES:DSD_STES@DF_FINMARK(4.0),GBR,M,IRLT,PA,_Z,_Z,_Z,_Z,N,2026-05,4.9416,A,0,2,
OECD.SDD.STES:DSD_STES@DF_FINMARK(4.0),AUS,M,IRLT,PA,_Z,_Z,_Z,_Z,N,2015-01,2.622,A,0,2,
OECD.SDD.STES:DSD_STES@DF_FINMARK(4.0),AUS,M,IRLT,PA,_Z,_Z,_Z,_Z,N,2015-02,2.49,A,0,2,
OECD.SDD.STES:DSD_STES@DF_FINMARK(4.0),AUS,M,IRLT,PA,_Z,_Z,_Z,_Z,N,2015-03,2.475,A,0,2,
OECD.SDD.STES:DSD_STES@DF_FINMARK(4.0),AUS,M,IRLT,PA,_Z,_Z,_Z,_Z,N,2015-04,2.41,A,0,2,
OECD.SDD.STES:DSD_STES@DF_FINMARK(4.0),AUS,M,IRLT,PA,_Z,_Z,_Z,_Z,N,2015-05,2.882,A,0,2,
OECD.SDD.STES:DSD_STES@DF_FINMARK(4.0),AUS,M,IRLT,PA,_Z,_Z,_Z,_Z,N,2015-06,2.985,A,0,2,
OECD.SDD.STES:DSD_STES@DF_FINMARK(4.0),AUS,M,IRLT,PA,_Z,_Z,_Z,_Z,N,2015-07,2.922,A,0,2,
OECD.SDD.STES:DSD_STES@DF_FINMARK(4.0),AUS,M,IRLT,PA,_Z,_Z,_Z,_Z,N,2015-08,2.738,A,0,2,
OECD.SDD.STES:DSD_STES@DF_FINMARK(4.0),AUS,M,IRLT,PA,_Z,_Z,_Z,_Z,N,2015-09,2.724,A,0,2,
OECD.SDD.STES:DSD_STES@DF_FINMARK(4.0),AUS,M,IRLT,PA,_Z,_Z,_Z,_Z,N,2015-10,2.657,A,0,2,
OECD.SDD.STES:DSD_STES@DF_FINMARK(4.0),AUS,M,IRLT,PA,_Z,_Z,_Z,_Z,N,2015-11,2.889,A,0,2,
OECD.SDD.STES:DSD_STES@DF_FINMARK(4.0),AUS,M,IRLT,PA,_Z,_Z,_Z,_Z,N,2015-12,2.852,A,0,2,
OECD.SDD.STES:DSD_STES@DF_FINMARK(4.0),AUS,M,IRLT,PA,_Z,_Z,_Z,_Z,N,2016-01,2.708,A,0,2,
OECD.SDD.STES:DSD_STES@DF_FINMARK(4.0),AUS,M,IRLT,PA,_Z,_Z,_Z,_Z,N,2016-02,2.465,A,0,2,
OECD.SDD.STES:DSD_STES@DF_FINMARK(4.0),AUS,M,IRLT,PA,_Z,_Z,_Z,_Z,N,2016-03,2.561,A,0,2,
OECD.SDD.STES:DSD_STES@DF_FINMARK(4.0),AUS,M,IRLT,PA,_Z,_Z,_Z,_Z,N,2016-04,2.512,A,0,2,
OECD.SDD.STES:DSD_STES@DF_FINMARK(4.0),AUS,M,IRLT,PA,_Z,_Z,_Z,_Z,N,2016-05,2.322,A,0,2,
OECD.SDD.STES:DSD_STES@DF_FINMARK(4.0),AUS,M,IRLT,PA,_Z,_Z,_Z,_Z,N,2016-06,2.125,A,0,2,
OECD.SDD.STES:DSD_STES@DF_FINMARK(4.0),AUS,M,IRLT,PA,_Z,_Z,_Z,_Z,N,2016-07,1.936,A,0,2,
OECD.SDD.STES:DSD_STES@DF_FINMARK(4.0),AUS,M,IRLT,PA,_Z,_Z,_Z,_Z,N,2016-08,1.892,A,0,2,
OECD.SDD.STES:DSD_STES@DF_FINMARK(4.0),AUS,M,IRLT,PA,_Z,_Z,_Z,_Z,N,2016-09,2.004,A,0,2,
OECD.SDD.STES:DSD_STES@DF_FINMARK(4.0),AUS,M,IRLT,PA,_Z,_Z,_Z,_Z,N,2016-10,2.231,A,0,2,
OECD.SDD.STES:DSD_STES@DF_FINMARK(4.0),AUS,M,IRLT,PA,_Z,_Z,_Z,_Z,N,2016-11,2.535,A,0,2,
OECD.SDD.STES:DSD_STES@DF_FINMARK(4.0),AUS,M,IRLT,PA,_Z,_Z,_Z,_Z,N,2016-12,2.799,A,0,2,
OECD.SDD.STES:DSD_STES@DF_FINMARK(4.0),AUS,M,IRLT,PA,_Z,_Z,_Z,_Z,N,2017-01,2.711,A,0,2,
OECD.SDD.STES:DSD_STES@DF_FINMARK(4.0),AUS,M,IRLT,PA,_Z,_Z,_Z,_Z,N,2017-02,2.738,A,0,2,
OECD.SDD.STES:DSD_STES@DF_FINMARK(4.0),AUS,M,IRLT,PA,_Z,_Z,_Z,_Z,N,2017-03,2.804,A,0,2,
OECD.SDD.STES:DSD_STES@DF_FINMARK(4.0),AUS,M,IRLT,PA,_Z,_Z,_Z,_Z,N,2017-04,2.557,A,0,2,
OECD.SDD.STES:DSD_STES@DF_FINMARK(4.0),AUS,M,IRLT,PA,_Z,_Z,_Z,_Z,N,2017-05,2.548,A,0,2,
OECD.SDD.STES:DSD_STES@DF_FINMARK(4.0),AUS,M,IRLT,PA,_Z,_Z,_Z,_Z,N,2017-06,2.421,A,0,2,
OECD.SDD.STES:DSD_STES@DF_FINMARK(4.0),AUS,M,IRLT,PA,_Z,_Z,_Z,_Z,N,2017-07,2.664,A,0,2,
OECD.SDD.STES:DSD_STES@DF_FINMARK(4.0),AUS,M,IRLT,PA,_Z,_Z,_Z,_Z,N,2017-08,2.626,A,0,2,
OECD.SDD.STES:DSD_STES@DF_FINMARK(4.0),AUS,M,IRLT,PA,_Z,_Z,_Z,_Z,N,2017-09,2.71,A,0,2,
OECD.SDD.STES:DSD_STES@DF_FINMARK(4.0),AUS,M,IRLT,PA,_Z,_Z,_Z,_Z,N,2017-10,2.768,A,0,2,
OECD.SDD.STES:DSD_STES@DF_FINMARK(4.0),AUS,M,IRLT,PA,_Z,_Z,_Z,_Z,N,2017-11,2.565,A,0,2,
OECD.SDD.STES:DSD_STES@DF_FINMARK(4.0),AUS,M,IRLT,PA,_Z,_Z,_Z,_Z,N,2017-12,2.583,A,0,2,
OECD.SDD.STES:DSD_STES@DF_FINMARK(4.0),AUS,M,IRLT,PA,_Z,_Z,_Z,_Z,N,2018-01,2.747,A,0,2,
OECD.SDD.STES:DSD_STES@DF_FINMARK(4.0),AUS,M,IRLT,PA,_Z,_Z,_Z,_Z,N,2018-02,2.845,A,0,2,
OECD.SDD.STES:DSD_STES@DF_FINMARK(4.0),AUS,M,IRLT,PA,_Z,_Z,_Z,_Z,N,2018-03,2.713,A,0,2,
OECD.SDD.STES:DSD_STES@DF_FINMARK(4.0),AUS,M,IRLT,PA,_Z,_Z,_Z,_Z,N,2018-04,2.734,A,0,2,
OECD.SDD.STES:DSD_STES@DF_FINMARK(4.0),AUS,M,IRLT,PA,_Z,_Z,_Z,_Z,N,2018-05,2.79,A,0,2,
OECD.SDD.STES:DSD_STES@DF_FINMARK(4.0),AUS,M,IRLT,PA,_Z,_Z,_Z,_Z,N,2018-06,2.697,A,0,2,
OECD.SDD.STES:DSD_STES@DF_FINMARK(4.0),AUS,M,IRLT,PA,_Z,_Z,_Z,_Z,N,2018-07,2.637,A,0,2,
OECD.SDD.STES:DSD_STES@DF_FINMARK(4.0),AUS,M,IRLT,PA,_Z,_Z,_Z,_Z,N,2018-08,2.59,A,0,2,
OECD.SDD.STES:DSD_STES@DF_FINMARK(4.0),AUS,M,IRLT,PA,_Z,_Z,_Z,_Z,N,2018-09,2.631,A,0,2,
OECD.SDD.STES:DSD_STES@DF_FINMARK(4.0),AUS,M,IRLT,PA,_Z,_Z,_Z,_Z,N,2018-10,2.682,A,0,2,
OECD.SDD.STES:DSD_STES@DF_FINMARK(4.0),AUS,M,IRLT,PA,_Z,_Z,_Z,_Z,N,2018-11,2.683,A,0,2,
OECD.SDD.STES:DSD_STES@DF_FINMARK(4.0),AUS,M,IRLT,PA,_Z,_Z,_Z,_Z,N,2018-12,2.431,A,0,2,
OECD.SDD.STES:DSD_STES@DF_FINMARK(4.0),AUS,M,IRLT,PA,_Z,_Z,_Z,_Z,N,2019-01,2.271,A,0,2,
OECD.SDD.STES:DSD_STES@DF_FINMARK(4.0),AUS,M,IRLT,PA,_Z,_Z,_Z,_Z,N,2019-02,2.126,A,0,2,
OECD.SDD.STES:DSD_STES@DF_FINMARK(4.0),AUS,M,IRLT,PA,_Z,_Z,_Z,_Z,N,2019-03,1.957,A,0,2,
OECD.SDD.STES:DSD_STES@DF_FINMARK(4.0),AUS,M,IRLT,PA,_Z,_Z,_Z,_Z,N,2019-04,1.865,A,0,2,
OECD.SDD.STES:DSD_STES@DF_FINMARK(4.0),AUS,M,IRLT,PA,_Z,_Z,_Z,_Z,N,2019-05,1.655,A,0,2,
OECD.SDD.STES:DSD_STES@DF_FINMARK(4.0),AUS,M,IRLT,PA,_Z,_Z,_Z,_Z,N,2019-06,1.386,A,0,2,
OECD.SDD.STES:DSD_STES@DF_FINMARK(4.0),AUS,M,IRLT,PA,_Z,_Z,_Z,_Z,N,2019-07,1.32,A,0,2,
OECD.SDD.STES:DSD_STES@DF_FINMARK(4.0),AUS,M,IRLT,PA,_Z,_Z,_Z,_Z,N,2019-08,0.959,A,0,2,
OECD.SDD.STES:DSD_STES@DF_FINMARK(4.0),AUS,M,IRLT,PA,_Z,_Z,_Z,_Z,N,2019-09,1.035,A,0,2,
OECD.SDD.STES:DSD_STES@DF_FINMARK(4.0),AUS,M,IRLT,PA,_Z,_Z,_Z,_Z,N,2019-10,1.037,A,0,2,
OECD.SDD.STES:DSD_STES@DF_FINMARK(4.0),AUS,M,IRLT,PA,_Z,_Z,_Z,_Z,N,2019-11,1.152,A,0,2,
OECD.SDD.STES:DSD_STES@DF_FINMARK(4.0),AUS,M,IRLT,PA,_Z,_Z,_Z,_Z,N,2019-12,1.202,A,0,2,
OECD.SDD.STES:DSD_STES@DF_FINMARK(4.0),AUS,M,IRLT,PA,_Z,_Z,_Z,_Z,N,2020-01,1.159,A,0,2,
OECD.SDD.STES:DSD_STES@DF_FINMARK(4.0),AUS,M,IRLT,PA,_Z,_Z,_Z,_Z,N,2020-02,0.984,A,0,2,
OECD.SDD.STES:DSD_STES@DF_FINMARK(4.0),AUS,M,IRLT,PA,_Z,_Z,_Z,_Z,N,2020-03,0.884,A,0,2,
OECD.SDD.STES:DSD_STES@DF_FINMARK(4.0),AUS,M,IRLT,PA,_Z,_Z,_Z,_Z,N,2020-04,0.854,A,0,2,
OECD.SDD.STES:DSD_STES@DF_FINMARK(4.0),AUS,M,IRLT,PA,_Z,_Z,_Z,_Z,N,2020-05,0.903,A,0,2,
OECD.SDD.STES:DSD_STES@DF_FINMARK(4.0),AUS,M,IRLT,PA,_Z,_Z,_Z,_Z,N,2020-06,0.928,A,0,2,
OECD.SDD.STES:DSD_STES@DF_FINMARK(4.0),AUS,M,IRLT,PA,_Z,_Z,_Z,_Z,N,2020-07,0.897,A,0,2,
OECD.SDD.STES:DSD_STES@DF_FINMARK(4.0),AUS,M,IRLT,PA,_Z,_Z,_Z,_Z,N,2020-08,0.905,A,0,2,
OECD.SDD.STES:DSD_STES@DF_FINMARK(4.0),AUS,M,IRLT,PA,_Z,_Z,_Z,_Z,N,2020-09,0.894,A,0,2,
OECD.SDD.STES:DSD_STES@DF_FINMARK(4.0),AUS,M,IRLT,PA,_Z,_Z,_Z,_Z,N,2020-10,0.802,A,0,2,
OECD.SDD.STES:DSD_STES@DF_FINMARK(4.0),AUS,M,IRLT,PA,_Z,_Z,_Z,_Z,N,2020-11,0.856,A,0,2,
OECD.SDD.STES:DSD_STES@DF_FINMARK(4.0),AUS,M,IRLT,PA,_Z,_Z,_Z,_Z,N,2020-12,0.976,A,0,2,
OECD.SDD.STES:DSD_STES@DF_FINMARK(4.0),AUS,M,IRLT,PA,_Z,_Z,_Z,_Z,N,2021-01,1.053,A,0,2,
OECD.SDD.STES:DSD_STES@DF_FINMARK(4.0),AUS,M,IRLT,PA,_Z,_Z,_Z,_Z,N,2021-02,1.334,A,0,2,
OECD.SDD.STES:DSD_STES@DF_FINMARK(4.0),AUS,M,IRLT,PA,_Z,_Z,_Z,_Z,N,2021-03,1.707,A,0,2,
OECD.SDD.STES:DSD_STES@DF_FINMARK(4.0),AUS,M,IRLT,PA,_Z,_Z,_Z,_Z,N,2021-04,1.676,A,0,2,
OECD.SDD.STES:DSD_STES@DF_FINMARK(4.0),AUS,M,IRLT,PA,_Z,_Z,_Z,_Z,N,2021-05,1.66,A,0,2,
OECD.SDD.STES:DSD_STES@DF_FINMARK(4.0),AUS,M,IRLT,PA,_Z,_Z,_Z,_Z,N,2021-06,1.531,A,0,2,
OECD.SDD.STES:DSD_STES@DF_FINMARK(4.0),AUS,M,IRLT,PA,_Z,_Z,_Z,_Z,N,2021-07,1.254,A,0,2,
OECD.SDD.STES:DSD_STES@DF_FINMARK(4.0),AUS,M,IRLT,PA,_Z,_Z,_Z,_Z,N,2021-08,1.135,A,0,2,
OECD.SDD.STES:DSD_STES@DF_FINMARK(4.0),AUS,M,IRLT,PA,_Z,_Z,_Z,_Z,N,2021-09,1.282,A,0,2,
OECD.SDD.STES:DSD_STES@DF_FINMARK(4.0),AUS,M,IRLT,PA,_Z,_Z,_Z,_Z,N,2021-10,1.71,A,0,2,
OECD.SDD.STES:DSD_STES@DF_FINMARK(4.0),AUS,M,IRLT,PA,_Z,_Z,_Z,_Z,N,2021-11,1.806,A,0,2,
OECD.SDD.STES:DSD_STES@DF_FINMARK(4.0),AUS,M,IRLT,PA,_Z,_Z,_Z,_Z,N,2021-12,1.609,A,0,2,
OECD.SDD.STES:DSD_STES@DF_FINMARK(4.0),AUS,M,IRLT,PA,_Z,_Z,_Z,_Z,N,2022-01,1.888,A,0,2,
OECD.SDD.STES:DSD_STES@DF_FINMARK(4.0),AUS,M,IRLT,PA,_Z,_Z,_Z,_Z,N,2022-02,2.111,A,0,2,
OECD.SDD.STES:DSD_STES@DF_FINMARK(4.0),AUS,M,IRLT,PA,_Z,_Z,_Z,_Z,N,2022-03,2.5,A,0,2,
OECD.SDD.STES:DSD_STES@DF_FINMARK(4.0),AUS,M,IRLT,PA,_Z,_Z,_Z,_Z,N,2022-04,3.008,A,0,2,
OECD.SDD.STES:DSD_STES@DF_FINMARK(4.0),AUS,M,IRLT,PA,_Z,_Z,_Z,_Z,N,2022-05,3.381,A,0,2,
OECD.SDD.STES:DSD_STES@DF_FINMARK(4.0),AUS,M,IRLT,PA,_Z,_Z,_Z,_Z,N,2022-06,3.767,A,0,2,
OECD.SDD.STES:DSD_STES@DF_FINMARK(4.0),AUS,M,IRLT,PA,_Z,_Z,_Z,_Z,N,2022-07,3.429,A,0,2,
OECD.SDD.STES:DSD_STES@DF_FINMARK(4.0),AUS,M,IRLT,PA,_Z,_Z,_Z,_Z,N,2022-08,3.361,A,0,2,
OECD.SDD.STES:DSD_STES@DF_FINMARK(4.0),AUS,M,IRLT,PA,_Z,_Z,_Z,_Z,N,2022-09,3.747,A,0,2,
OECD.SDD.STES:DSD_STES@DF_FINMARK(4.0),AUS,M,IRLT,PA,_Z,_Z,_Z,_Z,N,2022-10,3.919,A,0,2,
OECD.SDD.STES:DSD_STES@DF_FINMARK(4.0),AUS,M,IRLT,PA,_Z,_Z,_Z,_Z,N,2022-11,3.696,A,0,2,
OECD.SDD.STES:DSD_STES@DF_FINMARK(4.0),AUS,M,IRLT,PA,_Z,_Z,_Z,_Z,N,2022-12,3.551,A,0,2,
OECD.SDD.STES:DSD_STES@DF_FINMARK(4.0),AUS,M,IRLT,PA,_Z,_Z,_Z,_Z,N,2023-01,3.604,A,0,2,
OECD.SDD.STES:DSD_STES@DF_FINMARK(4.0),AUS,M,IRLT,PA,_Z,_Z,_Z,_Z,N,2023-02,3.702,A,0,2,
OECD.SDD.STES:DSD_STES@DF_FINMARK(4.0),AUS,M,IRLT,PA,_Z,_Z,_Z,_Z,N,2023-03,3.468,A,0,2,
OECD.SDD.STES:DSD_STES@DF_FINMARK(4.0),AUS,M,IRLT,PA,_Z,_Z,_Z,_Z,N,2023-04,3.343,A,0,2,
OECD.SDD.STES:DSD_STES@DF_FINMARK(4.0),AUS,M,IRLT,PA,_Z,_Z,_Z,_Z,N,2023-05,3.5,A,0,2,
OECD.SDD.STES:DSD_STES@DF_FINMARK(4.0),AUS,M,IRLT,PA,_Z,_Z,_Z,_Z,N,2023-06,3.916,A,0,2,
OECD.SDD.STES:DSD_STES@DF_FINMARK(4.0),AUS,M,IRLT,PA,_Z,_Z,_Z,_Z,N,2023-07,4.036,A,0,2,
OECD.SDD.STES:DSD_STES@DF_FINMARK(4.0),AUS,M,IRLT,PA,_Z,_Z,_Z,_Z,N,2023-08,4.128,A,0,2,
OECD.SDD.STES:DSD_STES@DF_FINMARK(4.0),AUS,M,IRLT,PA,_Z,_Z,_Z,_Z,N,2023-09,4.211,A,0,2,
OECD.SDD.STES:DSD_STES@DF_FINMARK(4.0),AUS,M,IRLT,PA,_Z,_Z,_Z,_Z,N,2023-10,4.633,A,0,2,
OECD.SDD.STES:DSD_STES@DF_FINMARK(4.0),AUS,M,IRLT,PA,_Z,_Z,_Z,_Z,N,2023-11,4.578,A,0,2,
OECD.SDD.STES:DSD_STES@DF_FINMARK(4.0),AUS,M,IRLT,PA,_Z,_Z,_Z,_Z,N,2023-12,4.187,A,0,2,
OECD.SDD.STES:DSD_STES@DF_FINMARK(4.0),AUS,M,IRLT,PA,_Z,_Z,_Z,_Z,N,2024-01,4.148,A,0,2,
OECD.SDD.STES:DSD_STES@DF_FINMARK(4.0),AUS,M,IRLT,PA,_Z,_Z,_Z,_Z,N,2024-02,4.141,A,0,2,
OECD.SDD.STES:DSD_STES@DF_FINMARK(4.0),AUS,M,IRLT,PA,_Z,_Z,_Z,_Z,N,2024-03,4.045,A,0,2,
OECD.SDD.STES:DSD_STES@DF_FINMARK(4.0),AUS,M,IRLT,PA,_Z,_Z,_Z,_Z,N,2024-04,4.268,A,0,2,
OECD.SDD.STES:DSD_STES@DF_FINMARK(4.0),AUS,M,IRLT,PA,_Z,_Z,_Z,_Z,N,2024-05,4.325,A,0,2,
OECD.SDD.STES:DSD_STES@DF_FINMARK(4.0),AUS,M,IRLT,PA,_Z,_Z,_Z,_Z,N,2024-06,4.242,A,0,2,
OECD.SDD.STES:DSD_STES@DF_FINMARK(4.0),AUS,M,IRLT,PA,_Z,_Z,_Z,_Z,N,2024-07,4.326,A,0,2,
OECD.SDD.STES:DSD_STES@DF_FINMARK(4.0),AUS,M,IRLT,PA,_Z,_Z,_Z,_Z,N,2024-08,3.976,A,0,2,
OECD.SDD.STES:DSD_STES@DF_FINMARK(4.0),AUS,M,IRLT,PA,_Z,_Z,_Z,_Z,N,2024-09,3.922,A,0,2,
OECD.SDD.STES:DSD_STES@DF_FINMARK(4.0),AUS,M,IRLT,PA,_Z,_Z,_Z,_Z,N,2024-10,4.267,A,0,2,
OECD.SDD.STES:DSD_STES@DF_FINMARK(4.0),AUS,M,IRLT,PA,_Z,_Z,_Z,_Z,N,2024-11,4.544,A,0,2,
OECD.SDD.STES:DSD_STES@DF_FINMARK(4.0),AUS,M,IRLT,PA,_Z,_Z,_Z,_Z,N,2024-12,4.313,A,0,2,
OECD.SDD.STES:DSD_STES@DF_FINMARK(4.0),AUS,M,IRLT,PA,_Z,_Z,_Z,_Z,N,2025-01,4.481,A,0,2,
OECD.SDD.STES:DSD_STES@DF_FINMARK(4.0),AUS,M,IRLT,PA,_Z,_Z,_Z,_Z,N,2025-02,4.423,A,0,2,
OECD.SDD.STES:DSD_STES@DF_FINMARK(4.0),AUS,M,IRLT,PA,_Z,_Z,_Z,_Z,N,2025-03,4.421,A,0,2,
OECD.SDD.STES:DSD_STES@DF_FINMARK(4.0),AUS,M,IRLT,PA,_Z,_Z,_Z,_Z,N,2025-04,4.267,A,0,2,
OECD.SDD.STES:DSD_STES@DF_FINMARK(4.0),AUS,M,IRLT,PA,_Z,_Z,_Z,_Z,N,2025-05,4.35,A,0,2,
OECD.SDD.STES:DSD_STES@DF_FINMARK(4.0),AUS,M,IRLT,PA,_Z,_Z,_Z,_Z,N,2025-06,4.208,A,0,2,
OECD.SDD.STES:DSD_STES@DF_FINMARK(4.0),AUS,M,IRLT,PA,_Z,_Z,_Z,_Z,N,2025-07,4.291,A,0,2,
OECD.SDD.STES:DSD_STES@DF_FINMARK(4.0),AUS,M,IRLT,PA,_Z,_Z,_Z,_Z,N,2025-08,4.275,A,0,2,
OECD.SDD.STES:DSD_STES@DF_FINMARK(4.0),AUS,M,IRLT,PA,_Z,_Z,_Z,_Z,N,2025-09,4.298,A,0,2,
OECD.SDD.STES:DSD_STES@DF_FINMARK(4.0),AUS,M,IRLT,PA,_Z,_Z,_Z,_Z,N,2025-10,4.234,A,0,2,
OECD.SDD.STES:DSD_STES@DF_FINMARK(4.0),AUS,M,IRLT,PA,_Z,_Z,_Z,_Z,N,2025-11,4.416,A,0,2,
OECD.SDD.STES:DSD_STES@DF_FINMARK(4.0),AUS,M,IRLT,PA,_Z,_Z,_Z,_Z,N,2025-12,4.719,A,0,2,
OECD.SDD.STES:DSD_STES@DF_FINMARK(4.0),AUS,M,IRLT,PA,_Z,_Z,_Z,_Z,N,2026-01,4.75,A,0,2,
OECD.SDD.STES:DSD_STES@DF_FINMARK(4.0),AUS,M,IRLT,PA,_Z,_Z,_Z,_Z,N,2026-02,4.758,A,0,2,
OECD.SDD.STES:DSD_STES@DF_FINMARK(4.0),AUS,M,IRLT,PA,_Z,_Z,_Z,_Z,N,2026-03,4.926,A,0,2,
OECD.SDD.STES:DSD_STES@DF_FINMARK(4.0),AUS,M,IRLT,PA,_Z,_Z,_Z,_Z,N,2026-04,4.969,A,0,2,
OECD.SDD.STES:DSD_STES@DF_FINMARK(4.0),NZL,M,IRLT,PA,_Z,_Z,_Z,_Z,N,2015-01,3.42,A,0,2,
OECD.SDD.STES:DSD_STES@DF_FINMARK(4.0),NZL,M,IRLT,PA,_Z,_Z,_Z,_Z,N,2015-02,3.26,A,0,2,
OECD.SDD.STES:DSD_STES@DF_FINMARK(4.0),NZL,M,IRLT,PA,_Z,_Z,_Z,_Z,N,2015-03,3.3,A,0,2,
OECD.SDD.STES:DSD_STES@DF_FINMARK(4.0),NZL,M,IRLT,PA,_Z,_Z,_Z,_Z,N,2015-04,3.25,A,0,2,
OECD.SDD.STES:DSD_STES@DF_FINMARK(4.0),NZL,M,IRLT,PA,_Z,_Z,_Z,_Z,N,2015-05,3.65,A,0,2,
OECD.SDD.STES:DSD_STES@DF_FINMARK(4.0),NZL,M,IRLT,PA,_Z,_Z,_Z,_Z,N,2015-06,3.77,A,0,2,
OECD.SDD.STES:DSD_STES@DF_FINMARK(4.0),NZL,M,IRLT,PA,_Z,_Z,_Z,_Z,N,2015-07,3.47,A,0,2,
OECD.SDD.STES:DSD_STES@DF_FINMARK(4.0),NZL,M,IRLT,PA,_Z,_Z,_Z,_Z,N,2015-08,3.29,A,0,2,
OECD.SDD.STES:DSD_STES@DF_FINMARK(4.0),NZL,M,IRLT,PA,_Z,_Z,_Z,_Z,N,2015-09,3.29,A,0,2,
OECD.SDD.STES:DSD_STES@DF_FINMARK(4.0),NZL,M,IRLT,PA,_Z,_Z,_Z,_Z,N,2015-10,3.34,A,0,2,
OECD.SDD.STES:DSD_STES@DF_FINMARK(4.0),NZL,M,IRLT,PA,_Z,_Z,_Z,_Z,N,2015-11,3.49,A,0,2,
OECD.SDD.STES:DSD_STES@DF_FINMARK(4.0),NZL,M,IRLT,PA,_Z,_Z,_Z,_Z,N,2015-12,3.55,A,0,2,
OECD.SDD.STES:DSD_STES@DF_FINMARK(4.0),NZL,M,IRLT,PA,_Z,_Z,_Z,_Z,N,2016-01,3.31,A,0,2,
OECD.SDD.STES:DSD_STES@DF_FINMARK(4.0),NZL,M,IRLT,PA,_Z,_Z,_Z,_Z,N,2016-02,3.06,A,0,2,
OECD.SDD.STES:DSD_STES@DF_FINMARK(4.0),NZL,M,IRLT,PA,_Z,_Z,_Z,_Z,N,2016-03,3.02,A,0,2,
OECD.SDD.STES:DSD_STES@DF_FINMARK(4.0),NZL,M,IRLT,PA,_Z,_Z,_Z,_Z,N,2016-04,2.86,A,0,2,
OECD.SDD.STES:DSD_STES@DF_FINMARK(4.0),NZL,M,IRLT,PA,_Z,_Z,_Z,_Z,N,2016-05,2.67,A,0,2,
OECD.SDD.STES:DSD_STES@DF_FINMARK(4.0),NZL,M,IRLT,PA,_Z,_Z,_Z,_Z,N,2016-06,2.51,A,0,2,
OECD.SDD.STES:DSD_STES@DF_FINMARK(4.0),NZL,M,IRLT,PA,_Z,_Z,_Z,_Z,N,2016-07,2.27,A,0,2,
OECD.SDD.STES:DSD_STES@DF_FINMARK(4.0),NZL,M,IRLT,PA,_Z,_Z,_Z,_Z,N,2016-08,2.19,A,0,2,
OECD.SDD.STES:DSD_STES@DF_FINMARK(4.0),NZL,M,IRLT,PA,_Z,_Z,_Z,_Z,N,2016-09,2.4,A,0,2,
OECD.SDD.STES:DSD_STES@DF_FINMARK(4.0),NZL,M,IRLT,PA,_Z,_Z,_Z,_Z,N,2016-10,2.53,A,0,2,
OECD.SDD.STES:DSD_STES@DF_FINMARK(4.0),NZL,M,IRLT,PA,_Z,_Z,_Z,_Z,N,2016-11,2.99,A,0,2,
OECD.SDD.STES:DSD_STES@DF_FINMARK(4.0),NZL,M,IRLT,PA,_Z,_Z,_Z,_Z,N,2016-12,3.33,A,0,2,
OECD.SDD.STES:DSD_STES@DF_FINMARK(4.0),NZL,M,IRLT,PA,_Z,_Z,_Z,_Z,N,2017-01,3.23,A,0,2,
OECD.SDD.STES:DSD_STES@DF_FINMARK(4.0),NZL,M,IRLT,PA,_Z,_Z,_Z,_Z,N,2017-02,3.29,A,0,2,
OECD.SDD.STES:DSD_STES@DF_FINMARK(4.0),NZL,M,IRLT,PA,_Z,_Z,_Z,_Z,N,2017-03,3.28,A,0,2,
OECD.SDD.STES:DSD_STES@DF_FINMARK(4.0),NZL,M,IRLT,PA,_Z,_Z,_Z,_Z,N,2017-04,3.05,A,0,2,
OECD.SDD.STES:DSD_STES@DF_FINMARK(4.0),NZL,M,IRLT,PA,_Z,_Z,_Z,_Z,N,2017-05,2.93,A,0,2,
OECD.SDD.STES:DSD_STES@DF_FINMARK(4.0),NZL,M,IRLT,PA,_Z,_Z,_Z,_Z,N,2017-06,2.77,A,0,2,
OECD.SDD.STES:DSD_STES@DF_FINMARK(4.0),NZL,M,IRLT,PA,_Z,_Z,_Z,_Z,N,2017-07,2.97,A,0,2,
OECD.SDD.STES:DSD_STES@DF_FINMARK(4.0),NZL,M,IRLT,PA,_Z,_Z,_Z,_Z,N,2017-08,2.88,A,0,2,
OECD.SDD.STES:DSD_STES@DF_FINMARK(4.0),NZL,M,IRLT,PA,_Z,_Z,_Z,_Z,N,2017-09,2.91,A,0,2,
OECD.SDD.STES:DSD_STES@DF_FINMARK(4.0),NZL,M,IRLT,PA,_Z,_Z,_Z,_Z,N,2017-10,2.97,A,0,2,
OECD.SDD.STES:DSD_STES@DF_FINMARK(4.0),NZL,M,IRLT,PA,_Z,_Z,_Z,_Z,N,2017-11,2.85,A,0,2,
OECD.SDD.STES:DSD_STES@DF_FINMARK(4.0),NZL,M,IRLT,PA,_Z,_Z,_Z,_Z,N,2017-12,2.76,A,0,2,
OECD.SDD.STES:DSD_STES@DF_FINMARK(4.0),NZL,M,IRLT,PA,_Z,_Z,_Z,_Z,N,2018-01,2.88,A,0,2,
OECD.SDD.STES:DSD_STES@DF_FINMARK(4.0),NZL,M,IRLT,PA,_Z,_Z,_Z,_Z,N,2018-02,2.96,A,0,2,
OECD.SDD.STES:DSD_STES@DF_FINMARK(4.0),NZL,M,IRLT,PA,_Z,_Z,_Z,_Z,N,2018-03,2.87,A,0,2,
OECD.SDD.STES:DSD_STES@DF_FINMARK(4.0),NZL,M,IRLT,PA,_Z,_Z,_Z,_Z,N,2018-04,2.82,A,0,2,
OECD.SDD.STES:DSD_STES@DF_FINMARK(4.0),NZL,M,IRLT,PA,_Z,_Z,_Z,_Z,N,2018-05,2.78,A,0,2,
OECD.SDD.STES:DSD_STES@DF_FINMARK(4.0),NZL,M,IRLT,PA,_Z,_Z,_Z,_Z,N,2018-06,2.9,A,0,2,
OECD.SDD.STES:DSD_STES@DF_FINMARK(4.0),NZL,M,IRLT,PA,_Z,_Z,_Z,_Z,N,2018-07,2.81,A,0,2,
OECD.SDD.STES:DSD_STES@DF_FINMARK(4.0),NZL,M,IRLT,PA,_Z,_Z,_Z,_Z,N,2018-08,2.63,A,0,2,
OECD.SDD.STES:DSD_STES@DF_FINMARK(4.0),NZL,M,IRLT,PA,_Z,_Z,_Z,_Z,N,2018-09,2.59,A,0,2,
OECD.SDD.STES:DSD_STES@DF_FINMARK(4.0),NZL,M,IRLT,PA,_Z,_Z,_Z,_Z,N,2018-10,2.62,A,0,2,
OECD.SDD.STES:DSD_STES@DF_FINMARK(4.0),NZL,M,IRLT,PA,_Z,_Z,_Z,_Z,N,2018-11,2.68,A,0,2,
OECD.SDD.STES:DSD_STES@DF_FINMARK(4.0),NZL,M,IRLT,PA,_Z,_Z,_Z,_Z,N,2018-12,2.44,A,0,2,
OECD.SDD.STES:DSD_STES@DF_FINMARK(4.0),NZL,M,IRLT,PA,_Z,_Z,_Z,_Z,N,2019-01,2.32,A,0,2,
OECD.SDD.STES:DSD_STES@DF_FINMARK(4.0),NZL,M,IRLT,PA,_Z,_Z,_Z,_Z,N,2019-02,2.17,A,0,2,
OECD.SDD.STES:DSD_STES@DF_FINMARK(4.0),NZL,M,IRLT,PA,_Z,_Z,_Z,_Z,N,2019-03,2.02,A,0,2,
OECD.SDD.STES:DSD_STES@DF_FINMARK(4.0),NZL,M,IRLT,PA,_Z,_Z,_Z,_Z,N,2019-04,1.96,A,0,2,
OECD.SDD.STES:DSD_STES@DF_FINMARK(4.0),NZL,M,IRLT,PA,_Z,_Z,_Z,_Z,N,2019-05,1.8,A,0,2,
OECD.SDD.STES:DSD_STES@DF_FINMARK(4.0),NZL,M,IRLT,PA,_Z,_Z,_Z,_Z,N,2019-06,1.62,A,0,2,
OECD.SDD.STES:DSD_STES@DF_FINMARK(4.0),NZL,M,IRLT,PA,_Z,_Z,_Z,_Z,N,2019-07,1.55,A,0,2,
OECD.SDD.STES:DSD_STES@DF_FINMARK(4.0),NZL,M,IRLT,PA,_Z,_Z,_Z,_Z,N,2019-08,1.12,A,0,2,
OECD.SDD.STES:DSD_STES@DF_FINMARK(4.0),NZL,M,IRLT,PA,_Z,_Z,_Z,_Z,N,2019-09,1.16,A,0,2,
OECD.SDD.STES:DSD_STES@DF_FINMARK(4.0),NZL,M,IRLT,PA,_Z,_Z,_Z,_Z,N,2019-10,1.16,A,0,2,
OECD.SDD.STES:DSD_STES@DF_FINMARK(4.0),NZL,M,IRLT,PA,_Z,_Z,_Z,_Z,N,2019-11,1.35,A,0,2,
OECD.SDD.STES:DSD_STES@DF_FINMARK(4.0),NZL,M,IRLT,PA,_Z,_Z,_Z,_Z,N,2019-12,1.54,A,0,2,
OECD.SDD.STES:DSD_STES@DF_FINMARK(4.0),NZL,M,IRLT,PA,_Z,_Z,_Z,_Z,N,2020-01,1.47,A,0,2,
OECD.SDD.STES:DSD_STES@DF_FINMARK(4.0),NZL,M,IRLT,PA,_Z,_Z,_Z,_Z,N,2020-02,1.27,A,0,2,
OECD.SDD.STES:DSD_STES@DF_FINMARK(4.0),NZL,M,IRLT,PA,_Z,_Z,_Z,_Z,N,2020-03,1.11,A,0,2,
OECD.SDD.STES:DSD_STES@DF_FINMARK(4.0),NZL,M,IRLT,PA,_Z,_Z,_Z,_Z,N,2020-04,0.94,A,0,2,
OECD.SDD.STES:DSD_STES@DF_FINMARK(4.0),NZL,M,IRLT,PA,_Z,_Z,_Z,_Z,N,2020-05,0.63,A,0,2,
OECD.SDD.STES:DSD_STES@DF_FINMARK(4.0),NZL,M,IRLT,PA,_Z,_Z,_Z,_Z,N,2020-06,0.9,A,0,2,
OECD.SDD.STES:DSD_STES@DF_FINMARK(4.0),NZL,M,IRLT,PA,_Z,_Z,_Z,_Z,N,2020-07,0.9,A,0,2,
OECD.SDD.STES:DSD_STES@DF_FINMARK(4.0),NZL,M,IRLT,PA,_Z,_Z,_Z,_Z,N,2020-08,0.67,A,0,2,
OECD.SDD.STES:DSD_STES@DF_FINMARK(4.0),NZL,M,IRLT,PA,_Z,_Z,_Z,_Z,N,2020-09,0.55,A,0,2,
OECD.SDD.STES:DSD_STES@DF_FINMARK(4.0),NZL,M,IRLT,PA,_Z,_Z,_Z,_Z,N,2020-10,0.54,A,0,2,
OECD.SDD.STES:DSD_STES@DF_FINMARK(4.0),NZL,M,IRLT,PA,_Z,_Z,_Z,_Z,N,2020-11,0.77,A,0,2,
OECD.SDD.STES:DSD_STES@DF_FINMARK(4.0),NZL,M,IRLT,PA,_Z,_Z,_Z,_Z,N,2020-12,0.92,A,0,2,
OECD.SDD.STES:DSD_STES@DF_FINMARK(4.0),NZL,M,IRLT,PA,_Z,_Z,_Z,_Z,N,2021-01,1.04,A,0,2,
OECD.SDD.STES:DSD_STES@DF_FINMARK(4.0),NZL,M,IRLT,PA,_Z,_Z,_Z,_Z,N,2021-02,1.46,A,0,2,
OECD.SDD.STES:DSD_STES@DF_FINMARK(4.0),NZL,M,IRLT,PA,_Z,_Z,_Z,_Z,N,2021-03,1.76,A,0,2,
OECD.SDD.STES:DSD_STES@DF_FINMARK(4.0),NZL,M,IRLT,PA,_Z,_Z,_Z,_Z,N,2021-04,1.67,A,0,2,
OECD.SDD.STES:DSD_STES@DF_FINMARK(4.0),NZL,M,IRLT,PA,_Z,_Z,_Z,_Z,N,2021-05,1.81,A,0,2,
OECD.SDD.STES:DSD_STES@DF_FINMARK(4.0),NZL,M,IRLT,PA,_Z,_Z,_Z,_Z,N,2021-06,1.76,A,0,2,
OECD.SDD.STES:DSD_STES@DF_FINMARK(4.0),NZL,M,IRLT,PA,_Z,_Z,_Z,_Z,N,2021-07,1.58,A,0,2,
OECD.SDD.STES:DSD_STES@DF_FINMARK(4.0),NZL,M,IRLT,PA,_Z,_Z,_Z,_Z,N,2021-08,1.65,A,0,2,
OECD.SDD.STES:DSD_STES@DF_FINMARK(4.0),NZL,M,IRLT,PA,_Z,_Z,_Z,_Z,N,2021-09,1.88,A,0,2,
OECD.SDD.STES:DSD_STES@DF_FINMARK(4.0),NZL,M,IRLT,PA,_Z,_Z,_Z,_Z,N,2021-10,2.23,A,0,2,
OECD.SDD.STES:DSD_STES@DF_FINMARK(4.0),NZL,M,IRLT,PA,_Z,_Z,_Z,_Z,N,2021-11,2.57,A,0,2,
OECD.SDD.STES:DSD_STES@DF_FINMARK(4.0),NZL,M,IRLT,PA,_Z,_Z,_Z,_Z,N,2021-12,2.37,A,0,2,
OECD.SDD.STES:DSD_STES@DF_FINMARK(4.0),NZL,M,IRLT,PA,_Z,_Z,_Z,_Z,N,2022-01,2.56,A,0,2,
OECD.SDD.STES:DSD_STES@DF_FINMARK(4.0),NZL,M,IRLT,PA,_Z,_Z,_Z,_Z,N,2022-02,2.73,A,0,2,
OECD.SDD.STES:DSD_STES@DF_FINMARK(4.0),NZL,M,IRLT,PA,_Z,_Z,_Z,_Z,N,2022-03,3.07,A,0,2,
OECD.SDD.STES:DSD_STES@DF_FINMARK(4.0),NZL,M,IRLT,PA,_Z,_Z,_Z,_Z,N,2022-04,3.47,A,0,2,
OECD.SDD.STES:DSD_STES@DF_FINMARK(4.0),NZL,M,IRLT,PA,_Z,_Z,_Z,_Z,N,2022-05,3.65,A,0,2,
OECD.SDD.STES:DSD_STES@DF_FINMARK(4.0),NZL,M,IRLT,PA,_Z,_Z,_Z,_Z,N,2022-06,3.98,A,0,2,
OECD.SDD.STES:DSD_STES@DF_FINMARK(4.0),NZL,M,IRLT,PA,_Z,_Z,_Z,_Z,N,2022-07,3.65,A,0,2,
OECD.SDD.STES:DSD_STES@DF_FINMARK(4.0),NZL,M,IRLT,PA,_Z,_Z,_Z,_Z,N,2022-08,3.57,A,0,2,
OECD.SDD.STES:DSD_STES@DF_FINMARK(4.0),NZL,M,IRLT,PA,_Z,_Z,_Z,_Z,N,2022-09,4.06,A,0,2,
OECD.SDD.STES:DSD_STES@DF_FINMARK(4.0),NZL,M,IRLT,PA,_Z,_Z,_Z,_Z,N,2022-10,4.41,A,0,2,
OECD.SDD.STES:DSD_STES@DF_FINMARK(4.0),NZL,M,IRLT,PA,_Z,_Z,_Z,_Z,N,2022-11,4.28,A,0,2,
OECD.SDD.STES:DSD_STES@DF_FINMARK(4.0),NZL,M,IRLT,PA,_Z,_Z,_Z,_Z,N,2022-12,4.21,A,0,2,
OECD.SDD.STES:DSD_STES@DF_FINMARK(4.0),NZL,M,IRLT,PA,_Z,_Z,_Z,_Z,N,2023-01,4.13,A,0,2,
OECD.SDD.STES:DSD_STES@DF_FINMARK(4.0),NZL,M,IRLT,PA,_Z,_Z,_Z,_Z,N,2023-02,4.31,A,0,2,
OECD.SDD.STES:DSD_STES@DF_FINMARK(4.0),NZL,M,IRLT,PA,_Z,_Z,_Z,_Z,N,2023-03,4.34,A,0,2,
OECD.SDD.STES:DSD_STES@DF_FINMARK(4.0),NZL,M,IRLT,PA,_Z,_Z,_Z,_Z,N,2023-04,4.09,A,0,2,
OECD.SDD.STES:DSD_STES@DF_FINMARK(4.0),NZL,M,IRLT,PA,_Z,_Z,_Z,_Z,N,2023-05,4.22,A,0,2,
OECD.SDD.STES:DSD_STES@DF_FINMARK(4.0),NZL,M,IRLT,PA,_Z,_Z,_Z,_Z,N,2023-06,4.49,A,0,2,
OECD.SDD.STES:DSD_STES@DF_FINMARK(4.0),NZL,M,IRLT,PA,_Z,_Z,_Z,_Z,N,2023-07,4.64,A,0,2,
OECD.SDD.STES:DSD_STES@DF_FINMARK(4.0),NZL,M,IRLT,PA,_Z,_Z,_Z,_Z,N,2023-08,4.91,A,0,2,
OECD.SDD.STES:DSD_STES@DF_FINMARK(4.0),NZL,M,IRLT,PA,_Z,_Z,_Z,_Z,N,2023-09,5.05,A,0,2,
OECD.SDD.STES:DSD_STES@DF_FINMARK(4.0),NZL,M,IRLT,PA,_Z,_Z,_Z,_Z,N,2023-10,5.47,A,0,2,
OECD.SDD.STES:DSD_STES@DF_FINMARK(4.0),NZL,M,IRLT,PA,_Z,_Z,_Z,_Z,N,2023-11,5.08,A,0,2,
OECD.SDD.STES:DSD_STES@DF_FINMARK(4.0),NZL,M,IRLT,PA,_Z,_Z,_Z,_Z,N,2023-12,4.7,A,0,2,
OECD.SDD.STES:DSD_STES@DF_FINMARK(4.0),NZL,M,IRLT,PA,_Z,_Z,_Z,_Z,N,2024-01,4.65,A,0,2,
OECD.SDD.STES:DSD_STES@DF_FINMARK(4.0),NZL,M,IRLT,PA,_Z,_Z,_Z,_Z,N,2024-02,4.8,A,0,2,
OECD.SDD.STES:DSD_STES@DF_FINMARK(4.0),NZL,M,IRLT,PA,_Z,_Z,_Z,_Z,N,2024-03,4.64,A,0,2,
OECD.SDD.STES:DSD_STES@DF_FINMARK(4.0),NZL,M,IRLT,PA,_Z,_Z,_Z,_Z,N,2024-04,4.82,A,0,2,
OECD.SDD.STES:DSD_STES@DF_FINMARK(4.0),NZL,M,IRLT,PA,_Z,_Z,_Z,_Z,N,2024-05,4.75,A,0,2,
OECD.SDD.STES:DSD_STES@DF_FINMARK(4.0),NZL,M,IRLT,PA,_Z,_Z,_Z,_Z,N,2024-06,4.64,A,0,2,
OECD.SDD.STES:DSD_STES@DF_FINMARK(4.0),NZL,M,IRLT,PA,_Z,_Z,_Z,_Z,N,2024-07,4.5,A,0,2,
OECD.SDD.STES:DSD_STES@DF_FINMARK(4.0),NZL,M,IRLT,PA,_Z,_Z,_Z,_Z,N,2024-08,4.22,A,0,2,
OECD.SDD.STES:DSD_STES@DF_FINMARK(4.0),NZL,M,IRLT,PA,_Z,_Z,_Z,_Z,N,2024-09,4.19,A,0,2,
OECD.SDD.STES:DSD_STES@DF_FINMARK(4.0),NZL,M,IRLT,PA,_Z,_Z,_Z,_Z,N,2024-10,4.38,A,0,2,
OECD.SDD.STES:DSD_STES@DF_FINMARK(4.0),NZL,M,IRLT,PA,_Z,_Z,_Z,_Z,N,2024-11,4.63,A,0,2,
OECD.SDD.STES:DSD_STES@DF_FINMARK(4.0),NZL,M,IRLT,PA,_Z,_Z,_Z,_Z,N,2024-12,4.49,A,0,2,
OECD.SDD.STES:DSD_STES@DF_FINMARK(4.0),NZL,M,IRLT,PA,_Z,_Z,_Z,_Z,N,2025-01,4.65,A,0,2,
OECD.SDD.STES:DSD_STES@DF_FINMARK(4.0),NZL,M,IRLT,PA,_Z,_Z,_Z,_Z,N,2025-02,4.61,A,0,2,
OECD.SDD.STES:DSD_STES@DF_FINMARK(4.0),NZL,M,IRLT,PA,_Z,_Z,_Z,_Z,N,2025-03,4.63,A,0,2,
OECD.SDD.STES:DSD_STES@DF_FINMARK(4.0),NZL,M,IRLT,PA,_Z,_Z,_Z,_Z,N,2025-04,4.55,A,0,2,
OECD.SDD.STES:DSD_STES@DF_FINMARK(4.0),NZL,M,IRLT,PA,_Z,_Z,_Z,_Z,N,2025-05,4.59,A,0,2,
OECD.SDD.STES:DSD_STES@DF_FINMARK(4.0),NZL,M,IRLT,PA,_Z,_Z,_Z,_Z,N,2025-06,4.58,A,0,2,
OECD.SDD.STES:DSD_STES@DF_FINMARK(4.0),NZL,M,IRLT,PA,_Z,_Z,_Z,_Z,N,2025-07,4.55,A,0,2,
OECD.SDD.STES:DSD_STES@DF_FINMARK(4.0),NZL,M,IRLT,PA,_Z,_Z,_Z,_Z,N,2025-08,4.41,A,0,2,
OECD.SDD.STES:DSD_STES@DF_FINMARK(4.0),NZL,M,IRLT,PA,_Z,_Z,_Z,_Z,N,2025-09,4.29,A,0,2,
OECD.SDD.STES:DSD_STES@DF_FINMARK(4.0),NZL,M,IRLT,PA,_Z,_Z,_Z,_Z,N,2025-10,4.08,A,0,2,
OECD.SDD.STES:DSD_STES@DF_FINMARK(4.0),NZL,M,IRLT,PA,_Z,_Z,_Z,_Z,N,2025-11,4.21,A,0,2,
OECD.SDD.STES:DSD_STES@DF_FINMARK(4.0),NZL,M,IRLT,PA,_Z,_Z,_Z,_Z,N,2025-12,4.52,A,0,2,
OECD.SDD.STES:DSD_STES@DF_FINMARK(4.0),NZL,M,IRLT,PA,_Z,_Z,_Z,_Z,N,2026-01,4.51,A,0,2,
OECD.SDD.STES:DSD_STES@DF_FINMARK(4.0),NZL,M,IRLT,PA,_Z,_Z,_Z,_Z,N,2026-02,4.45,A,0,2,
OECD.SDD.STES:DSD_STES@DF_FINMARK(4.0),NZL,M,IRLT,PA,_Z,_Z,_Z,_Z,N,2026-03,4.64,A,0,2,
OECD.SDD.STES:DSD_STES@DF_FINMARK(4.0),NZL,M,IRLT,PA,_Z,_Z,_Z,_Z,N,2026-04,4.68,A,0,2,
OECD.SDD.STES:DSD_STES@DF_FINMARK(4.0),NZL,M,IRLT,PA,_Z,_Z,_Z,_Z,N,2026-05,4.68,A,0,2,
OECD.SDD.STES:DSD_STES@DF_FINMARK(4.0),EA20,M,IRLT,PA,_Z,_Z,_Z,_Z,N,2015-01,1.265715,A,0,2,
OECD.SDD.STES:DSD_STES@DF_FINMARK(4.0),EA20,M,IRLT,PA,_Z,_Z,_Z,_Z,N,2015-02,1.20888,A,0,2,
OECD.SDD.STES:DSD_STES@DF_FINMARK(4.0),EA20,M,IRLT,PA,_Z,_Z,_Z,_Z,N,2015-03,0.9505888,A,0,2,
OECD.SDD.STES:DSD_STES@DF_FINMARK(4.0),EA20,M,IRLT,PA,_Z,_Z,_Z,_Z,N,2015-04,0.8498141,A,0,2,
OECD.SDD.STES:DSD_STES@DF_FINMARK(4.0),EA20,M,IRLT,PA,_Z,_Z,_Z,_Z,N,2015-05,1.330113,A,0,2,
OECD.SDD.STES:DSD_STES@DF_FINMARK(4.0),EA20,M,IRLT,PA,_Z,_Z,_Z,_Z,N,2015-06,1.659455,A,0,2,
OECD.SDD.STES:DSD_STES@DF_FINMARK(4.0),EA20,M,IRLT,PA,_Z,_Z,_Z,_Z,N,2015-07,1.529661,A,0,2,
OECD.SDD.STES:DSD_STES@DF_FINMARK(4.0),EA20,M,IRLT,PA,_Z,_Z,_Z,_Z,N,2015-08,1.387667,A,0,2,
OECD.SDD.STES:DSD_STES@DF_FINMARK(4.0),EA20,M,IRLT,PA,_Z,_Z,_Z,_Z,N,2015-09,1.479898,A,0,2,
OECD.SDD.STES:DSD_STES@DF_FINMARK(4.0),EA20,M,IRLT,PA,_Z,_Z,_Z,_Z,N,2015-10,1.202401,A,0,2,
OECD.SDD.STES:DSD_STES@DF_FINMARK(4.0),EA20,M,IRLT,PA,_Z,_Z,_Z,_Z,N,2015-11,1.153719,A,0,2,
OECD.SDD.STES:DSD_STES@DF_FINMARK(4.0),EA20,M,IRLT,PA,_Z,_Z,_Z,_Z,N,2015-12,1.191789,A,0,2,
OECD.SDD.STES:DSD_STES@DF_FINMARK(4.0),EA20,M,IRLT,PA,_Z,_Z,_Z,_Z,N,2016-01,1.114501,A,0,2,
OECD.SDD.STES:DSD_STES@DF_FINMARK(4.0),EA20,M,IRLT,PA,_Z,_Z,_Z,_Z,N,2016-02,1.041831,A,0,2,
OECD.SDD.STES:DSD_STES@DF_FINMARK(4.0),EA20,M,IRLT,PA,_Z,_Z,_Z,_Z,N,2016-03,0.9306953,A,0,2,
OECD.SDD.STES:DSD_STES@DF_FINMARK(4.0),EA20,M,IRLT,PA,_Z,_Z,_Z,_Z,N,2016-04,0.9601519,A,0,2,
OECD.SDD.STES:DSD_STES@DF_FINMARK(4.0),EA20,M,IRLT,PA,_Z,_Z,_Z,_Z,N,2016-05,0.9723314,A,0,2,
OECD.SDD.STES:DSD_STES@DF_FINMARK(4.0),EA20,M,IRLT,PA,_Z,_Z,_Z,_Z,N,2016-06,0.8829781,A,0,2,
OECD.SDD.STES:DSD_STES@DF_FINMARK(4.0),EA20,M,IRLT,PA,_Z,_Z,_Z,_Z,N,2016-07,0.6210882,A,0,2,
OECD.SDD.STES:DSD_STES@DF_FINMARK(4.0),EA20,M,IRLT,PA,_Z,_Z,_Z,_Z,N,2016-08,0.6111509,A,0,2,
OECD.SDD.STES:DSD_STES@DF_FINMARK(4.0),EA20,M,IRLT,PA,_Z,_Z,_Z,_Z,N,2016-09,0.7325425,A,0,2,
OECD.SDD.STES:DSD_STES@DF_FINMARK(4.0),EA20,M,IRLT,PA,_Z,_Z,_Z,_Z,N,2016-10,0.7664177,A,0,2,
OECD.SDD.STES:DSD_STES@DF_FINMARK(4.0),EA20,M,IRLT,PA,_Z,_Z,_Z,_Z,N,2016-11,1.225888,A,0,2,
OECD.SDD.STES:DSD_STES@DF_FINMARK(4.0),EA20,M,IRLT,PA,_Z,_Z,_Z,_Z,N,2016-12,1.283209,A,0,2,
OECD.SDD.STES:DSD_STES@DF_FINMARK(4.0),EA20,M,IRLT,PA,_Z,_Z,_Z,_Z,N,2017-01,1.307387,A,0,2,
OECD.SDD.STES:DSD_STES@DF_FINMARK(4.0),EA20,M,IRLT,PA,_Z,_Z,_Z,_Z,N,2017-02,1.437141,A,0,2,
OECD.SDD.STES:DSD_STES@DF_FINMARK(4.0),EA20,M,IRLT,PA,_Z,_Z,_Z,_Z,N,2017-03,1.453137,A,0,2,
OECD.SDD.STES:DSD_STES@DF_FINMARK(4.0),EA20,M,IRLT,PA,_Z,_Z,_Z,_Z,N,2017-04,1.262575,A,0,2,
OECD.SDD.STES:DSD_STES@DF_FINMARK(4.0),EA20,M,IRLT,PA,_Z,_Z,_Z,_Z,N,2017-05,1.172372,A,0,2,
OECD.SDD.STES:DSD_STES@DF_FINMARK(4.0),EA20,M,IRLT,PA,_Z,_Z,_Z,_Z,N,2017-06,1.07211,A,0,2,
OECD.SDD.STES:DSD_STES@DF_FINMARK(4.0),EA20,M,IRLT,PA,_Z,_Z,_Z,_Z,N,2017-07,1.20647,A,0,2,
OECD.SDD.STES:DSD_STES@DF_FINMARK(4.0),EA20,M,IRLT,PA,_Z,_Z,_Z,_Z,N,2017-08,1.044532,A,0,2,
OECD.SDD.STES:DSD_STES@DF_FINMARK(4.0),EA20,M,IRLT,PA,_Z,_Z,_Z,_Z,N,2017-09,1.115921,A,0,2,
OECD.SDD.STES:DSD_STES@DF_FINMARK(4.0),EA20,M,IRLT,PA,_Z,_Z,_Z,_Z,N,2017-10,1.149404,A,0,2,
OECD.SDD.STES:DSD_STES@DF_FINMARK(4.0),EA20,M,IRLT,PA,_Z,_Z,_Z,_Z,N,2017-11,0.9487316,A,0,2,
OECD.SDD.STES:DSD_STES@DF_FINMARK(4.0),EA20,M,IRLT,PA,_Z,_Z,_Z,_Z,N,2017-12,0.8790263,A,0,2,
OECD.SDD.STES:DSD_STES@DF_FINMARK(4.0),EA20,M,IRLT,PA,_Z,_Z,_Z,_Z,N,2018-01,1.03093,A,0,2,
OECD.SDD.STES:DSD_STES@DF_FINMARK(4.0),EA20,M,IRLT,PA,_Z,_Z,_Z,_Z,N,2018-02,1.269663,A,0,2,
OECD.SDD.STES:DSD_STES@DF_FINMARK(4.0),EA20,M,IRLT,PA,_Z,_Z,_Z,_Z,N,2018-03,1.168398,A,0,2,
OECD.SDD.STES:DSD_STES@DF_FINMARK(4.0),EA20,M,IRLT,PA,_Z,_Z,_Z,_Z,N,2018-04,1.125532,A,0,2,
OECD.SDD.STES:DSD_STES@DF_FINMARK(4.0),EA20,M,IRLT,PA,_Z,_Z,_Z,_Z,N,2018-05,1.236215,A,0,2,
OECD.SDD.STES:DSD_STES@DF_FINMARK(4.0),EA20,M,IRLT,PA,_Z,_Z,_Z,_Z,N,2018-06,1.287331,A,0,2,
OECD.SDD.STES:DSD_STES@DF_FINMARK(4.0),EA20,M,IRLT,PA,_Z,_Z,_Z,_Z,N,2018-07,1.195883,A,0,2,
OECD.SDD.STES:DSD_STES@DF_FINMARK(4.0),EA20,M,IRLT,PA,_Z,_Z,_Z,_Z,N,2018-08,1.365788,A,0,2,
OECD.SDD.STES:DSD_STES@DF_FINMARK(4.0),EA20,M,IRLT,PA,_Z,_Z,_Z,_Z,N,2018-09,1.319162,A,0,2,
OECD.SDD.STES:DSD_STES@DF_FINMARK(4.0),EA20,M,IRLT,PA,_Z,_Z,_Z,_Z,N,2018-10,1.553994,A,0,2,
OECD.SDD.STES:DSD_STES@DF_FINMARK(4.0),EA20,M,IRLT,PA,_Z,_Z,_Z,_Z,N,2018-11,1.40518,A,0,2,
OECD.SDD.STES:DSD_STES@DF_FINMARK(4.0),EA20,M,IRLT,PA,_Z,_Z,_Z,_Z,N,2018-12,1.210559,A,0,2,
OECD.SDD.STES:DSD_STES@DF_FINMARK(4.0),EA20,M,IRLT,PA,_Z,_Z,_Z,_Z,N,2019-01,1.202421,A,0,2,
OECD.SDD.STES:DSD_STES@DF_FINMARK(4.0),EA20,M,IRLT,PA,_Z,_Z,_Z,_Z,N,2019-02,1.119999,A,0,2,
OECD.SDD.STES:DSD_STES@DF_FINMARK(4.0),EA20,M,IRLT,PA,_Z,_Z,_Z,_Z,N,2019-03,0.9919727,A,0,2,
OECD.SDD.STES:DSD_STES@DF_FINMARK(4.0),EA20,M,IRLT,PA,_Z,_Z,_Z,_Z,N,2019-04,0.9520383,A,0,2,
OECD.SDD.STES:DSD_STES@DF_FINMARK(4.0),EA20,M,IRLT,PA,_Z,_Z,_Z,_Z,N,2019-05,0.8714842,A,0,2,
OECD.SDD.STES:DSD_STES@DF_FINMARK(4.0),EA20,M,IRLT,PA,_Z,_Z,_Z,_Z,N,2019-06,0.5739757,A,0,2,
OECD.SDD.STES:DSD_STES@DF_FINMARK(4.0),EA20,M,IRLT,PA,_Z,_Z,_Z,_Z,N,2019-07,0.3575868,A,0,2,
OECD.SDD.STES:DSD_STES@DF_FINMARK(4.0),EA20,M,IRLT,PA,_Z,_Z,_Z,_Z,N,2019-08,0.09950327,A,0,2,
OECD.SDD.STES:DSD_STES@DF_FINMARK(4.0),EA20,M,IRLT,PA,_Z,_Z,_Z,_Z,N,2019-09,0.04752293,A,0,2,
OECD.SDD.STES:DSD_STES@DF_FINMARK(4.0),EA20,M,IRLT,PA,_Z,_Z,_Z,_Z,N,2019-10,0.1315678,A,0,2,
OECD.SDD.STES:DSD_STES@DF_FINMARK(4.0),EA20,M,IRLT,PA,_Z,_Z,_Z,_Z,N,2019-11,0.3012677,A,0,2,
OECD.SDD.STES:DSD_STES@DF_FINMARK(4.0),EA20,M,IRLT,PA,_Z,_Z,_Z,_Z,N,2019-12,0.3660365,A,0,2,
OECD.SDD.STES:DSD_STES@DF_FINMARK(4.0),EA20,M,IRLT,PA,_Z,_Z,_Z,_Z,N,2020-01,0.3158675,A,0,2,
OECD.SDD.STES:DSD_STES@DF_FINMARK(4.0),EA20,M,IRLT,PA,_Z,_Z,_Z,_Z,N,2020-02,0.1322627,A,0,2,
OECD.SDD.STES:DSD_STES@DF_FINMARK(4.0),EA20,M,IRLT,PA,_Z,_Z,_Z,_Z,N,2020-03,0.3726343,A,0,2,
OECD.SDD.STES:DSD_STES@DF_FINMARK(4.0),EA20,M,IRLT,PA,_Z,_Z,_Z,_Z,N,2020-04,0.5537761,A,0,2,
OECD.SDD.STES:DSD_STES@DF_FINMARK(4.0),EA20,M,IRLT,PA,_Z,_Z,_Z,_Z,N,2020-05,0.4791358,A,0,2,
OECD.SDD.STES:DSD_STES@DF_FINMARK(4.0),EA20,M,IRLT,PA,_Z,_Z,_Z,_Z,N,2020-06,0.3514593,A,0,2,
OECD.SDD.STES:DSD_STES@DF_FINMARK(4.0),EA20,M,IRLT,PA,_Z,_Z,_Z,_Z,N,2020-07,0.2208853,A,0,2,
OECD.SDD.STES:DSD_STES@DF_FINMARK(4.0),EA20,M,IRLT,PA,_Z,_Z,_Z,_Z,N,2020-08,0.160072,A,0,2,
OECD.SDD.STES:DSD_STES@DF_FINMARK(4.0),EA20,M,IRLT,PA,_Z,_Z,_Z,_Z,N,2020-09,0.1234637,A,0,2,
OECD.SDD.STES:DSD_STES@DF_FINMARK(4.0),EA20,M,IRLT,PA,_Z,_Z,_Z,_Z,N,2020-10,0.0003605896,A,0,2,
OECD.SDD.STES:DSD_STES@DF_FINMARK(4.0),EA20,M,IRLT,PA,_Z,_Z,_Z,_Z,N,2020-11,-0.05504232,A,0,2,
OECD.SDD.STES:DSD_STES@DF_FINMARK(4.0),EA20,M,IRLT,PA,_Z,_Z,_Z,_Z,N,2020-12,-0.09188182,A,0,2,
OECD.SDD.STES:DSD_STES@DF_FINMARK(4.0),EA20,M,IRLT,PA,_Z,_Z,_Z,_Z,N,2021-01,-0.06375676,A,0,2,
OECD.SDD.STES:DSD_STES@DF_FINMARK(4.0),EA20,M,IRLT,PA,_Z,_Z,_Z,_Z,N,2021-02,0.06320937,A,0,2,
OECD.SDD.STES:DSD_STES@DF_FINMARK(4.0),EA20,M,IRLT,PA,_Z,_Z,_Z,_Z,N,2021-03,0.1478562,A,0,2,
OECD.SDD.STES:DSD_STES@DF_FINMARK(4.0),EA20,M,IRLT,PA,_Z,_Z,_Z,_Z,N,2021-04,0.2049192,A,0,2,
OECD.SDD.STES:DSD_STES@DF_FINMARK(4.0),EA20,M,IRLT,PA,_Z,_Z,_Z,_Z,N,2021-05,0.377151,A,0,2,
OECD.SDD.STES:DSD_STES@DF_FINMARK(4.0),EA20,M,IRLT,PA,_Z,_Z,_Z,_Z,N,2021-06,0.3039733,A,0,2,
OECD.SDD.STES:DSD_STES@DF_FINMARK(4.0),EA20,M,IRLT,PA,_Z,_Z,_Z,_Z,N,2021-07,0.1633645,A,0,2,
OECD.SDD.STES:DSD_STES@DF_FINMARK(4.0),EA20,M,IRLT,PA,_Z,_Z,_Z,_Z,N,2021-08,0.05946938,A,0,2,
OECD.SDD.STES:DSD_STES@DF_FINMARK(4.0),EA20,M,IRLT,PA,_Z,_Z,_Z,_Z,N,2021-09,0.1970812,A,0,2,
OECD.SDD.STES:DSD_STES@DF_FINMARK(4.0),EA20,M,IRLT,PA,_Z,_Z,_Z,_Z,N,2021-10,0.3524979,A,0,2,
OECD.SDD.STES:DSD_STES@DF_FINMARK(4.0),EA20,M,IRLT,PA,_Z,_Z,_Z,_Z,N,2021-11,0.3122062,A,0,2,
OECD.SDD.STES:DSD_STES@DF_FINMARK(4.0),EA20,M,IRLT,PA,_Z,_Z,_Z,_Z,N,2021-12,0.278432,A,0,2,
OECD.SDD.STES:DSD_STES@DF_FINMARK(4.0),EA20,M,IRLT,PA,_Z,_Z,_Z,_Z,N,2022-01,0.534543,A,0,2,
OECD.SDD.STES:DSD_STES@DF_FINMARK(4.0),EA20,M,IRLT,PA,_Z,_Z,_Z,_Z,N,2022-02,0.944138,A,0,2,
OECD.SDD.STES:DSD_STES@DF_FINMARK(4.0),EA20,M,IRLT,PA,_Z,_Z,_Z,_Z,N,2022-03,1.053487,A,0,2,
OECD.SDD.STES:DSD_STES@DF_FINMARK(4.0),EA20,M,IRLT,PA,_Z,_Z,_Z,_Z,N,2022-04,1.567877,A,0,2,
OECD.SDD.STES:DSD_STES@DF_FINMARK(4.0),EA20,M,IRLT,PA,_Z,_Z,_Z,_Z,N,2022-05,1.874131,A,0,2,
OECD.SDD.STES:DSD_STES@DF_FINMARK(4.0),EA20,M,IRLT,PA,_Z,_Z,_Z,_Z,N,2022-06,2.438744,A,0,2,
OECD.SDD.STES:DSD_STES@DF_FINMARK(4.0),EA20,M,IRLT,PA,_Z,_Z,_Z,_Z,N,2022-07,2.092955,A,0,2,
OECD.SDD.STES:DSD_STES@DF_FINMARK(4.0),EA20,M,IRLT,PA,_Z,_Z,_Z,_Z,N,2022-08,2.056555,A,0,2,
OECD.SDD.STES:DSD_STES@DF_FINMARK(4.0),EA20,M,IRLT,PA,_Z,_Z,_Z,_Z,N,2022-09,2.813801,A,0,2,
OECD.SDD.STES:DSD_STES@DF_FINMARK(4.0),EA20,M,IRLT,PA,_Z,_Z,_Z,_Z,N,2022-10,3.184157,A,0,2,
OECD.SDD.STES:DSD_STES@DF_FINMARK(4.0),EA20,M,IRLT,PA,_Z,_Z,_Z,_Z,N,2022-11,2.937452,A,0,2,
OECD.SDD.STES:DSD_STES@DF_FINMARK(4.0),EA20,M,IRLT,PA,_Z,_Z,_Z,_Z,N,2022-12,2.99956,A,0,2,
OECD.SDD.STES:DSD_STES@DF_FINMARK(4.0),EA20,M,IRLT,PA,_Z,_Z,_Z,_Z,N,2023-01,3.044075,A,0,2,
OECD.SDD.STES:DSD_STES@DF_FINMARK(4.0),EA20,M,IRLT,PA,_Z,_Z,_Z,_Z,N,2023-02,3.221043,A,0,2,
OECD.SDD.STES:DSD_STES@DF_FINMARK(4.0),EA20,M,IRLT,PA,_Z,_Z,_Z,_Z,N,2023-03,3.233131,A,0,2,
OECD.SDD.STES:DSD_STES@DF_FINMARK(4.0),EA20,M,IRLT,PA,_Z,_Z,_Z,_Z,N,2023-04,3.193148,A,0,2,
OECD.SDD.STES:DSD_STES@DF_FINMARK(4.0),EA20,M,IRLT,PA,_Z,_Z,_Z,_Z,N,2023-05,3.205312,A,0,2,
OECD.SDD.STES:DSD_STES@DF_FINMARK(4.0),EA20,M,IRLT,PA,_Z,_Z,_Z,_Z,N,2023-06,3.164215,A,0,2,
OECD.SDD.STES:DSD_STES@DF_FINMARK(4.0),EA20,M,IRLT,PA,_Z,_Z,_Z,_Z,N,2023-07,3.268898,A,0,2,
OECD.SDD.STES:DSD_STES@DF_FINMARK(4.0),EA20,M,IRLT,PA,_Z,_Z,_Z,_Z,N,2023-08,3.34244,A,0,2,
OECD.SDD.STES:DSD_STES@DF_FINMARK(4.0),EA20,M,IRLT,PA,_Z,_Z,_Z,_Z,N,2023-09,3.504311,A,0,2,
OECD.SDD.STES:DSD_STES@DF_FINMARK(4.0),EA20,M,IRLT,PA,_Z,_Z,_Z,_Z,N,2023-10,3.722068,A,0,2,
OECD.SDD.STES:DSD_STES@DF_FINMARK(4.0),EA20,M,IRLT,PA,_Z,_Z,_Z,_Z,N,2023-11,3.418688,A,0,2,
OECD.SDD.STES:DSD_STES@DF_FINMARK(4.0),EA20,M,IRLT,PA,_Z,_Z,_Z,_Z,N,2023-12,2.864275,A,0,2,
OECD.SDD.STES:DSD_STES@DF_FINMARK(4.0),EA20,M,IRLT,PA,_Z,_Z,_Z,_Z,N,2024-01,2.904417,A,0,2,
OECD.SDD.STES:DSD_STES@DF_FINMARK(4.0),EA20,M,IRLT,PA,_Z,_Z,_Z,_Z,N,2024-02,3.025385,A,0,2,
OECD.SDD.STES:DSD_STES@DF_FINMARK(4.0),EA20,M,IRLT,PA,_Z,_Z,_Z,_Z,N,2024-03,2.953298,A,0,2,
OECD.SDD.STES:DSD_STES@DF_FINMARK(4.0),EA20,M,IRLT,PA,_Z,_Z,_Z,_Z,N,2024-04,3.073561,A,0,2,
OECD.SDD.STES:DSD_STES@DF_FINMARK(4.0),EA20,M,IRLT,PA,_Z,_Z,_Z,_Z,N,2024-05,3.121492,A,0,2,
OECD.SDD.STES:DSD_STES@DF_FINMARK(4.0),EA20,M,IRLT,PA,_Z,_Z,_Z,_Z,N,2024-06,3.16502,A,0,2,
OECD.SDD.STES:DSD_STES@DF_FINMARK(4.0),EA20,M,IRLT,PA,_Z,_Z,_Z,_Z,N,2024-07,3.112996,A,0,2,
OECD.SDD.STES:DSD_STES@DF_FINMARK(4.0),EA20,M,IRLT,PA,_Z,_Z,_Z,_Z,N,2024-08,2.905912,A,0,2,
OECD.SDD.STES:DSD_STES@DF_FINMARK(4.0),EA20,M,IRLT,PA,_Z,_Z,_Z,_Z,N,2024-09,2.834165,A,0,2,
OECD.SDD.STES:DSD_STES@DF_FINMARK(4.0),EA20,M,IRLT,PA,_Z,_Z,_Z,_Z,N,2024-10,2.865934,A,0,2,
OECD.SDD.STES:DSD_STES@DF_FINMARK(4.0),EA20,M,IRLT,PA,_Z,_Z,_Z,_Z,N,2024-11,2.929132,A,0,2,
OECD.SDD.STES:DSD_STES@DF_FINMARK(4.0),EA20,M,IRLT,PA,_Z,_Z,_Z,_Z,N,2024-12,2.812343,A,0,2,
OECD.SDD.STES:DSD_STES@DF_FINMARK(4.0),EA20,M,IRLT,PA,_Z,_Z,_Z,_Z,N,2025-01,3.087956,A,0,2,
OECD.SDD.STES:DSD_STES@DF_FINMARK(4.0),EA20,M,IRLT,PA,_Z,_Z,_Z,_Z,N,2025-02,2.988655,A,0,2,
OECD.SDD.STES:DSD_STES@DF_FINMARK(4.0),EA20,M,IRLT,PA,_Z,_Z,_Z,_Z,N,2025-03,3.313772,A,0,2,
OECD.SDD.STES:DSD_STES@DF_FINMARK(4.0),EA20,M,IRLT,PA,_Z,_Z,_Z,_Z,N,2025-04,3.097221,A,0,2,
OECD.SDD.STES:DSD_STES@DF_FINMARK(4.0),EA20,M,IRLT,PA,_Z,_Z,_Z,_Z,N,2025-05,3.070995,A,0,2,
OECD.SDD.STES:DSD_STES@DF_FINMARK(4.0),EA20,M,IRLT,PA,_Z,_Z,_Z,_Z,N,2025-06,3.084761,A,0,2,
OECD.SDD.STES:DSD_STES@DF_FINMARK(4.0),EA20,M,IRLT,PA,_Z,_Z,_Z,_Z,N,2025-07,3.173563,A,0,2,
OECD.SDD.STES:DSD_STES@DF_FINMARK(4.0),EA20,M,IRLT,PA,_Z,_Z,_Z,_Z,N,2025-08,3.205046,A,0,2,
OECD.SDD.STES:DSD_STES@DF_FINMARK(4.0),EA20,M,IRLT,PA,_Z,_Z,_Z,_Z,N,2025-09,3.233046,A,0,2,
OECD.SDD.STES:DSD_STES@DF_FINMARK(4.0),EA20,M,IRLT,PA,_Z,_Z,_Z,_Z,N,2025-10,3.124067,A,0,2,
OECD.SDD.STES:DSD_STES@DF_FINMARK(4.0),EA20,M,IRLT,PA,_Z,_Z,_Z,_Z,N,2025-12,3.244733,A,0,2,
OECD.SDD.STES:DSD_STES@DF_FINMARK(4.0),IRL,M,IRLT,PA,_Z,_Z,_Z,_Z,N,2015-01,1.22,A,0,2,
OECD.SDD.STES:DSD_STES@DF_FINMARK(4.0),IRL,M,IRLT,PA,_Z,_Z,_Z,_Z,N,2015-02,1.12,A,0,2,
OECD.SDD.STES:DSD_STES@DF_FINMARK(4.0),IRL,M,IRLT,PA,_Z,_Z,_Z,_Z,N,2015-03,0.8,A,0,2,
OECD.SDD.STES:DSD_STES@DF_FINMARK(4.0),IRL,M,IRLT,PA,_Z,_Z,_Z,_Z,N,2015-04,0.73,A,0,2,
OECD.SDD.STES:DSD_STES@DF_FINMARK(4.0),IRL,M,IRLT,PA,_Z,_Z,_Z,_Z,N,2015-05,1.25,A,0,2,
OECD.SDD.STES:DSD_STES@DF_FINMARK(4.0),IRL,M,IRLT,PA,_Z,_Z,_Z,_Z,N,2015-06,1.65,A,0,2,
OECD.SDD.STES:DSD_STES@DF_FINMARK(4.0),IRL,M,IRLT,PA,_Z,_Z,_Z,_Z,N,2015-07,1.47,A,0,2,
OECD.SDD.STES:DSD_STES@DF_FINMARK(4.0),IRL,M,IRLT,PA,_Z,_Z,_Z,_Z,N,2015-08,1.29,A,0,2,
OECD.SDD.STES:DSD_STES@DF_FINMARK(4.0),IRL,M,IRLT,PA,_Z,_Z,_Z,_Z,N,2015-09,1.31,A,0,2,
OECD.SDD.STES:DSD_STES@DF_FINMARK(4.0),IRL,M,IRLT,PA,_Z,_Z,_Z,_Z,N,2015-10,1.14,A,0,2,
OECD.SDD.STES:DSD_STES@DF_FINMARK(4.0),IRL,M,IRLT,PA,_Z,_Z,_Z,_Z,N,2015-11,1.1,A,0,2,
OECD.SDD.STES:DSD_STES@DF_FINMARK(4.0),IRL,M,IRLT,PA,_Z,_Z,_Z,_Z,N,2015-12,1.11,A,0,2,
OECD.SDD.STES:DSD_STES@DF_FINMARK(4.0),IRL,M,IRLT,PA,_Z,_Z,_Z,_Z,N,2016-01,1.05,A,0,2,
OECD.SDD.STES:DSD_STES@DF_FINMARK(4.0),IRL,M,IRLT,PA,_Z,_Z,_Z,_Z,N,2016-02,0.99,A,0,2,
OECD.SDD.STES:DSD_STES@DF_FINMARK(4.0),IRL,M,IRLT,PA,_Z,_Z,_Z,_Z,N,2016-03,0.85,A,0,2,
OECD.SDD.STES:DSD_STES@DF_FINMARK(4.0),IRL,M,IRLT,PA,_Z,_Z,_Z,_Z,N,2016-04,0.86,A,0,2,
OECD.SDD.STES:DSD_STES@DF_FINMARK(4.0),IRL,M,IRLT,PA,_Z,_Z,_Z,_Z,N,2016-05,0.84,A,0,2,
OECD.SDD.STES:DSD_STES@DF_FINMARK(4.0),IRL,M,IRLT,PA,_Z,_Z,_Z,_Z,N,2016-06,0.76,A,0,2,
OECD.SDD.STES:DSD_STES@DF_FINMARK(4.0),IRL,M,IRLT,PA,_Z,_Z,_Z,_Z,N,2016-07,0.47,A,0,2,
OECD.SDD.STES:DSD_STES@DF_FINMARK(4.0),IRL,M,IRLT,PA,_Z,_Z,_Z,_Z,N,2016-08,0.4,A,0,2,
OECD.SDD.STES:DSD_STES@DF_FINMARK(4.0),IRL,M,IRLT,PA,_Z,_Z,_Z,_Z,N,2016-09,0.42,A,0,2,
OECD.SDD.STES:DSD_STES@DF_FINMARK(4.0),IRL,M,IRLT,PA,_Z,_Z,_Z,_Z,N,2016-10,0.5,A,0,2,
OECD.SDD.STES:DSD_STES@DF_FINMARK(4.0),IRL,M,IRLT,PA,_Z,_Z,_Z,_Z,N,2016-11,0.85,A,0,2,
OECD.SDD.STES:DSD_STES@DF_FINMARK(4.0),IRL,M,IRLT,PA,_Z,_Z,_Z,_Z,N,2016-12,0.84,A,0,2,
OECD.SDD.STES:DSD_STES@DF_FINMARK(4.0),IRL,M,IRLT,PA,_Z,_Z,_Z,_Z,N,2017-01,0.99,A,0,2,
OECD.SDD.STES:DSD_STES@DF_FINMARK(4.0),IRL,M,IRLT,PA,_Z,_Z,_Z,_Z,N,2017-02,1.06,A,0,2,
OECD.SDD.STES:DSD_STES@DF_FINMARK(4.0),IRL,M,IRLT,PA,_Z,_Z,_Z,_Z,N,2017-03,1.05,A,0,2,
OECD.SDD.STES:DSD_STES@DF_FINMARK(4.0),IRL,M,IRLT,PA,_Z,_Z,_Z,_Z,N,2017-04,0.91,A,0,2,
OECD.SDD.STES:DSD_STES@DF_FINMARK(4.0),IRL,M,IRLT,PA,_Z,_Z,_Z,_Z,N,2017-05,0.83,A,0,2,
OECD.SDD.STES:DSD_STES@DF_FINMARK(4.0),IRL,M,IRLT,PA,_Z,_Z,_Z,_Z,N,2017-06,0.7,A,0,2,
OECD.SDD.STES:DSD_STES@DF_FINMARK(4.0),IRL,M,IRLT,PA,_Z,_Z,_Z,_Z,N,2017-07,0.87,A,0,2,
OECD.SDD.STES:DSD_STES@DF_FINMARK(4.0),IRL,M,IRLT,PA,_Z,_Z,_Z,_Z,N,2017-08,0.73,A,0,2,
OECD.SDD.STES:DSD_STES@DF_FINMARK(4.0),IRL,M,IRLT,PA,_Z,_Z,_Z,_Z,N,2017-09,0.7,A,0,2,
OECD.SDD.STES:DSD_STES@DF_FINMARK(4.0),IRL,M,IRLT,PA,_Z,_Z,_Z,_Z,N,2017-10,0.66,A,0,2,
OECD.SDD.STES:DSD_STES@DF_FINMARK(4.0),IRL,M,IRLT,PA,_Z,_Z,_Z,_Z,N,2017-11,0.58,A,0,2,
OECD.SDD.STES:DSD_STES@DF_FINMARK(4.0),IRL,M,IRLT,PA,_Z,_Z,_Z,_Z,N,2017-12,0.54,A,0,2,
OECD.SDD.STES:DSD_STES@DF_FINMARK(4.0),IRL,M,IRLT,PA,_Z,_Z,_Z,_Z,N,2018-01,0.9126,A,0,2,
OECD.SDD.STES:DSD_STES@DF_FINMARK(4.0),IRL,M,IRLT,PA,_Z,_Z,_Z,_Z,N,2018-02,1.1328,A,0,2,
OECD.SDD.STES:DSD_STES@DF_FINMARK(4.0),IRL,M,IRLT,PA,_Z,_Z,_Z,_Z,N,2018-03,1.0056,A,0,2,
OECD.SDD.STES:DSD_STES@DF_FINMARK(4.0),IRL,M,IRLT,PA,_Z,_Z,_Z,_Z,N,2018-04,0.9435,A,0,2,
OECD.SDD.STES:DSD_STES@DF_FINMARK(4.0),IRL,M,IRLT,PA,_Z,_Z,_Z,_Z,N,2018-05,0.9821,A,0,2,
OECD.SDD.STES:DSD_STES@DF_FINMARK(4.0),IRL,M,IRLT,PA,_Z,_Z,_Z,_Z,N,2018-06,0.924,A,0,2,
OECD.SDD.STES:DSD_STES@DF_FINMARK(4.0),IRL,M,IRLT,PA,_Z,_Z,_Z,_Z,N,2018-07,0.8271,A,0,2,
OECD.SDD.STES:DSD_STES@DF_FINMARK(4.0),IRL,M,IRLT,PA,_Z,_Z,_Z,_Z,N,2018-08,0.8618,A,0,2,
OECD.SDD.STES:DSD_STES@DF_FINMARK(4.0),IRL,M,IRLT,PA,_Z,_Z,_Z,_Z,N,2018-09,0.9327,A,0,2,
OECD.SDD.STES:DSD_STES@DF_FINMARK(4.0),IRL,M,IRLT,PA,_Z,_Z,_Z,_Z,N,2018-10,1.0082,A,0,2,
OECD.SDD.STES:DSD_STES@DF_FINMARK(4.0),IRL,M,IRLT,PA,_Z,_Z,_Z,_Z,N,2018-11,0.9827,A,0,2,
OECD.SDD.STES:DSD_STES@DF_FINMARK(4.0),IRL,M,IRLT,PA,_Z,_Z,_Z,_Z,N,2018-12,0.909,A,0,2,
OECD.SDD.STES:DSD_STES@DF_FINMARK(4.0),IRL,M,IRLT,PA,_Z,_Z,_Z,_Z,N,2019-01,0.9351,A,0,2,
OECD.SDD.STES:DSD_STES@DF_FINMARK(4.0),IRL,M,IRLT,PA,_Z,_Z,_Z,_Z,N,2019-02,0.8436,A,0,2,
OECD.SDD.STES:DSD_STES@DF_FINMARK(4.0),IRL,M,IRLT,PA,_Z,_Z,_Z,_Z,N,2019-03,0.6683,A,0,2,
OECD.SDD.STES:DSD_STES@DF_FINMARK(4.0),IRL,M,IRLT,PA,_Z,_Z,_Z,_Z,N,2019-04,0.5596,A,0,2,
OECD.SDD.STES:DSD_STES@DF_FINMARK(4.0),IRL,M,IRLT,PA,_Z,_Z,_Z,_Z,N,2019-05,0.4995,A,0,2,
OECD.SDD.STES:DSD_STES@DF_FINMARK(4.0),IRL,M,IRLT,PA,_Z,_Z,_Z,_Z,N,2019-06,0.2664,A,0,2,
OECD.SDD.STES:DSD_STES@DF_FINMARK(4.0),IRL,M,IRLT,PA,_Z,_Z,_Z,_Z,N,2019-07,0.1355,A,0,2,
OECD.SDD.STES:DSD_STES@DF_FINMARK(4.0),IRL,M,IRLT,PA,_Z,_Z,_Z,_Z,N,2019-08,-0.0505,A,0,2,
OECD.SDD.STES:DSD_STES@DF_FINMARK(4.0),IRL,M,IRLT,PA,_Z,_Z,_Z,_Z,N,2019-09,-0.0104,A,0,2,
OECD.SDD.STES:DSD_STES@DF_FINMARK(4.0),IRL,M,IRLT,PA,_Z,_Z,_Z,_Z,N,2019-10,0.0161,A,0,2,
OECD.SDD.STES:DSD_STES@DF_FINMARK(4.0),IRL,M,IRLT,PA,_Z,_Z,_Z,_Z,N,2019-11,0.0722,A,0,2,
OECD.SDD.STES:DSD_STES@DF_FINMARK(4.0),IRL,M,IRLT,PA,_Z,_Z,_Z,_Z,N,2019-12,0.0373,A,0,2,
OECD.SDD.STES:DSD_STES@DF_FINMARK(4.0),IRL,M,IRLT,PA,_Z,_Z,_Z,_Z,N,2020-01,0.0041,A,0,2,
OECD.SDD.STES:DSD_STES@DF_FINMARK(4.0),IRL,M,IRLT,PA,_Z,_Z,_Z,_Z,N,2020-02,-0.1312,A,0,2,
OECD.SDD.STES:DSD_STES@DF_FINMARK(4.0),IRL,M,IRLT,PA,_Z,_Z,_Z,_Z,N,2020-03,0.0687,A,0,2,
OECD.SDD.STES:DSD_STES@DF_FINMARK(4.0),IRL,M,IRLT,PA,_Z,_Z,_Z,_Z,N,2020-04,0.2012,A,0,2,
OECD.SDD.STES:DSD_STES@DF_FINMARK(4.0),IRL,M,IRLT,PA,_Z,_Z,_Z,_Z,N,2020-05,0.1072,A,0,2,
OECD.SDD.STES:DSD_STES@DF_FINMARK(4.0),IRL,M,IRLT,PA,_Z,_Z,_Z,_Z,N,2020-06,0.0835,A,0,2,
OECD.SDD.STES:DSD_STES@DF_FINMARK(4.0),IRL,M,IRLT,PA,_Z,_Z,_Z,_Z,N,2020-07,-0.0473,A,0,2,
OECD.SDD.STES:DSD_STES@DF_FINMARK(4.0),IRL,M,IRLT,PA,_Z,_Z,_Z,_Z,N,2020-08,-0.1219,A,0,2,
OECD.SDD.STES:DSD_STES@DF_FINMARK(4.0),IRL,M,IRLT,PA,_Z,_Z,_Z,_Z,N,2020-09,-0.1331,A,0,2,
OECD.SDD.STES:DSD_STES@DF_FINMARK(4.0),IRL,M,IRLT,PA,_Z,_Z,_Z,_Z,N,2020-10,-0.2224,A,0,2,
OECD.SDD.STES:DSD_STES@DF_FINMARK(4.0),IRL,M,IRLT,PA,_Z,_Z,_Z,_Z,N,2020-11,-0.251,A,0,2,
OECD.SDD.STES:DSD_STES@DF_FINMARK(4.0),IRL,M,IRLT,PA,_Z,_Z,_Z,_Z,N,2020-12,-0.2903,A,0,2,
OECD.SDD.STES:DSD_STES@DF_FINMARK(4.0),IRL,M,IRLT,PA,_Z,_Z,_Z,_Z,N,2021-01,-0.2418,A,0,2,
OECD.SDD.STES:DSD_STES@DF_FINMARK(4.0),IRL,M,IRLT,PA,_Z,_Z,_Z,_Z,N,2021-02,-0.0551,A,0,2,
OECD.SDD.STES:DSD_STES@DF_FINMARK(4.0),IRL,M,IRLT,PA,_Z,_Z,_Z,_Z,N,2021-03,0.0276,A,0,2,
OECD.SDD.STES:DSD_STES@DF_FINMARK(4.0),IRL,M,IRLT,PA,_Z,_Z,_Z,_Z,N,2021-04,0.082,A,0,2,
OECD.SDD.STES:DSD_STES@DF_FINMARK(4.0),IRL,M,IRLT,PA,_Z,_Z,_Z,_Z,N,2021-05,0.2372,A,0,2,
OECD.SDD.STES:DSD_STES@DF_FINMARK(4.0),IRL,M,IRLT,PA,_Z,_Z,_Z,_Z,N,2021-06,0.1787,A,0,2,
OECD.SDD.STES:DSD_STES@DF_FINMARK(4.0),IRL,M,IRLT,PA,_Z,_Z,_Z,_Z,N,2021-07,0.0309,A,0,2,
OECD.SDD.STES:DSD_STES@DF_FINMARK(4.0),IRL,M,IRLT,PA,_Z,_Z,_Z,_Z,N,2021-08,-0.0788,A,0,2,
OECD.SDD.STES:DSD_STES@DF_FINMARK(4.0),IRL,M,IRLT,PA,_Z,_Z,_Z,_Z,N,2021-09,0.0674,A,0,2,
OECD.SDD.STES:DSD_STES@DF_FINMARK(4.0),IRL,M,IRLT,PA,_Z,_Z,_Z,_Z,N,2021-10,0.2224,A,0,2,
OECD.SDD.STES:DSD_STES@DF_FINMARK(4.0),IRL,M,IRLT,PA,_Z,_Z,_Z,_Z,N,2021-11,0.1876,A,0,2,
OECD.SDD.STES:DSD_STES@DF_FINMARK(4.0),IRL,M,IRLT,PA,_Z,_Z,_Z,_Z,N,2021-12,0.0998,A,0,2,
OECD.SDD.STES:DSD_STES@DF_FINMARK(4.0),IRL,M,IRLT,PA,_Z,_Z,_Z,_Z,N,2022-01,0.3803,A,0,2,
OECD.SDD.STES:DSD_STES@DF_FINMARK(4.0),IRL,M,IRLT,PA,_Z,_Z,_Z,_Z,N,2022-02,0.7751,A,0,2,
OECD.SDD.STES:DSD_STES@DF_FINMARK(4.0),IRL,M,IRLT,PA,_Z,_Z,_Z,_Z,N,2022-03,0.9293,A,0,2,
OECD.SDD.STES:DSD_STES@DF_FINMARK(4.0),IRL,M,IRLT,PA,_Z,_Z,_Z,_Z,N,2022-04,1.4021,A,0,2,
OECD.SDD.STES:DSD_STES@DF_FINMARK(4.0),IRL,M,IRLT,PA,_Z,_Z,_Z,_Z,N,2022-05,1.6275,A,0,2,
OECD.SDD.STES:DSD_STES@DF_FINMARK(4.0),IRL,M,IRLT,PA,_Z,_Z,_Z,_Z,N,2022-06,2.129,A,0,2,
OECD.SDD.STES:DSD_STES@DF_FINMARK(4.0),IRL,M,IRLT,PA,_Z,_Z,_Z,_Z,N,2022-07,1.7438,A,0,2,
OECD.SDD.STES:DSD_STES@DF_FINMARK(4.0),IRL,M,IRLT,PA,_Z,_Z,_Z,_Z,N,2022-08,1.7127,A,0,2,
OECD.SDD.STES:DSD_STES@DF_FINMARK(4.0),IRL,M,IRLT,PA,_Z,_Z,_Z,_Z,N,2022-09,2.418,A,0,2,
OECD.SDD.STES:DSD_STES@DF_FINMARK(4.0),IRL,M,IRLT,PA,_Z,_Z,_Z,_Z,N,2022-10,2.7093,A,0,2,
OECD.SDD.STES:DSD_STES@DF_FINMARK(4.0),IRL,M,IRLT,PA,_Z,_Z,_Z,_Z,N,2022-11,2.5341,A,0,2,
OECD.SDD.STES:DSD_STES@DF_FINMARK(4.0),IRL,M,IRLT,PA,_Z,_Z,_Z,_Z,N,2022-12,2.5862,A,0,2,
OECD.SDD.STES:DSD_STES@DF_FINMARK(4.0),IRL,M,IRLT,PA,_Z,_Z,_Z,_Z,N,2023-01,2.6546,A,0,2,
OECD.SDD.STES:DSD_STES@DF_FINMARK(4.0),IRL,M,IRLT,PA,_Z,_Z,_Z,_Z,N,2023-02,2.8568,A,0,2,
OECD.SDD.STES:DSD_STES@DF_FINMARK(4.0),IRL,M,IRLT,PA,_Z,_Z,_Z,_Z,N,2023-03,2.8565,A,0,2,
OECD.SDD.STES:DSD_STES@DF_FINMARK(4.0),IRL,M,IRLT,PA,_Z,_Z,_Z,_Z,N,2023-04,2.7713,A,0,2,
OECD.SDD.STES:DSD_STES@DF_FINMARK(4.0),IRL,M,IRLT,PA,_Z,_Z,_Z,_Z,N,2023-05,2.7861,A,0,2,
OECD.SDD.STES:DSD_STES@DF_FINMARK(4.0),IRL,M,IRLT,PA,_Z,_Z,_Z,_Z,N,2023-06,2.778,A,0,2,
OECD.SDD.STES:DSD_STES@DF_FINMARK(4.0),IRL,M,IRLT,PA,_Z,_Z,_Z,_Z,N,2023-07,2.899,A,0,2,
OECD.SDD.STES:DSD_STES@DF_FINMARK(4.0),IRL,M,IRLT,PA,_Z,_Z,_Z,_Z,N,2023-08,2.9644,A,0,2,
OECD.SDD.STES:DSD_STES@DF_FINMARK(4.0),IRL,M,IRLT,PA,_Z,_Z,_Z,_Z,N,2023-09,3.087,A,0,2,
OECD.SDD.STES:DSD_STES@DF_FINMARK(4.0),IRL,M,IRLT,PA,_Z,_Z,_Z,_Z,N,2023-10,3.2719,A,0,2,
OECD.SDD.STES:DSD_STES@DF_FINMARK(4.0),IRL,M,IRLT,PA,_Z,_Z,_Z,_Z,N,2023-11,3.009,A,0,2,
OECD.SDD.STES:DSD_STES@DF_FINMARK(4.0),IRL,M,IRLT,PA,_Z,_Z,_Z,_Z,N,2023-12,2.4648,A,0,2,
OECD.SDD.STES:DSD_STES@DF_FINMARK(4.0),IRL,M,IRLT,PA,_Z,_Z,_Z,_Z,N,2024-01,2.599,A,0,2,
OECD.SDD.STES:DSD_STES@DF_FINMARK(4.0),IRL,M,IRLT,PA,_Z,_Z,_Z,_Z,N,2024-02,2.7804,A,0,2,
OECD.SDD.STES:DSD_STES@DF_FINMARK(4.0),IRL,M,IRLT,PA,_Z,_Z,_Z,_Z,N,2024-03,2.754,A,0,2,
OECD.SDD.STES:DSD_STES@DF_FINMARK(4.0),IRL,M,IRLT,PA,_Z,_Z,_Z,_Z,N,2024-04,2.8878,A,0,2,
OECD.SDD.STES:DSD_STES@DF_FINMARK(4.0),IRL,M,IRLT,PA,_Z,_Z,_Z,_Z,N,2024-05,2.9141,A,0,2,
OECD.SDD.STES:DSD_STES@DF_FINMARK(4.0),IRL,M,IRLT,PA,_Z,_Z,_Z,_Z,N,2024-06,2.9287,A,0,2,
OECD.SDD.STES:DSD_STES@DF_FINMARK(4.0),IRL,M,IRLT,PA,_Z,_Z,_Z,_Z,N,2024-07,2.8587,A,0,2,
OECD.SDD.STES:DSD_STES@DF_FINMARK(4.0),IRL,M,IRLT,PA,_Z,_Z,_Z,_Z,N,2024-08,2.637,A,0,2,
OECD.SDD.STES:DSD_STES@DF_FINMARK(4.0),IRL,M,IRLT,PA,_Z,_Z,_Z,_Z,N,2024-09,2.5457,A,0,2,
OECD.SDD.STES:DSD_STES@DF_FINMARK(4.0),IRL,M,IRLT,PA,_Z,_Z,_Z,_Z,N,2024-10,2.5888,A,0,2,
OECD.SDD.STES:DSD_STES@DF_FINMARK(4.0),IRL,M,IRLT,PA,_Z,_Z,_Z,_Z,N,2024-11,2.6262,A,0,2,
OECD.SDD.STES:DSD_STES@DF_FINMARK(4.0),IRL,M,IRLT,PA,_Z,_Z,_Z,_Z,N,2024-12,2.4906,A,0,2,
OECD.SDD.STES:DSD_STES@DF_FINMARK(4.0),IRL,M,IRLT,PA,_Z,_Z,_Z,_Z,N,2025-01,2.789,A,0,2,
OECD.SDD.STES:DSD_STES@DF_FINMARK(4.0),IRL,M,IRLT,PA,_Z,_Z,_Z,_Z,N,2025-02,2.7164,A,0,2,
OECD.SDD.STES:DSD_STES@DF_FINMARK(4.0),IRL,M,IRLT,PA,_Z,_Z,_Z,_Z,N,2025-03,3.0487,A,0,2,
OECD.SDD.STES:DSD_STES@DF_FINMARK(4.0),IRL,M,IRLT,PA,_Z,_Z,_Z,_Z,N,2025-04,2.8981,A,0,2,
OECD.SDD.STES:DSD_STES@DF_FINMARK(4.0),IRL,M,IRLT,PA,_Z,_Z,_Z,_Z,N,2025-05,2.8877,A,0,2,
OECD.SDD.STES:DSD_STES@DF_FINMARK(4.0),IRL,M,IRLT,PA,_Z,_Z,_Z,_Z,N,2025-06,2.8502,A,0,2,
OECD.SDD.STES:DSD_STES@DF_FINMARK(4.0),IRL,M,IRLT,PA,_Z,_Z,_Z,_Z,N,2025-07,2.9232,A,0,2,
OECD.SDD.STES:DSD_STES@DF_FINMARK(4.0),IRL,M,IRLT,PA,_Z,_Z,_Z,_Z,N,2025-08,2.9448,A,0,2,
OECD.SDD.STES:DSD_STES@DF_FINMARK(4.0),IRL,M,IRLT,PA,_Z,_Z,_Z,_Z,N,2025-09,2.946,A,0,2,
OECD.SDD.STES:DSD_STES@DF_FINMARK(4.0),IRL,M,IRLT,PA,_Z,_Z,_Z,_Z,N,2025-10,2.8707,A,0,2,
OECD.SDD.STES:DSD_STES@DF_FINMARK(4.0),IRL,M,IRLT,PA,_Z,_Z,_Z,_Z,N,2025-11,2.8967,A,0,2,
OECD.SDD.STES:DSD_STES@DF_FINMARK(4.0),IRL,M,IRLT,PA,_Z,_Z,_Z,_Z,N,2025-12,3.0132,A,0,2,
OECD.SDD.STES:DSD_STES@DF_FINMARK(4.0),IRL,M,IRLT,PA,_Z,_Z,_Z,_Z,N,2026-01,3.0611,A,0,2,
OECD.SDD.STES:DSD_STES@DF_FINMARK(4.0),IRL,M,IRLT,PA,_Z,_Z,_Z,_Z,N,2026-02,3.0339,A,0,2,
OECD.SDD.STES:DSD_STES@DF_FINMARK(4.0),IRL,M,IRLT,PA,_Z,_Z,_Z,_Z,N,2026-03,3.1972,A,0,2,
OECD.SDD.STES:DSD_STES@DF_FINMARK(4.0),IRL,M,IRLT,PA,_Z,_Z,_Z,_Z,N,2026-04,3.2411,A,0,2,
OECD.SDD.STES:DSD_STES@DF_FINMARK(4.0),IRL,M,IRLT,PA,_Z,_Z,_Z,_Z,N,2026-05,3.247,A,0,2,
OECD.SDD.STES:DSD_STES@DF_FINMARK(4.0),ESP,M,IRLT,PA,_Z,_Z,_Z,_Z,N,2015-01,1.542095,A,0,2,
OECD.SDD.STES:DSD_STES@DF_FINMARK(4.0),ESP,M,IRLT,PA,_Z,_Z,_Z,_Z,N,2015-02,1.5131,A,0,2,
OECD.SDD.STES:DSD_STES@DF_FINMARK(4.0),ESP,M,IRLT,PA,_Z,_Z,_Z,_Z,N,2015-03,1.225818,A,0,2,
OECD.SDD.STES:DSD_STES@DF_FINMARK(4.0),ESP,M,IRLT,PA,_Z,_Z,_Z,_Z,N,2015-04,1.31275,A,0,2,
OECD.SDD.STES:DSD_STES@DF_FINMARK(4.0),ESP,M,IRLT,PA,_Z,_Z,_Z,_Z,N,2015-05,1.770632,A,0,2,
OECD.SDD.STES:DSD_STES@DF_FINMARK(4.0),ESP,M,IRLT,PA,_Z,_Z,_Z,_Z,N,2015-06,2.233954,A,0,2,
OECD.SDD.STES:DSD_STES@DF_FINMARK(4.0),ESP,M,IRLT,PA,_Z,_Z,_Z,_Z,N,2015-07,2.100696,A,0,2,
OECD.SDD.STES:DSD_STES@DF_FINMARK(4.0),ESP,M,IRLT,PA,_Z,_Z,_Z,_Z,N,2015-08,1.949762,A,0,2,
OECD.SDD.STES:DSD_STES@DF_FINMARK(4.0),ESP,M,IRLT,PA,_Z,_Z,_Z,_Z,N,2015-09,2.030773,A,0,2,
OECD.SDD.STES:DSD_STES@DF_FINMARK(4.0),ESP,M,IRLT,PA,_Z,_Z,_Z,_Z,N,2015-10,1.728182,A,0,2,
OECD.SDD.STES:DSD_STES@DF_FINMARK(4.0),ESP,M,IRLT,PA,_Z,_Z,_Z,_Z,N,2015-11,1.727667,A,0,2,
OECD.SDD.STES:DSD_STES@DF_FINMARK(4.0),ESP,M,IRLT,PA,_Z,_Z,_Z,_Z,N,2015-12,1.685619,A,0,2,
OECD.SDD.STES:DSD_STES@DF_FINMARK(4.0),ESP,M,IRLT,PA,_Z,_Z,_Z,_Z,N,2016-01,1.72795,A,0,2,
OECD.SDD.STES:DSD_STES@DF_FINMARK(4.0),ESP,M,IRLT,PA,_Z,_Z,_Z,_Z,N,2016-02,1.723524,A,0,2,
OECD.SDD.STES:DSD_STES@DF_FINMARK(4.0),ESP,M,IRLT,PA,_Z,_Z,_Z,_Z,N,2016-03,1.550762,A,0,2,
OECD.SDD.STES:DSD_STES@DF_FINMARK(4.0),ESP,M,IRLT,PA,_Z,_Z,_Z,_Z,N,2016-04,1.513524,A,0,2,
OECD.SDD.STES:DSD_STES@DF_FINMARK(4.0),ESP,M,IRLT,PA,_Z,_Z,_Z,_Z,N,2016-05,1.5665,A,0,2,
OECD.SDD.STES:DSD_STES@DF_FINMARK(4.0),ESP,M,IRLT,PA,_Z,_Z,_Z,_Z,N,2016-06,1.479955,A,0,2,
OECD.SDD.STES:DSD_STES@DF_FINMARK(4.0),ESP,M,IRLT,PA,_Z,_Z,_Z,_Z,N,2016-07,1.169095,A,0,2,
OECD.SDD.STES:DSD_STES@DF_FINMARK(4.0),ESP,M,IRLT,PA,_Z,_Z,_Z,_Z,N,2016-08,1.014304,A,0,2,
OECD.SDD.STES:DSD_STES@DF_FINMARK(4.0),ESP,M,IRLT,PA,_Z,_Z,_Z,_Z,N,2016-09,1.040909,A,0,2,
OECD.SDD.STES:DSD_STES@DF_FINMARK(4.0),ESP,M,IRLT,PA,_Z,_Z,_Z,_Z,N,2016-10,1.072619,A,0,2,
OECD.SDD.STES:DSD_STES@DF_FINMARK(4.0),ESP,M,IRLT,PA,_Z,_Z,_Z,_Z,N,2016-11,1.423818,A,0,2,
OECD.SDD.STES:DSD_STES@DF_FINMARK(4.0),ESP,M,IRLT,PA,_Z,_Z,_Z,_Z,N,2016-12,1.436667,A,0,2,
OECD.SDD.STES:DSD_STES@DF_FINMARK(4.0),ESP,M,IRLT,PA,_Z,_Z,_Z,_Z,N,2017-01,1.466318,A,0,2,
OECD.SDD.STES:DSD_STES@DF_FINMARK(4.0),ESP,M,IRLT,PA,_Z,_Z,_Z,_Z,N,2017-02,1.703,A,0,2,
OECD.SDD.STES:DSD_STES@DF_FINMARK(4.0),ESP,M,IRLT,PA,_Z,_Z,_Z,_Z,N,2017-03,1.717522,A,0,2,
OECD.SDD.STES:DSD_STES@DF_FINMARK(4.0),ESP,M,IRLT,PA,_Z,_Z,_Z,_Z,N,2017-04,1.617778,A,0,2,
OECD.SDD.STES:DSD_STES@DF_FINMARK(4.0),ESP,M,IRLT,PA,_Z,_Z,_Z,_Z,N,2017-05,1.568409,A,0,2,
OECD.SDD.STES:DSD_STES@DF_FINMARK(4.0),ESP,M,IRLT,PA,_Z,_Z,_Z,_Z,N,2017-06,1.452318,A,0,2,
OECD.SDD.STES:DSD_STES@DF_FINMARK(4.0),ESP,M,IRLT,PA,_Z,_Z,_Z,_Z,N,2017-07,1.59781,A,0,2,
OECD.SDD.STES:DSD_STES@DF_FINMARK(4.0),ESP,M,IRLT,PA,_Z,_Z,_Z,_Z,N,2017-08,1.484864,A,0,2,
OECD.SDD.STES:DSD_STES@DF_FINMARK(4.0),ESP,M,IRLT,PA,_Z,_Z,_Z,_Z,N,2017-09,1.541286,A,0,2,
OECD.SDD.STES:DSD_STES@DF_FINMARK(4.0),ESP,M,IRLT,PA,_Z,_Z,_Z,_Z,N,2017-10,1.614682,A,0,2,
OECD.SDD.STES:DSD_STES@DF_FINMARK(4.0),ESP,M,IRLT,PA,_Z,_Z,_Z,_Z,N,2017-11,1.488773,A,0,2,
OECD.SDD.STES:DSD_STES@DF_FINMARK(4.0),ESP,M,IRLT,PA,_Z,_Z,_Z,_Z,N,2017-12,1.441632,A,0,2,
OECD.SDD.STES:DSD_STES@DF_FINMARK(4.0),ESP,M,IRLT,PA,_Z,_Z,_Z,_Z,N,2018-01,1.473864,A,0,2,
OECD.SDD.STES:DSD_STES@DF_FINMARK(4.0),ESP,M,IRLT,PA,_Z,_Z,_Z,_Z,N,2018-02,1.5178,A,0,2,
OECD.SDD.STES:DSD_STES@DF_FINMARK(4.0),ESP,M,IRLT,PA,_Z,_Z,_Z,_Z,N,2018-03,1.349619,A,0,2,
OECD.SDD.STES:DSD_STES@DF_FINMARK(4.0),ESP,M,IRLT,PA,_Z,_Z,_Z,_Z,N,2018-04,1.2183,A,0,2,
OECD.SDD.STES:DSD_STES@DF_FINMARK(4.0),ESP,M,IRLT,PA,_Z,_Z,_Z,_Z,N,2018-05,1.385818,A,0,2,
OECD.SDD.STES:DSD_STES@DF_FINMARK(4.0),ESP,M,IRLT,PA,_Z,_Z,_Z,_Z,N,2018-06,1.372905,A,0,2,
OECD.SDD.STES:DSD_STES@DF_FINMARK(4.0),ESP,M,IRLT,PA,_Z,_Z,_Z,_Z,N,2018-07,1.317545,A,0,2,
OECD.SDD.STES:DSD_STES@DF_FINMARK(4.0),ESP,M,IRLT,PA,_Z,_Z,_Z,_Z,N,2018-08,1.372391,A,0,2,
OECD.SDD.STES:DSD_STES@DF_FINMARK(4.0),ESP,M,IRLT,PA,_Z,_Z,_Z,_Z,N,2018-09,1.4418,A,0,2,
OECD.SDD.STES:DSD_STES@DF_FINMARK(4.0),ESP,M,IRLT,PA,_Z,_Z,_Z,_Z,N,2018-10,1.573565,A,0,2,
OECD.SDD.STES:DSD_STES@DF_FINMARK(4.0),ESP,M,IRLT,PA,_Z,_Z,_Z,_Z,N,2018-11,1.582409,A,0,2,
OECD.SDD.STES:DSD_STES@DF_FINMARK(4.0),ESP,M,IRLT,PA,_Z,_Z,_Z,_Z,N,2018-12,1.426211,A,0,2,
OECD.SDD.STES:DSD_STES@DF_FINMARK(4.0),ESP,M,IRLT,PA,_Z,_Z,_Z,_Z,N,2019-01,1.378773,A,0,2,
OECD.SDD.STES:DSD_STES@DF_FINMARK(4.0),ESP,M,IRLT,PA,_Z,_Z,_Z,_Z,N,2019-02,1.28095,A,0,2,
OECD.SDD.STES:DSD_STES@DF_FINMARK(4.0),ESP,M,IRLT,PA,_Z,_Z,_Z,_Z,N,2019-03,1.126857,A,0,2,
OECD.SDD.STES:DSD_STES@DF_FINMARK(4.0),ESP,M,IRLT,PA,_Z,_Z,_Z,_Z,N,2019-04,1.0623,A,0,2,
OECD.SDD.STES:DSD_STES@DF_FINMARK(4.0),ESP,M,IRLT,PA,_Z,_Z,_Z,_Z,N,2019-05,0.8796818,A,0,2,
OECD.SDD.STES:DSD_STES@DF_FINMARK(4.0),ESP,M,IRLT,PA,_Z,_Z,_Z,_Z,N,2019-06,0.4994,A,0,2,
OECD.SDD.STES:DSD_STES@DF_FINMARK(4.0),ESP,M,IRLT,PA,_Z,_Z,_Z,_Z,N,2019-07,0.3551304,A,0,2,
OECD.SDD.STES:DSD_STES@DF_FINMARK(4.0),ESP,M,IRLT,PA,_Z,_Z,_Z,_Z,N,2019-08,0.1417727,A,0,2,
OECD.SDD.STES:DSD_STES@DF_FINMARK(4.0),ESP,M,IRLT,PA,_Z,_Z,_Z,_Z,N,2019-09,0.1833809,A,0,2,
OECD.SDD.STES:DSD_STES@DF_FINMARK(4.0),ESP,M,IRLT,PA,_Z,_Z,_Z,_Z,N,2019-10,0.2025217,A,0,2,
OECD.SDD.STES:DSD_STES@DF_FINMARK(4.0),ESP,M,IRLT,PA,_Z,_Z,_Z,_Z,N,2019-11,0.3849524,A,0,2,
OECD.SDD.STES:DSD_STES@DF_FINMARK(4.0),ESP,M,IRLT,PA,_Z,_Z,_Z,_Z,N,2019-12,0.4365,A,0,2,
OECD.SDD.STES:DSD_STES@DF_FINMARK(4.0),ESP,M,IRLT,PA,_Z,_Z,_Z,_Z,N,2020-01,0.4188636,A,0,2,
OECD.SDD.STES:DSD_STES@DF_FINMARK(4.0),ESP,M,IRLT,PA,_Z,_Z,_Z,_Z,N,2020-02,0.2742,A,0,2,
OECD.SDD.STES:DSD_STES@DF_FINMARK(4.0),ESP,M,IRLT,PA,_Z,_Z,_Z,_Z,N,2020-03,0.5093182,A,0,2,
OECD.SDD.STES:DSD_STES@DF_FINMARK(4.0),ESP,M,IRLT,PA,_Z,_Z,_Z,_Z,N,2020-04,0.8217,A,0,2,
OECD.SDD.STES:DSD_STES@DF_FINMARK(4.0),ESP,M,IRLT,PA,_Z,_Z,_Z,_Z,N,2020-05,0.7478095,A,0,2,
OECD.SDD.STES:DSD_STES@DF_FINMARK(4.0),ESP,M,IRLT,PA,_Z,_Z,_Z,_Z,N,2020-06,0.5170909,A,0,2,
OECD.SDD.STES:DSD_STES@DF_FINMARK(4.0),ESP,M,IRLT,PA,_Z,_Z,_Z,_Z,N,2020-07,0.3766087,A,0,2,
OECD.SDD.STES:DSD_STES@DF_FINMARK(4.0),ESP,M,IRLT,PA,_Z,_Z,_Z,_Z,N,2020-08,0.301,A,0,2,
OECD.SDD.STES:DSD_STES@DF_FINMARK(4.0),ESP,M,IRLT,PA,_Z,_Z,_Z,_Z,N,2020-09,0.2806818,A,0,2,
OECD.SDD.STES:DSD_STES@DF_FINMARK(4.0),ESP,M,IRLT,PA,_Z,_Z,_Z,_Z,N,2020-10,0.1701818,A,0,2,
OECD.SDD.STES:DSD_STES@DF_FINMARK(4.0),ESP,M,IRLT,PA,_Z,_Z,_Z,_Z,N,2020-11,0.09409524,A,0,2,
OECD.SDD.STES:DSD_STES@DF_FINMARK(4.0),ESP,M,IRLT,PA,_Z,_Z,_Z,_Z,N,2020-12,0.04218182,A,0,2,
OECD.SDD.STES:DSD_STES@DF_FINMARK(4.0),ESP,M,IRLT,PA,_Z,_Z,_Z,_Z,N,2021-01,0.07825,A,0,2,
OECD.SDD.STES:DSD_STES@DF_FINMARK(4.0),ESP,M,IRLT,PA,_Z,_Z,_Z,_Z,N,2021-02,0.22555,A,0,2,
OECD.SDD.STES:DSD_STES@DF_FINMARK(4.0),ESP,M,IRLT,PA,_Z,_Z,_Z,_Z,N,2021-03,0.3096087,A,0,2,
OECD.SDD.STES:DSD_STES@DF_FINMARK(4.0),ESP,M,IRLT,PA,_Z,_Z,_Z,_Z,N,2021-04,0.36725,A,0,2,
OECD.SDD.STES:DSD_STES@DF_FINMARK(4.0),ESP,M,IRLT,PA,_Z,_Z,_Z,_Z,N,2021-05,0.5165714,A,0,2,
OECD.SDD.STES:DSD_STES@DF_FINMARK(4.0),ESP,M,IRLT,PA,_Z,_Z,_Z,_Z,N,2021-06,0.4455,A,0,2,
OECD.SDD.STES:DSD_STES@DF_FINMARK(4.0),ESP,M,IRLT,PA,_Z,_Z,_Z,_Z,N,2021-07,0.3327727,A,0,2,
OECD.SDD.STES:DSD_STES@DF_FINMARK(4.0),ESP,M,IRLT,PA,_Z,_Z,_Z,_Z,N,2021-08,0.2182273,A,0,2,
OECD.SDD.STES:DSD_STES@DF_FINMARK(4.0),ESP,M,IRLT,PA,_Z,_Z,_Z,_Z,N,2021-09,0.3302727,A,0,2,
OECD.SDD.STES:DSD_STES@DF_FINMARK(4.0),ESP,M,IRLT,PA,_Z,_Z,_Z,_Z,N,2021-10,0.471,A,0,2,
OECD.SDD.STES:DSD_STES@DF_FINMARK(4.0),ESP,M,IRLT,PA,_Z,_Z,_Z,_Z,N,2021-11,0.4766818,A,0,2,
OECD.SDD.STES:DSD_STES@DF_FINMARK(4.0),ESP,M,IRLT,PA,_Z,_Z,_Z,_Z,N,2021-12,0.4133182,A,0,2,
OECD.SDD.STES:DSD_STES@DF_FINMARK(4.0),ESP,M,IRLT,PA,_Z,_Z,_Z,_Z,N,2022-01,0.6645238,A,0,2,
OECD.SDD.STES:DSD_STES@DF_FINMARK(4.0),ESP,M,IRLT,PA,_Z,_Z,_Z,_Z,N,2022-02,1.11215,A,0,2,
OECD.SDD.STES:DSD_STES@DF_FINMARK(4.0),ESP,M,IRLT,PA,_Z,_Z,_Z,_Z,N,2022-03,1.225348,A,0,2,
OECD.SDD.STES:DSD_STES@DF_FINMARK(4.0),ESP,M,IRLT,PA,_Z,_Z,_Z,_Z,N,2022-04,1.689474,A,0,2,
OECD.SDD.STES:DSD_STES@DF_FINMARK(4.0),ESP,M,IRLT,PA,_Z,_Z,_Z,_Z,N,2022-05,2.051364,A,0,2,
OECD.SDD.STES:DSD_STES@DF_FINMARK(4.0),ESP,M,IRLT,PA,_Z,_Z,_Z,_Z,N,2022-06,2.6485,A,0,2,
OECD.SDD.STES:DSD_STES@DF_FINMARK(4.0),ESP,M,IRLT,PA,_Z,_Z,_Z,_Z,N,2022-07,2.333238,A,0,2,
OECD.SDD.STES:DSD_STES@DF_FINMARK(4.0),ESP,M,IRLT,PA,_Z,_Z,_Z,_Z,N,2022-08,2.175869,A,0,2,
OECD.SDD.STES:DSD_STES@DF_FINMARK(4.0),ESP,M,IRLT,PA,_Z,_Z,_Z,_Z,N,2022-09,2.952045,A,0,2,
OECD.SDD.STES:DSD_STES@DF_FINMARK(4.0),ESP,M,IRLT,PA,_Z,_Z,_Z,_Z,N,2022-10,3.31419,A,0,2,
OECD.SDD.STES:DSD_STES@DF_FINMARK(4.0),ESP,M,IRLT,PA,_Z,_Z,_Z,_Z,N,2022-11,3.105,A,0,2,
OECD.SDD.STES:DSD_STES@DF_FINMARK(4.0),ESP,M,IRLT,PA,_Z,_Z,_Z,_Z,N,2022-12,3.111,A,0,2,
OECD.SDD.STES:DSD_STES@DF_FINMARK(4.0),ESP,M,IRLT,PA,_Z,_Z,_Z,_Z,N,2023-01,3.222636,A,0,2,
OECD.SDD.STES:DSD_STES@DF_FINMARK(4.0),ESP,M,IRLT,PA,_Z,_Z,_Z,_Z,N,2023-02,3.3891,A,0,2,
OECD.SDD.STES:DSD_STES@DF_FINMARK(4.0),ESP,M,IRLT,PA,_Z,_Z,_Z,_Z,N,2023-03,3.443087,A,0,2,
OECD.SDD.STES:DSD_STES@DF_FINMARK(4.0),ESP,M,IRLT,PA,_Z,_Z,_Z,_Z,N,2023-04,3.408167,A,0,2,
OECD.SDD.STES:DSD_STES@DF_FINMARK(4.0),ESP,M,IRLT,PA,_Z,_Z,_Z,_Z,N,2023-05,3.413727,A,0,2,
OECD.SDD.STES:DSD_STES@DF_FINMARK(4.0),ESP,M,IRLT,PA,_Z,_Z,_Z,_Z,N,2023-06,3.404227,A,0,2,
OECD.SDD.STES:DSD_STES@DF_FINMARK(4.0),ESP,M,IRLT,PA,_Z,_Z,_Z,_Z,N,2023-07,3.497381,A,0,2,
OECD.SDD.STES:DSD_STES@DF_FINMARK(4.0),ESP,M,IRLT,PA,_Z,_Z,_Z,_Z,N,2023-08,3.587217,A,0,2,
OECD.SDD.STES:DSD_STES@DF_FINMARK(4.0),ESP,M,IRLT,PA,_Z,_Z,_Z,_Z,N,2023-09,3.720905,A,0,2,
OECD.SDD.STES:DSD_STES@DF_FINMARK(4.0),ESP,M,IRLT,PA,_Z,_Z,_Z,_Z,N,2023-10,3.951227,A,0,2,
OECD.SDD.STES:DSD_STES@DF_FINMARK(4.0),ESP,M,IRLT,PA,_Z,_Z,_Z,_Z,N,2023-11,3.659409,A,0,2,
OECD.SDD.STES:DSD_STES@DF_FINMARK(4.0),ESP,M,IRLT,PA,_Z,_Z,_Z,_Z,N,2023-12,3.141,A,0,2,
OECD.SDD.STES:DSD_STES@DF_FINMARK(4.0),ESP,M,IRLT,PA,_Z,_Z,_Z,_Z,N,2024-01,3.185955,A,0,2,
OECD.SDD.STES:DSD_STES@DF_FINMARK(4.0),ESP,M,IRLT,PA,_Z,_Z,_Z,_Z,N,2024-02,3.272524,A,0,2,
OECD.SDD.STES:DSD_STES@DF_FINMARK(4.0),ESP,M,IRLT,PA,_Z,_Z,_Z,_Z,N,2024-03,3.1896,A,0,2,
OECD.SDD.STES:DSD_STES@DF_FINMARK(4.0),ESP,M,IRLT,PA,_Z,_Z,_Z,_Z,N,2024-04,3.281524,A,0,2,
OECD.SDD.STES:DSD_STES@DF_FINMARK(4.0),ESP,M,IRLT,PA,_Z,_Z,_Z,_Z,N,2024-05,3.298913,A,0,2,
OECD.SDD.STES:DSD_STES@DF_FINMARK(4.0),ESP,M,IRLT,PA,_Z,_Z,_Z,_Z,N,2024-06,3.35605,A,0,2,
OECD.SDD.STES:DSD_STES@DF_FINMARK(4.0),ESP,M,IRLT,PA,_Z,_Z,_Z,_Z,N,2024-07,3.280391,A,0,2,
OECD.SDD.STES:DSD_STES@DF_FINMARK(4.0),ESP,M,IRLT,PA,_Z,_Z,_Z,_Z,N,2024-08,3.071045,A,0,2,
OECD.SDD.STES:DSD_STES@DF_FINMARK(4.0),ESP,M,IRLT,PA,_Z,_Z,_Z,_Z,N,2024-09,2.995667,A,0,2,
OECD.SDD.STES:DSD_STES@DF_FINMARK(4.0),ESP,M,IRLT,PA,_Z,_Z,_Z,_Z,N,2024-10,2.967609,A,0,2,
OECD.SDD.STES:DSD_STES@DF_FINMARK(4.0),ESP,M,IRLT,PA,_Z,_Z,_Z,_Z,N,2024-11,3.055619,A,0,2,
OECD.SDD.STES:DSD_STES@DF_FINMARK(4.0),ESP,M,IRLT,PA,_Z,_Z,_Z,_Z,N,2024-12,2.89065,A,0,2,
OECD.SDD.STES:DSD_STES@DF_FINMARK(4.0),ESP,M,IRLT,PA,_Z,_Z,_Z,_Z,N,2025-01,3.173182,A,0,2,
OECD.SDD.STES:DSD_STES@DF_FINMARK(4.0),ESP,M,IRLT,PA,_Z,_Z,_Z,_Z,N,2025-02,3.09985,A,0,2,
OECD.SDD.STES:DSD_STES@DF_FINMARK(4.0),ESP,M,IRLT,PA,_Z,_Z,_Z,_Z,N,2025-03,3.38919,A,0,2,
OECD.SDD.STES:DSD_STES@DF_FINMARK(4.0),ESP,M,IRLT,PA,_Z,_Z,_Z,_Z,N,2025-04,3.2291,A,0,2,
OECD.SDD.STES:DSD_STES@DF_FINMARK(4.0),ESP,M,IRLT,PA,_Z,_Z,_Z,_Z,N,2025-05,3.208909,A,0,2,
OECD.SDD.STES:DSD_STES@DF_FINMARK(4.0),ESP,M,IRLT,PA,_Z,_Z,_Z,_Z,N,2025-06,3.167428,A,0,2,
OECD.SDD.STES:DSD_STES@DF_FINMARK(4.0),ESP,M,IRLT,PA,_Z,_Z,_Z,_Z,N,2025-07,3.243087,A,0,2,
OECD.SDD.STES:DSD_STES@DF_FINMARK(4.0),ESP,M,IRLT,PA,_Z,_Z,_Z,_Z,N,2025-08,3.256619,A,0,2,
OECD.SDD.STES:DSD_STES@DF_FINMARK(4.0),ESP,M,IRLT,PA,_Z,_Z,_Z,_Z,N,2025-09,3.266227,A,0,2,
OECD.SDD.STES:DSD_STES@DF_FINMARK(4.0),ESP,M,IRLT,PA,_Z,_Z,_Z,_Z,N,2025-10,3.151391,A,0,2,
OECD.SDD.STES:DSD_STES@DF_FINMARK(4.0),ESP,M,IRLT,PA,_Z,_Z,_Z,_Z,N,2025-11,3.1788,A,0,2,
OECD.SDD.STES:DSD_STES@DF_FINMARK(4.0),ESP,M,IRLT,PA,_Z,_Z,_Z,_Z,N,2025-12,3.271905,A,0,2,
OECD.SDD.STES:DSD_STES@DF_FINMARK(4.0),ESP,M,IRLT,PA,_Z,_Z,_Z,_Z,N,2026-01,3.269238,A,0,2,
OECD.SDD.STES:DSD_STES@DF_FINMARK(4.0),ESP,M,IRLT,PA,_Z,_Z,_Z,_Z,N,2026-02,3.1826,A,0,2,
OECD.SDD.STES:DSD_STES@DF_FINMARK(4.0),ESP,M,IRLT,PA,_Z,_Z,_Z,_Z,N,2026-03,3.385773,A,0,2,
OECD.SDD.STES:DSD_STES@DF_FINMARK(4.0),ESP,M,IRLT,PA,_Z,_Z,_Z,_Z,N,2026-04,3.4491,A,0,2,
OECD.SDD.STES:DSD_STES@DF_FINMARK(4.0),NOR,M,IRLT,PA,_Z,_Z,_Z,_Z,N,2015-01,1.45,A,0,2,
OECD.SDD.STES:DSD_STES@DF_FINMARK(4.0),NOR,M,IRLT,PA,_Z,_Z,_Z,_Z,N,2015-02,1.39,A,0,2,
OECD.SDD.STES:DSD_STES@DF_FINMARK(4.0),NOR,M,IRLT,PA,_Z,_Z,_Z,_Z,N,2015-03,1.54,A,0,2,
OECD.SDD.STES:DSD_STES@DF_FINMARK(4.0),NOR,M,IRLT,PA,_Z,_Z,_Z,_Z,N,2015-04,1.44,A,0,2,
OECD.SDD.STES:DSD_STES@DF_FINMARK(4.0),NOR,M,IRLT,PA,_Z,_Z,_Z,_Z,N,2015-05,1.65,A,0,2,
OECD.SDD.STES:DSD_STES@DF_FINMARK(4.0),NOR,M,IRLT,PA,_Z,_Z,_Z,_Z,N,2015-06,1.77,A,0,2,
OECD.SDD.STES:DSD_STES@DF_FINMARK(4.0),NOR,M,IRLT,PA,_Z,_Z,_Z,_Z,N,2015-07,1.7,A,0,2,
OECD.SDD.STES:DSD_STES@DF_FINMARK(4.0),NOR,M,IRLT,PA,_Z,_Z,_Z,_Z,N,2015-08,1.49,A,0,2,
OECD.SDD.STES:DSD_STES@DF_FINMARK(4.0),NOR,M,IRLT,PA,_Z,_Z,_Z,_Z,N,2015-09,1.6,A,0,2,
OECD.SDD.STES:DSD_STES@DF_FINMARK(4.0),NOR,M,IRLT,PA,_Z,_Z,_Z,_Z,N,2015-10,1.57,A,0,2,
OECD.SDD.STES:DSD_STES@DF_FINMARK(4.0),NOR,M,IRLT,PA,_Z,_Z,_Z,_Z,N,2015-11,1.63,A,0,2,
OECD.SDD.STES:DSD_STES@DF_FINMARK(4.0),NOR,M,IRLT,PA,_Z,_Z,_Z,_Z,N,2015-12,1.55,A,0,2,
OECD.SDD.STES:DSD_STES@DF_FINMARK(4.0),NOR,M,IRLT,PA,_Z,_Z,_Z,_Z,N,2016-01,1.45,A,0,2,
OECD.SDD.STES:DSD_STES@DF_FINMARK(4.0),NOR,M,IRLT,PA,_Z,_Z,_Z,_Z,N,2016-02,1.39,A,0,2,
OECD.SDD.STES:DSD_STES@DF_FINMARK(4.0),NOR,M,IRLT,PA,_Z,_Z,_Z,_Z,N,2016-03,1.33,A,0,2,
OECD.SDD.STES:DSD_STES@DF_FINMARK(4.0),NOR,M,IRLT,PA,_Z,_Z,_Z,_Z,N,2016-04,1.3,A,0,2,
OECD.SDD.STES:DSD_STES@DF_FINMARK(4.0),NOR,M,IRLT,PA,_Z,_Z,_Z,_Z,N,2016-05,1.4,A,0,2,
OECD.SDD.STES:DSD_STES@DF_FINMARK(4.0),NOR,M,IRLT,PA,_Z,_Z,_Z,_Z,N,2016-06,1.17,A,0,2,
OECD.SDD.STES:DSD_STES@DF_FINMARK(4.0),NOR,M,IRLT,PA,_Z,_Z,_Z,_Z,N,2016-07,0.96,A,0,2,
OECD.SDD.STES:DSD_STES@DF_FINMARK(4.0),NOR,M,IRLT,PA,_Z,_Z,_Z,_Z,N,2016-08,1.07,A,0,2,
OECD.SDD.STES:DSD_STES@DF_FINMARK(4.0),NOR,M,IRLT,PA,_Z,_Z,_Z,_Z,N,2016-09,1.23,A,0,2,
OECD.SDD.STES:DSD_STES@DF_FINMARK(4.0),NOR,M,IRLT,PA,_Z,_Z,_Z,_Z,N,2016-10,1.34,A,0,2,
OECD.SDD.STES:DSD_STES@DF_FINMARK(4.0),NOR,M,IRLT,PA,_Z,_Z,_Z,_Z,N,2016-11,1.58,A,0,2,
OECD.SDD.STES:DSD_STES@DF_FINMARK(4.0),NOR,M,IRLT,PA,_Z,_Z,_Z,_Z,N,2016-12,1.76,A,0,2,
OECD.SDD.STES:DSD_STES@DF_FINMARK(4.0),NOR,M,IRLT,PA,_Z,_Z,_Z,_Z,N,2017-01,1.69,A,0,2,
OECD.SDD.STES:DSD_STES@DF_FINMARK(4.0),NOR,M,IRLT,PA,_Z,_Z,_Z,_Z,N,2017-02,1.74,A,0,2,
OECD.SDD.STES:DSD_STES@DF_FINMARK(4.0),NOR,M,IRLT,PA,_Z,_Z,_Z,_Z,N,2017-03,1.77,A,0,2,
OECD.SDD.STES:DSD_STES@DF_FINMARK(4.0),NOR,M,IRLT,PA,_Z,_Z,_Z,_Z,N,2017-04,1.61,A,0,2,
OECD.SDD.STES:DSD_STES@DF_FINMARK(4.0),NOR,M,IRLT,PA,_Z,_Z,_Z,_Z,N,2017-05,1.59,A,0,2,
OECD.SDD.STES:DSD_STES@DF_FINMARK(4.0),NOR,M,IRLT,PA,_Z,_Z,_Z,_Z,N,2017-06,1.53,A,0,2,
OECD.SDD.STES:DSD_STES@DF_FINMARK(4.0),NOR,M,IRLT,PA,_Z,_Z,_Z,_Z,N,2017-07,1.69,A,0,2,
OECD.SDD.STES:DSD_STES@DF_FINMARK(4.0),NOR,M,IRLT,PA,_Z,_Z,_Z,_Z,N,2017-08,1.62,A,0,2,
OECD.SDD.STES:DSD_STES@DF_FINMARK(4.0),NOR,M,IRLT,PA,_Z,_Z,_Z,_Z,N,2017-09,1.59,A,0,2,
OECD.SDD.STES:DSD_STES@DF_FINMARK(4.0),NOR,M,IRLT,PA,_Z,_Z,_Z,_Z,N,2017-10,1.66,A,0,2,
OECD.SDD.STES:DSD_STES@DF_FINMARK(4.0),NOR,M,IRLT,PA,_Z,_Z,_Z,_Z,N,2017-11,1.59,A,0,2,
OECD.SDD.STES:DSD_STES@DF_FINMARK(4.0),NOR,M,IRLT,PA,_Z,_Z,_Z,_Z,N,2017-12,1.57,A,0,2,
OECD.SDD.STES:DSD_STES@DF_FINMARK(4.0),NOR,M,IRLT,PA,_Z,_Z,_Z,_Z,N,2018-01,1.74,A,0,2,
OECD.SDD.STES:DSD_STES@DF_FINMARK(4.0),NOR,M,IRLT,PA,_Z,_Z,_Z,_Z,N,2018-02,1.98,A,0,2,
OECD.SDD.STES:DSD_STES@DF_FINMARK(4.0),NOR,M,IRLT,PA,_Z,_Z,_Z,_Z,N,2018-03,1.99,A,0,2,
OECD.SDD.STES:DSD_STES@DF_FINMARK(4.0),NOR,M,IRLT,PA,_Z,_Z,_Z,_Z,N,2018-04,1.93,A,0,2,
OECD.SDD.STES:DSD_STES@DF_FINMARK(4.0),NOR,M,IRLT,PA,_Z,_Z,_Z,_Z,N,2018-05,1.89,A,0,2,
OECD.SDD.STES:DSD_STES@DF_FINMARK(4.0),NOR,M,IRLT,PA,_Z,_Z,_Z,_Z,N,2018-06,1.82,A,0,2,
OECD.SDD.STES:DSD_STES@DF_FINMARK(4.0),NOR,M,IRLT,PA,_Z,_Z,_Z,_Z,N,2018-07,1.76,A,0,2,
OECD.SDD.STES:DSD_STES@DF_FINMARK(4.0),NOR,M,IRLT,PA,_Z,_Z,_Z,_Z,N,2018-08,1.77,A,0,2,
OECD.SDD.STES:DSD_STES@DF_FINMARK(4.0),NOR,M,IRLT,PA,_Z,_Z,_Z,_Z,N,2018-09,1.9,A,0,2,
OECD.SDD.STES:DSD_STES@DF_FINMARK(4.0),NOR,M,IRLT,PA,_Z,_Z,_Z,_Z,N,2018-10,2,A,0,2,
OECD.SDD.STES:DSD_STES@DF_FINMARK(4.0),NOR,M,IRLT,PA,_Z,_Z,_Z,_Z,N,2018-11,1.94,A,0,2,
OECD.SDD.STES:DSD_STES@DF_FINMARK(4.0),NOR,M,IRLT,PA,_Z,_Z,_Z,_Z,N,2018-12,1.83,A,0,2,
OECD.SDD.STES:DSD_STES@DF_FINMARK(4.0),NOR,M,IRLT,PA,_Z,_Z,_Z,_Z,N,2019-01,1.78,A,0,2,
OECD.SDD.STES:DSD_STES@DF_FINMARK(4.0),NOR,M,IRLT,PA,_Z,_Z,_Z,_Z,N,2019-02,1.71,A,0,2,
OECD.SDD.STES:DSD_STES@DF_FINMARK(4.0),NOR,M,IRLT,PA,_Z,_Z,_Z,_Z,N,2019-03,1.66,A,0,2,
OECD.SDD.STES:DSD_STES@DF_FINMARK(4.0),NOR,M,IRLT,PA,_Z,_Z,_Z,_Z,N,2019-04,1.71,A,0,2,
OECD.SDD.STES:DSD_STES@DF_FINMARK(4.0),NOR,M,IRLT,PA,_Z,_Z,_Z,_Z,N,2019-05,1.66,A,0,2,
OECD.SDD.STES:DSD_STES@DF_FINMARK(4.0),NOR,M,IRLT,PA,_Z,_Z,_Z,_Z,N,2019-06,1.43,A,0,2,
OECD.SDD.STES:DSD_STES@DF_FINMARK(4.0),NOR,M,IRLT,PA,_Z,_Z,_Z,_Z,N,2019-07,1.44,A,0,2,
OECD.SDD.STES:DSD_STES@DF_FINMARK(4.0),NOR,M,IRLT,PA,_Z,_Z,_Z,_Z,N,2019-08,1.15,A,0,2,
OECD.SDD.STES:DSD_STES@DF_FINMARK(4.0),NOR,M,IRLT,PA,_Z,_Z,_Z,_Z,N,2019-09,1.21,A,0,2,
OECD.SDD.STES:DSD_STES@DF_FINMARK(4.0),NOR,M,IRLT,PA,_Z,_Z,_Z,_Z,N,2019-10,1.26,A,0,2,
OECD.SDD.STES:DSD_STES@DF_FINMARK(4.0),NOR,M,IRLT,PA,_Z,_Z,_Z,_Z,N,2019-11,1.45,A,0,2,
OECD.SDD.STES:DSD_STES@DF_FINMARK(4.0),NOR,M,IRLT,PA,_Z,_Z,_Z,_Z,N,2019-12,1.47,A,0,2,
OECD.SDD.STES:DSD_STES@DF_FINMARK(4.0),NOR,M,IRLT,PA,_Z,_Z,_Z,_Z,N,2020-01,1.39,A,0,2,
OECD.SDD.STES:DSD_STES@DF_FINMARK(4.0),NOR,M,IRLT,PA,_Z,_Z,_Z,_Z,N,2020-02,1.35,A,0,2,
OECD.SDD.STES:DSD_STES@DF_FINMARK(4.0),NOR,M,IRLT,PA,_Z,_Z,_Z,_Z,N,2020-03,0.93,A,0,2,
OECD.SDD.STES:DSD_STES@DF_FINMARK(4.0),NOR,M,IRLT,PA,_Z,_Z,_Z,_Z,N,2020-04,0.7,A,0,2,
OECD.SDD.STES:DSD_STES@DF_FINMARK(4.0),NOR,M,IRLT,PA,_Z,_Z,_Z,_Z,N,2020-05,0.47,A,0,2,
OECD.SDD.STES:DSD_STES@DF_FINMARK(4.0),NOR,M,IRLT,PA,_Z,_Z,_Z,_Z,N,2020-06,0.65,A,0,2,
OECD.SDD.STES:DSD_STES@DF_FINMARK(4.0),NOR,M,IRLT,PA,_Z,_Z,_Z,_Z,N,2020-07,0.61,A,0,2,
OECD.SDD.STES:DSD_STES@DF_FINMARK(4.0),NOR,M,IRLT,PA,_Z,_Z,_Z,_Z,N,2020-08,0.69,A,0,2,
OECD.SDD.STES:DSD_STES@DF_FINMARK(4.0),NOR,M,IRLT,PA,_Z,_Z,_Z,_Z,N,2020-09,0.65,A,0,2,
OECD.SDD.STES:DSD_STES@DF_FINMARK(4.0),NOR,M,IRLT,PA,_Z,_Z,_Z,_Z,N,2020-10,0.67,A,0,2,
OECD.SDD.STES:DSD_STES@DF_FINMARK(4.0),NOR,M,IRLT,PA,_Z,_Z,_Z,_Z,N,2020-11,0.79,A,0,2,
OECD.SDD.STES:DSD_STES@DF_FINMARK(4.0),NOR,M,IRLT,PA,_Z,_Z,_Z,_Z,N,2020-12,0.91,A,0,2,
OECD.SDD.STES:DSD_STES@DF_FINMARK(4.0),NOR,M,IRLT,PA,_Z,_Z,_Z,_Z,N,2021-01,1.01,A,0,2,
OECD.SDD.STES:DSD_STES@DF_FINMARK(4.0),NOR,M,IRLT,PA,_Z,_Z,_Z,_Z,N,2021-02,1.28,A,0,2,
OECD.SDD.STES:DSD_STES@DF_FINMARK(4.0),NOR,M,IRLT,PA,_Z,_Z,_Z,_Z,N,2021-03,1.46,A,0,2,
OECD.SDD.STES:DSD_STES@DF_FINMARK(4.0),NOR,M,IRLT,PA,_Z,_Z,_Z,_Z,N,2021-04,1.42,A,0,2,
OECD.SDD.STES:DSD_STES@DF_FINMARK(4.0),NOR,M,IRLT,PA,_Z,_Z,_Z,_Z,N,2021-05,1.47,A,0,2,
OECD.SDD.STES:DSD_STES@DF_FINMARK(4.0),NOR,M,IRLT,PA,_Z,_Z,_Z,_Z,N,2021-06,1.47,A,0,2,
OECD.SDD.STES:DSD_STES@DF_FINMARK(4.0),NOR,M,IRLT,PA,_Z,_Z,_Z,_Z,N,2021-07,1.24,A,0,2,
OECD.SDD.STES:DSD_STES@DF_FINMARK(4.0),NOR,M,IRLT,PA,_Z,_Z,_Z,_Z,N,2021-08,1.23,A,0,2,
OECD.SDD.STES:DSD_STES@DF_FINMARK(4.0),NOR,M,IRLT,PA,_Z,_Z,_Z,_Z,N,2021-09,1.42,A,0,2,
OECD.SDD.STES:DSD_STES@DF_FINMARK(4.0),NOR,M,IRLT,PA,_Z,_Z,_Z,_Z,N,2021-10,1.675667,A,0,2,
OECD.SDD.STES:DSD_STES@DF_FINMARK(4.0),NOR,M,IRLT,PA,_Z,_Z,_Z,_Z,N,2021-11,1.607778,A,0,2,
OECD.SDD.STES:DSD_STES@DF_FINMARK(4.0),NOR,M,IRLT,PA,_Z,_Z,_Z,_Z,N,2021-12,1.707,A,0,2,
OECD.SDD.STES:DSD_STES@DF_FINMARK(4.0),NOR,M,IRLT,PA,_Z,_Z,_Z,_Z,N,2022-01,1.909889,A,0,2,
OECD.SDD.STES:DSD_STES@DF_FINMARK(4.0),NOR,M,IRLT,PA,_Z,_Z,_Z,_Z,N,2022-02,2.119,A,0,2,
OECD.SDD.STES:DSD_STES@DF_FINMARK(4.0),NOR,M,IRLT,PA,_Z,_Z,_Z,_Z,N,2022-03,2.5315,A,0,2,
OECD.SDD.STES:DSD_STES@DF_FINMARK(4.0),NOR,M,IRLT,PA,_Z,_Z,_Z,_Z,N,2022-04,2.6935,A,0,2,
OECD.SDD.STES:DSD_STES@DF_FINMARK(4.0),NOR,M,IRLT,PA,_Z,_Z,_Z,_Z,N,2022-05,2.64225,A,0,2,
OECD.SDD.STES:DSD_STES@DF_FINMARK(4.0),NOR,M,IRLT,PA,_Z,_Z,_Z,_Z,N,2022-06,3.12575,A,0,2,
OECD.SDD.STES:DSD_STES@DF_FINMARK(4.0),NOR,M,IRLT,PA,_Z,_Z,_Z,_Z,N,2022-07,2.909429,A,0,2,
OECD.SDD.STES:DSD_STES@DF_FINMARK(4.0),NOR,M,IRLT,PA,_Z,_Z,_Z,_Z,N,2022-08,3.336,A,0,2,
OECD.SDD.STES:DSD_STES@DF_FINMARK(4.0),NOR,M,IRLT,PA,_Z,_Z,_Z,_Z,N,2022-09,3.418,A,0,2,
OECD.SDD.STES:DSD_STES@DF_FINMARK(4.0),NOR,M,IRLT,PA,_Z,_Z,_Z,_Z,N,2022-10,3.596875,A,0,2,
OECD.SDD.STES:DSD_STES@DF_FINMARK(4.0),NOR,M,IRLT,PA,_Z,_Z,_Z,_Z,N,2022-11,3.122875,A,0,2,
OECD.SDD.STES:DSD_STES@DF_FINMARK(4.0),NOR,M,IRLT,PA,_Z,_Z,_Z,_Z,N,2022-12,3.135889,A,0,2,
OECD.SDD.STES:DSD_STES@DF_FINMARK(4.0),NOR,M,IRLT,PA,_Z,_Z,_Z,_Z,N,2023-01,2.884454,A,0,2,
OECD.SDD.STES:DSD_STES@DF_FINMARK(4.0),NOR,M,IRLT,PA,_Z,_Z,_Z,_Z,N,2023-02,3.1458,A,0,2,
OECD.SDD.STES:DSD_STES@DF_FINMARK(4.0),NOR,M,IRLT,PA,_Z,_Z,_Z,_Z,N,2023-03,2.973273,A,0,2,
OECD.SDD.STES:DSD_STES@DF_FINMARK(4.0),NOR,M,IRLT,PA,_Z,_Z,_Z,_Z,N,2023-04,3.175625,A,0,2,
OECD.SDD.STES:DSD_STES@DF_FINMARK(4.0),NOR,M,IRLT,PA,_Z,_Z,_Z,_Z,N,2023-05,3.329,A,0,2,
OECD.SDD.STES:DSD_STES@DF_FINMARK(4.0),NOR,M,IRLT,PA,_Z,_Z,_Z,_Z,N,2023-06,3.5665,A,0,2,
OECD.SDD.STES:DSD_STES@DF_FINMARK(4.0),NOR,M,IRLT,PA,_Z,_Z,_Z,_Z,N,2023-07,3.669167,A,0,2,
OECD.SDD.STES:DSD_STES@DF_FINMARK(4.0),NOR,M,IRLT,PA,_Z,_Z,_Z,_Z,N,2023-08,3.7665,A,0,2,
OECD.SDD.STES:DSD_STES@DF_FINMARK(4.0),NOR,M,IRLT,PA,_Z,_Z,_Z,_Z,N,2023-09,3.886714,A,0,2,
OECD.SDD.STES:DSD_STES@DF_FINMARK(4.0),NOR,M,IRLT,PA,_Z,_Z,_Z,_Z,N,2023-10,3.967429,A,0,2,
OECD.SDD.STES:DSD_STES@DF_FINMARK(4.0),NOR,M,IRLT,PA,_Z,_Z,_Z,_Z,N,2023-11,3.621572,A,0,2,
OECD.SDD.STES:DSD_STES@DF_FINMARK(4.0),NOR,M,IRLT,PA,_Z,_Z,_Z,_Z,N,2023-12,3.240583,A,0,2,
OECD.SDD.STES:DSD_STES@DF_FINMARK(4.0),NOR,M,IRLT,PA,_Z,_Z,_Z,_Z,N,2024-01,3.5805,A,0,2,
OECD.SDD.STES:DSD_STES@DF_FINMARK(4.0),NOR,M,IRLT,PA,_Z,_Z,_Z,_Z,N,2024-02,3.767692,A,0,2,
OECD.SDD.STES:DSD_STES@DF_FINMARK(4.0),NOR,M,IRLT,PA,_Z,_Z,_Z,_Z,N,2024-03,3.607125,A,0,2,
OECD.SDD.STES:DSD_STES@DF_FINMARK(4.0),NOR,M,IRLT,PA,_Z,_Z,_Z,_Z,N,2024-04,3.788667,A,0,2,
OECD.SDD.STES:DSD_STES@DF_FINMARK(4.0),NOR,M,IRLT,PA,_Z,_Z,_Z,_Z,N,2024-05,3.695875,A,0,2,
OECD.SDD.STES:DSD_STES@DF_FINMARK(4.0),NOR,M,IRLT,PA,_Z,_Z,_Z,_Z,N,2024-06,3.5492,A,0,2,
OECD.SDD.STES:DSD_STES@DF_FINMARK(4.0),NOR,M,IRLT,PA,_Z,_Z,_Z,_Z,N,2024-07,3.4625,A,0,2,
OECD.SDD.STES:DSD_STES@DF_FINMARK(4.0),NOR,M,IRLT,PA,_Z,_Z,_Z,_Z,N,2024-08,3.302091,A,0,2,
OECD.SDD.STES:DSD_STES@DF_FINMARK(4.0),NOR,M,IRLT,PA,_Z,_Z,_Z,_Z,N,2024-09,3.340091,A,0,2,
OECD.SDD.STES:DSD_STES@DF_FINMARK(4.0),NOR,M,IRLT,PA,_Z,_Z,_Z,_Z,N,2024-10,3.60253,A,0,2,
OECD.SDD.STES:DSD_STES@DF_FINMARK(4.0),NOR,M,IRLT,PA,_Z,_Z,_Z,_Z,N,2024-11,3.611733,A,0,2,
OECD.SDD.STES:DSD_STES@DF_FINMARK(4.0),NOR,M,IRLT,PA,_Z,_Z,_Z,_Z,N,2024-12,3.657538,A,0,2,
OECD.SDD.STES:DSD_STES@DF_FINMARK(4.0),NOR,M,IRLT,PA,_Z,_Z,_Z,_Z,N,2025-02,3.88015,A,0,2,
OECD.SDD.STES:DSD_STES@DF_FINMARK(4.0),NOR,M,IRLT,PA,_Z,_Z,_Z,_Z,N,2025-04,3.895474,A,0,2,
OECD.SDD.STES:DSD_STES@DF_FINMARK(4.0),NOR,M,IRLT,PA,_Z,_Z,_Z,_Z,N,2025-05,4.0091,A,0,2,
OECD.SDD.STES:DSD_STES@DF_FINMARK(4.0),NOR,M,IRLT,PA,_Z,_Z,_Z,_Z,N,2025-06,3.94865,A,0,2,
OECD.SDD.STES:DSD_STES@DF_FINMARK(4.0),NOR,M,IRLT,PA,_Z,_Z,_Z,_Z,N,2025-07,3.882869,A,0,2,
OECD.SDD.STES:DSD_STES@DF_FINMARK(4.0),NOR,M,IRLT,PA,_Z,_Z,_Z,_Z,N,2025-08,3.873095,A,0,2,
OECD.SDD.STES:DSD_STES@DF_FINMARK(4.0),NOR,M,IRLT,PA,_Z,_Z,_Z,_Z,N,2025-09,3.935727,A,0,2,
OECD.SDD.STES:DSD_STES@DF_FINMARK(4.0),NOR,M,IRLT,PA,_Z,_Z,_Z,_Z,N,2025-10,3.963957,A,0,2,
OECD.SDD.STES:DSD_STES@DF_FINMARK(4.0),NOR,M,IRLT,PA,_Z,_Z,_Z,_Z,N,2025-11,4.0223,A,0,2,
OECD.SDD.STES:DSD_STES@DF_FINMARK(4.0),NOR,M,IRLT,PA,_Z,_Z,_Z,_Z,N,2025-12,4.091527,A,0,2,
OECD.SDD.STES:DSD_STES@DF_FINMARK(4.0),NOR,M,IRLT,PA,_Z,_Z,_Z,_Z,N,2026-01,4.122286,A,0,2,
OECD.SDD.STES:DSD_STES@DF_FINMARK(4.0),NOR,M,IRLT,PA,_Z,_Z,_Z,_Z,N,2026-02,4.1625,A,0,2,
OECD.SDD.STES:DSD_STES@DF_FINMARK(4.0),NOR,M,IRLT,PA,_Z,_Z,_Z,_Z,N,2026-03,4.257864,A,0,2,
OECD.SDD.STES:DSD_STES@DF_FINMARK(4.0),NOR,M,IRLT,PA,_Z,_Z,_Z,_Z,N,2026-04,4.286421,A,0,2,
OECD.SDD.STES:DSD_STES@DF_FINMARK(4.0),NOR,M,IRLT,PA,_Z,_Z,_Z,_Z,N,2026-05,4.329889,A,0,2,
OECD.SDD.STES:DSD_STES@DF_FINMARK(4.0),DNK,M,IRLT,PA,_Z,_Z,_Z,_Z,N,2015-01,0.626,A,0,2,
OECD.SDD.STES:DSD_STES@DF_FINMARK(4.0),DNK,M,IRLT,PA,_Z,_Z,_Z,_Z,N,2015-02,0.2,A,0,2,
OECD.SDD.STES:DSD_STES@DF_FINMARK(4.0),DNK,M,IRLT,PA,_Z,_Z,_Z,_Z,N,2015-03,0.295,A,0,2,
OECD.SDD.STES:DSD_STES@DF_FINMARK(4.0),DNK,M,IRLT,PA,_Z,_Z,_Z,_Z,N,2015-04,0.246,A,0,2,
OECD.SDD.STES:DSD_STES@DF_FINMARK(4.0),DNK,M,IRLT,PA,_Z,_Z,_Z,_Z,N,2015-05,0.73,A,0,2,
OECD.SDD.STES:DSD_STES@DF_FINMARK(4.0),DNK,M,IRLT,PA,_Z,_Z,_Z,_Z,N,2015-06,1,A,0,2,
OECD.SDD.STES:DSD_STES@DF_FINMARK(4.0),DNK,M,IRLT,PA,_Z,_Z,_Z,_Z,N,2015-07,0.943,A,0,2,
OECD.SDD.STES:DSD_STES@DF_FINMARK(4.0),DNK,M,IRLT,PA,_Z,_Z,_Z,_Z,N,2015-08,0.842,A,0,2,
OECD.SDD.STES:DSD_STES@DF_FINMARK(4.0),DNK,M,IRLT,PA,_Z,_Z,_Z,_Z,N,2015-09,0.928,A,0,2,
OECD.SDD.STES:DSD_STES@DF_FINMARK(4.0),DNK,M,IRLT,PA,_Z,_Z,_Z,_Z,N,2015-10,0.83,A,0,2,
OECD.SDD.STES:DSD_STES@DF_FINMARK(4.0),DNK,M,IRLT,PA,_Z,_Z,_Z,_Z,N,2015-11,0.812,A,0,2,
OECD.SDD.STES:DSD_STES@DF_FINMARK(4.0),DNK,M,IRLT,PA,_Z,_Z,_Z,_Z,N,2015-12,0.834,A,0,2,
OECD.SDD.STES:DSD_STES@DF_FINMARK(4.0),DNK,M,IRLT,PA,_Z,_Z,_Z,_Z,N,2016-01,0.786,A,0,2,
OECD.SDD.STES:DSD_STES@DF_FINMARK(4.0),DNK,M,IRLT,PA,_Z,_Z,_Z,_Z,N,2016-02,0.545,A,0,2,
OECD.SDD.STES:DSD_STES@DF_FINMARK(4.0),DNK,M,IRLT,PA,_Z,_Z,_Z,_Z,N,2016-03,0.508,A,0,2,
OECD.SDD.STES:DSD_STES@DF_FINMARK(4.0),DNK,M,IRLT,PA,_Z,_Z,_Z,_Z,N,2016-04,0.396,A,0,2,
OECD.SDD.STES:DSD_STES@DF_FINMARK(4.0),DNK,M,IRLT,PA,_Z,_Z,_Z,_Z,N,2016-05,0.414,A,0,2,
OECD.SDD.STES:DSD_STES@DF_FINMARK(4.0),DNK,M,IRLT,PA,_Z,_Z,_Z,_Z,N,2016-06,0.225,A,0,2,
OECD.SDD.STES:DSD_STES@DF_FINMARK(4.0),DNK,M,IRLT,PA,_Z,_Z,_Z,_Z,N,2016-07,0.073,A,0,2,
OECD.SDD.STES:DSD_STES@DF_FINMARK(4.0),DNK,M,IRLT,PA,_Z,_Z,_Z,_Z,N,2016-08,0.038,A,0,2,
OECD.SDD.STES:DSD_STES@DF_FINMARK(4.0),DNK,M,IRLT,PA,_Z,_Z,_Z,_Z,N,2016-09,0.014,A,0,2,
OECD.SDD.STES:DSD_STES@DF_FINMARK(4.0),DNK,M,IRLT,PA,_Z,_Z,_Z,_Z,N,2016-10,0.132,A,0,2,
OECD.SDD.STES:DSD_STES@DF_FINMARK(4.0),DNK,M,IRLT,PA,_Z,_Z,_Z,_Z,N,2016-11,0.324,A,0,2,
OECD.SDD.STES:DSD_STES@DF_FINMARK(4.0),DNK,M,IRLT,PA,_Z,_Z,_Z,_Z,N,2016-12,0.389,A,0,2,
OECD.SDD.STES:DSD_STES@DF_FINMARK(4.0),DNK,M,IRLT,PA,_Z,_Z,_Z,_Z,N,2017-01,0.373,A,0,2,
OECD.SDD.STES:DSD_STES@DF_FINMARK(4.0),DNK,M,IRLT,PA,_Z,_Z,_Z,_Z,N,2017-02,0.334,A,0,2,
OECD.SDD.STES:DSD_STES@DF_FINMARK(4.0),DNK,M,IRLT,PA,_Z,_Z,_Z,_Z,N,2017-03,0.189,A,0,2,
OECD.SDD.STES:DSD_STES@DF_FINMARK(4.0),DNK,M,IRLT,PA,_Z,_Z,_Z,_Z,N,2017-04,0.545,A,0,2,
OECD.SDD.STES:DSD_STES@DF_FINMARK(4.0),DNK,M,IRLT,PA,_Z,_Z,_Z,_Z,N,2017-05,0.635,A,0,2,
OECD.SDD.STES:DSD_STES@DF_FINMARK(4.0),DNK,M,IRLT,PA,_Z,_Z,_Z,_Z,N,2017-06,0.529,A,0,2,
OECD.SDD.STES:DSD_STES@DF_FINMARK(4.0),DNK,M,IRLT,PA,_Z,_Z,_Z,_Z,N,2017-07,0.673,A,0,2,
OECD.SDD.STES:DSD_STES@DF_FINMARK(4.0),DNK,M,IRLT,PA,_Z,_Z,_Z,_Z,N,2017-08,0.546,A,0,2,
OECD.SDD.STES:DSD_STES@DF_FINMARK(4.0),DNK,M,IRLT,PA,_Z,_Z,_Z,_Z,N,2017-09,0.51,A,0,2,
OECD.SDD.STES:DSD_STES@DF_FINMARK(4.0),DNK,M,IRLT,PA,_Z,_Z,_Z,_Z,N,2017-10,0.531,A,0,2,
OECD.SDD.STES:DSD_STES@DF_FINMARK(4.0),DNK,M,IRLT,PA,_Z,_Z,_Z,_Z,N,2017-11,0.442,A,0,2,
OECD.SDD.STES:DSD_STES@DF_FINMARK(4.0),DNK,M,IRLT,PA,_Z,_Z,_Z,_Z,N,2017-12,0.41,A,0,2,
OECD.SDD.STES:DSD_STES@DF_FINMARK(4.0),DNK,M,IRLT,PA,_Z,_Z,_Z,_Z,N,2018-01,0.567,A,0,2,
OECD.SDD.STES:DSD_STES@DF_FINMARK(4.0),DNK,M,IRLT,PA,_Z,_Z,_Z,_Z,N,2018-02,0.772,A,0,2,
OECD.SDD.STES:DSD_STES@DF_FINMARK(4.0),DNK,M,IRLT,PA,_Z,_Z,_Z,_Z,N,2018-03,0.642,A,0,2,
OECD.SDD.STES:DSD_STES@DF_FINMARK(4.0),DNK,M,IRLT,PA,_Z,_Z,_Z,_Z,N,2018-04,0.553,A,0,2,
OECD.SDD.STES:DSD_STES@DF_FINMARK(4.0),DNK,M,IRLT,PA,_Z,_Z,_Z,_Z,N,2018-05,0.518,A,0,2,
OECD.SDD.STES:DSD_STES@DF_FINMARK(4.0),DNK,M,IRLT,PA,_Z,_Z,_Z,_Z,N,2018-06,0.407,A,0,2,
OECD.SDD.STES:DSD_STES@DF_FINMARK(4.0),DNK,M,IRLT,PA,_Z,_Z,_Z,_Z,N,2018-07,0.32,A,0,2,
OECD.SDD.STES:DSD_STES@DF_FINMARK(4.0),DNK,M,IRLT,PA,_Z,_Z,_Z,_Z,N,2018-08,0.326,A,0,2,
OECD.SDD.STES:DSD_STES@DF_FINMARK(4.0),DNK,M,IRLT,PA,_Z,_Z,_Z,_Z,N,2018-09,0.365,A,0,2,
OECD.SDD.STES:DSD_STES@DF_FINMARK(4.0),DNK,M,IRLT,PA,_Z,_Z,_Z,_Z,N,2018-10,0.418,A,0,2,
OECD.SDD.STES:DSD_STES@DF_FINMARK(4.0),DNK,M,IRLT,PA,_Z,_Z,_Z,_Z,N,2018-11,0.336,A,0,2,
OECD.SDD.STES:DSD_STES@DF_FINMARK(4.0),DNK,M,IRLT,PA,_Z,_Z,_Z,_Z,N,2018-12,0.234,A,0,2,
OECD.SDD.STES:DSD_STES@DF_FINMARK(4.0),DNK,M,IRLT,PA,_Z,_Z,_Z,_Z,N,2019-01,0.153,A,0,2,
OECD.SDD.STES:DSD_STES@DF_FINMARK(4.0),DNK,M,IRLT,PA,_Z,_Z,_Z,_Z,N,2019-02,0.054,A,0,2,
OECD.SDD.STES:DSD_STES@DF_FINMARK(4.0),DNK,M,IRLT,PA,_Z,_Z,_Z,_Z,N,2019-03,0.163,A,0,2,
OECD.SDD.STES:DSD_STES@DF_FINMARK(4.0),DNK,M,IRLT,PA,_Z,_Z,_Z,_Z,N,2019-04,0.082,A,0,2,
OECD.SDD.STES:DSD_STES@DF_FINMARK(4.0),DNK,M,IRLT,PA,_Z,_Z,_Z,_Z,N,2019-05,0.044,A,0,2,
OECD.SDD.STES:DSD_STES@DF_FINMARK(4.0),DNK,M,IRLT,PA,_Z,_Z,_Z,_Z,N,2019-06,-0.217,A,0,2,
OECD.SDD.STES:DSD_STES@DF_FINMARK(4.0),DNK,M,IRLT,PA,_Z,_Z,_Z,_Z,N,2019-07,-0.308,A,0,2,
OECD.SDD.STES:DSD_STES@DF_FINMARK(4.0),DNK,M,IRLT,PA,_Z,_Z,_Z,_Z,N,2019-08,-0.579,A,0,2,
OECD.SDD.STES:DSD_STES@DF_FINMARK(4.0),DNK,M,IRLT,PA,_Z,_Z,_Z,_Z,N,2019-09,-0.591,A,0,2,
OECD.SDD.STES:DSD_STES@DF_FINMARK(4.0),DNK,M,IRLT,PA,_Z,_Z,_Z,_Z,N,2019-10,-0.432,A,0,2,
OECD.SDD.STES:DSD_STES@DF_FINMARK(4.0),DNK,M,IRLT,PA,_Z,_Z,_Z,_Z,N,2019-11,-0.312,A,0,2,
OECD.SDD.STES:DSD_STES@DF_FINMARK(4.0),DNK,M,IRLT,PA,_Z,_Z,_Z,_Z,N,2019-12,-0.258,A,0,2,
OECD.SDD.STES:DSD_STES@DF_FINMARK(4.0),DNK,M,IRLT,PA,_Z,_Z,_Z,_Z,N,2020-01,-0.259,A,0,2,
OECD.SDD.STES:DSD_STES@DF_FINMARK(4.0),DNK,M,IRLT,PA,_Z,_Z,_Z,_Z,N,2020-02,-0.411,A,0,2,
OECD.SDD.STES:DSD_STES@DF_FINMARK(4.0),DNK,M,IRLT,PA,_Z,_Z,_Z,_Z,N,2020-03,-0.409,A,0,2,
OECD.SDD.STES:DSD_STES@DF_FINMARK(4.0),DNK,M,IRLT,PA,_Z,_Z,_Z,_Z,N,2020-04,-0.21,A,0,2,
OECD.SDD.STES:DSD_STES@DF_FINMARK(4.0),DNK,M,IRLT,PA,_Z,_Z,_Z,_Z,N,2020-05,-0.288,A,0,2,
OECD.SDD.STES:DSD_STES@DF_FINMARK(4.0),DNK,M,IRLT,PA,_Z,_Z,_Z,_Z,N,2020-06,-0.264,A,0,2,
OECD.SDD.STES:DSD_STES@DF_FINMARK(4.0),DNK,M,IRLT,PA,_Z,_Z,_Z,_Z,N,2020-07,-0.341,A,0,2,
OECD.SDD.STES:DSD_STES@DF_FINMARK(4.0),DNK,M,IRLT,PA,_Z,_Z,_Z,_Z,N,2020-08,-0.357,A,0,2,
OECD.SDD.STES:DSD_STES@DF_FINMARK(4.0),DNK,M,IRLT,PA,_Z,_Z,_Z,_Z,N,2020-09,-0.385,A,0,2,
OECD.SDD.STES:DSD_STES@DF_FINMARK(4.0),DNK,M,IRLT,PA,_Z,_Z,_Z,_Z,N,2020-10,-0.458,A,0,2,
OECD.SDD.STES:DSD_STES@DF_FINMARK(4.0),DNK,M,IRLT,PA,_Z,_Z,_Z,_Z,N,2020-11,-0.46,A,0,2,
OECD.SDD.STES:DSD_STES@DF_FINMARK(4.0),DNK,M,IRLT,PA,_Z,_Z,_Z,_Z,N,2020-12,-0.469,A,0,2,
OECD.SDD.STES:DSD_STES@DF_FINMARK(4.0),DNK,M,IRLT,PA,_Z,_Z,_Z,_Z,N,2021-01,-0.444,A,0,2,
OECD.SDD.STES:DSD_STES@DF_FINMARK(4.0),DNK,M,IRLT,PA,_Z,_Z,_Z,_Z,N,2021-02,-0.282,A,0,2,
OECD.SDD.STES:DSD_STES@DF_FINMARK(4.0),DNK,M,IRLT,PA,_Z,_Z,_Z,_Z,N,2021-03,-0.028,A,0,2,
OECD.SDD.STES:DSD_STES@DF_FINMARK(4.0),DNK,M,IRLT,PA,_Z,_Z,_Z,_Z,N,2021-04,0.003,A,0,2,
OECD.SDD.STES:DSD_STES@DF_FINMARK(4.0),DNK,M,IRLT,PA,_Z,_Z,_Z,_Z,N,2021-05,0.113,A,0,2,
OECD.SDD.STES:DSD_STES@DF_FINMARK(4.0),DNK,M,IRLT,PA,_Z,_Z,_Z,_Z,N,2021-06,0.106,A,0,2,
OECD.SDD.STES:DSD_STES@DF_FINMARK(4.0),DNK,M,IRLT,PA,_Z,_Z,_Z,_Z,N,2021-07,-0.05,A,0,2,
OECD.SDD.STES:DSD_STES@DF_FINMARK(4.0),DNK,M,IRLT,PA,_Z,_Z,_Z,_Z,N,2021-08,-0.156,A,0,2,
OECD.SDD.STES:DSD_STES@DF_FINMARK(4.0),DNK,M,IRLT,PA,_Z,_Z,_Z,_Z,N,2021-09,-0.013,A,0,2,
OECD.SDD.STES:DSD_STES@DF_FINMARK(4.0),DNK,M,IRLT,PA,_Z,_Z,_Z,_Z,N,2021-10,0.097,A,0,2,
OECD.SDD.STES:DSD_STES@DF_FINMARK(4.0),DNK,M,IRLT,PA,_Z,_Z,_Z,_Z,N,2021-11,0.006,A,0,2,
OECD.SDD.STES:DSD_STES@DF_FINMARK(4.0),DNK,M,IRLT,PA,_Z,_Z,_Z,_Z,N,2021-12,-0.082,A,0,2,
OECD.SDD.STES:DSD_STES@DF_FINMARK(4.0),DNK,M,IRLT,PA,_Z,_Z,_Z,_Z,N,2022-01,0.114,A,0,2,
OECD.SDD.STES:DSD_STES@DF_FINMARK(4.0),DNK,M,IRLT,PA,_Z,_Z,_Z,_Z,N,2022-02,0.458,A,0,2,
OECD.SDD.STES:DSD_STES@DF_FINMARK(4.0),DNK,M,IRLT,PA,_Z,_Z,_Z,_Z,N,2022-03,0.565,A,0,2,
OECD.SDD.STES:DSD_STES@DF_FINMARK(4.0),DNK,M,IRLT,PA,_Z,_Z,_Z,_Z,N,2022-04,1.04,A,0,2,
OECD.SDD.STES:DSD_STES@DF_FINMARK(4.0),DNK,M,IRLT,PA,_Z,_Z,_Z,_Z,N,2022-05,1.298,A,0,2,
OECD.SDD.STES:DSD_STES@DF_FINMARK(4.0),DNK,M,IRLT,PA,_Z,_Z,_Z,_Z,N,2022-06,1.835,A,0,2,
OECD.SDD.STES:DSD_STES@DF_FINMARK(4.0),DNK,M,IRLT,PA,_Z,_Z,_Z,_Z,N,2022-07,1.586,A,0,2,
OECD.SDD.STES:DSD_STES@DF_FINMARK(4.0),DNK,M,IRLT,PA,_Z,_Z,_Z,_Z,N,2022-08,1.375,A,0,2,
OECD.SDD.STES:DSD_STES@DF_FINMARK(4.0),DNK,M,IRLT,PA,_Z,_Z,_Z,_Z,N,2022-09,2.2,A,0,2,
OECD.SDD.STES:DSD_STES@DF_FINMARK(4.0),DNK,M,IRLT,PA,_Z,_Z,_Z,_Z,N,2022-10,2.599,A,0,2,
OECD.SDD.STES:DSD_STES@DF_FINMARK(4.0),DNK,M,IRLT,PA,_Z,_Z,_Z,_Z,N,2022-11,2.378,A,0,2,
OECD.SDD.STES:DSD_STES@DF_FINMARK(4.0),DNK,M,IRLT,PA,_Z,_Z,_Z,_Z,N,2022-12,2.285,A,0,2,
OECD.SDD.STES:DSD_STES@DF_FINMARK(4.0),DNK,M,IRLT,PA,_Z,_Z,_Z,_Z,N,2023-01,2.433,A,0,2,
OECD.SDD.STES:DSD_STES@DF_FINMARK(4.0),DNK,M,IRLT,PA,_Z,_Z,_Z,_Z,N,2023-02,2.545,A,0,2,
OECD.SDD.STES:DSD_STES@DF_FINMARK(4.0),DNK,M,IRLT,PA,_Z,_Z,_Z,_Z,N,2023-03,2.551,A,0,2,
OECD.SDD.STES:DSD_STES@DF_FINMARK(4.0),DNK,M,IRLT,PA,_Z,_Z,_Z,_Z,N,2023-04,2.597,A,0,2,
OECD.SDD.STES:DSD_STES@DF_FINMARK(4.0),DNK,M,IRLT,PA,_Z,_Z,_Z,_Z,N,2023-05,2.539,A,0,2,
OECD.SDD.STES:DSD_STES@DF_FINMARK(4.0),DNK,M,IRLT,PA,_Z,_Z,_Z,_Z,N,2023-06,2.571,A,0,2,
OECD.SDD.STES:DSD_STES@DF_FINMARK(4.0),DNK,M,IRLT,PA,_Z,_Z,_Z,_Z,N,2023-07,2.738,A,0,2,
OECD.SDD.STES:DSD_STES@DF_FINMARK(4.0),DNK,M,IRLT,PA,_Z,_Z,_Z,_Z,N,2023-08,2.843,A,0,2,
OECD.SDD.STES:DSD_STES@DF_FINMARK(4.0),DNK,M,IRLT,PA,_Z,_Z,_Z,_Z,N,2023-09,2.954,A,0,2,
OECD.SDD.STES:DSD_STES@DF_FINMARK(4.0),DNK,M,IRLT,PA,_Z,_Z,_Z,_Z,N,2023-10,3.133,A,0,2,
OECD.SDD.STES:DSD_STES@DF_FINMARK(4.0),DNK,M,IRLT,PA,_Z,_Z,_Z,_Z,N,2023-11,2.868,A,0,2,
OECD.SDD.STES:DSD_STES@DF_FINMARK(4.0),DNK,M,IRLT,PA,_Z,_Z,_Z,_Z,N,2023-12,2.361,A,0,2,
OECD.SDD.STES:DSD_STES@DF_FINMARK(4.0),DNK,M,IRLT,PA,_Z,_Z,_Z,_Z,N,2024-01,2.403,A,0,2,
OECD.SDD.STES:DSD_STES@DF_FINMARK(4.0),DNK,M,IRLT,PA,_Z,_Z,_Z,_Z,N,2024-02,2.475,A,0,2,
OECD.SDD.STES:DSD_STES@DF_FINMARK(4.0),DNK,M,IRLT,PA,_Z,_Z,_Z,_Z,N,2024-03,2.393,A,0,2,
OECD.SDD.STES:DSD_STES@DF_FINMARK(4.0),DNK,M,IRLT,PA,_Z,_Z,_Z,_Z,N,2024-04,2.48,A,0,2,
OECD.SDD.STES:DSD_STES@DF_FINMARK(4.0),DNK,M,IRLT,PA,_Z,_Z,_Z,_Z,N,2024-05,2.522,A,0,2,
OECD.SDD.STES:DSD_STES@DF_FINMARK(4.0),DNK,M,IRLT,PA,_Z,_Z,_Z,_Z,N,2024-06,2.518,A,0,2,
OECD.SDD.STES:DSD_STES@DF_FINMARK(4.0),DNK,M,IRLT,PA,_Z,_Z,_Z,_Z,N,2024-07,2.448,A,0,2,
OECD.SDD.STES:DSD_STES@DF_FINMARK(4.0),DNK,M,IRLT,PA,_Z,_Z,_Z,_Z,N,2024-08,2.199,A,0,2,
OECD.SDD.STES:DSD_STES@DF_FINMARK(4.0),DNK,M,IRLT,PA,_Z,_Z,_Z,_Z,N,2024-09,2.114,A,0,2,
OECD.SDD.STES:DSD_STES@DF_FINMARK(4.0),DNK,M,IRLT,PA,_Z,_Z,_Z,_Z,N,2024-10,2.104,A,0,2,
OECD.SDD.STES:DSD_STES@DF_FINMARK(4.0),DNK,M,IRLT,PA,_Z,_Z,_Z,_Z,N,2024-11,2.069,A,0,2,
OECD.SDD.STES:DSD_STES@DF_FINMARK(4.0),DNK,M,IRLT,PA,_Z,_Z,_Z,_Z,N,2024-12,1.912,A,0,2,
OECD.SDD.STES:DSD_STES@DF_FINMARK(4.0),DNK,M,IRLT,PA,_Z,_Z,_Z,_Z,N,2025-01,2.213,A,0,2,
OECD.SDD.STES:DSD_STES@DF_FINMARK(4.0),DNK,M,IRLT,PA,_Z,_Z,_Z,_Z,N,2025-02,2.166,A,0,2,
OECD.SDD.STES:DSD_STES@DF_FINMARK(4.0),DNK,M,IRLT,PA,_Z,_Z,_Z,_Z,N,2025-03,2.454,A,0,2,
OECD.SDD.STES:DSD_STES@DF_FINMARK(4.0),DNK,M,IRLT,PA,_Z,_Z,_Z,_Z,N,2025-04,2.437,A,0,2,
OECD.SDD.STES:DSD_STES@DF_FINMARK(4.0),DNK,M,IRLT,PA,_Z,_Z,_Z,_Z,N,2025-05,2.484,A,0,2,
OECD.SDD.STES:DSD_STES@DF_FINMARK(4.0),DNK,M,IRLT,PA,_Z,_Z,_Z,_Z,N,2025-06,2.501,A,0,2,
OECD.SDD.STES:DSD_STES@DF_FINMARK(4.0),DNK,M,IRLT,PA,_Z,_Z,_Z,_Z,N,2025-07,2.543,A,0,2,
OECD.SDD.STES:DSD_STES@DF_FINMARK(4.0),DNK,M,IRLT,PA,_Z,_Z,_Z,_Z,N,2025-08,2.551,A,0,2,
OECD.SDD.STES:DSD_STES@DF_FINMARK(4.0),DNK,M,IRLT,PA,_Z,_Z,_Z,_Z,N,2025-09,2.534,A,0,2,
OECD.SDD.STES:DSD_STES@DF_FINMARK(4.0),DNK,M,IRLT,PA,_Z,_Z,_Z,_Z,N,2025-10,2.499,A,0,2,
OECD.SDD.STES:DSD_STES@DF_FINMARK(4.0),DNK,M,IRLT,PA,_Z,_Z,_Z,_Z,N,2025-11,2.543,A,0,2,
OECD.SDD.STES:DSD_STES@DF_FINMARK(4.0),DNK,M,IRLT,PA,_Z,_Z,_Z,_Z,N,2025-12,2.707,A,0,2,
OECD.SDD.STES:DSD_STES@DF_FINMARK(4.0),DNK,M,IRLT,PA,_Z,_Z,_Z,_Z,N,2026-01,2.728,A,0,2,
OECD.SDD.STES:DSD_STES@DF_FINMARK(4.0),DNK,M,IRLT,PA,_Z,_Z,_Z,_Z,N,2026-02,2.631,A,0,2,
OECD.SDD.STES:DSD_STES@DF_FINMARK(4.0),DNK,M,IRLT,PA,_Z,_Z,_Z,_Z,N,2026-03,2.791,A,0,2,
OECD.SDD.STES:DSD_STES@DF_FINMARK(4.0),DNK,M,IRLT,PA,_Z,_Z,_Z,_Z,N,2026-04,2.888,A,0,2,
OECD.SDD.STES:DSD_STES@DF_FINMARK(4.0),DNK,M,IRLT,PA,_Z,_Z,_Z,_Z,N,2026-05,2.88,A,0,2,
OECD.SDD.STES:DSD_STES@DF_FINMARK(4.0),SWE,M,IRLT,PA,_Z,_Z,_Z,_Z,N,2015-01,0.78,A,0,2,
OECD.SDD.STES:DSD_STES@DF_FINMARK(4.0),SWE,M,IRLT,PA,_Z,_Z,_Z,_Z,N,2015-02,0.62,A,0,2,
OECD.SDD.STES:DSD_STES@DF_FINMARK(4.0),SWE,M,IRLT,PA,_Z,_Z,_Z,_Z,N,2015-03,0.58,A,0,2,
OECD.SDD.STES:DSD_STES@DF_FINMARK(4.0),SWE,M,IRLT,PA,_Z,_Z,_Z,_Z,N,2015-04,0.34,A,0,2,
OECD.SDD.STES:DSD_STES@DF_FINMARK(4.0),SWE,M,IRLT,PA,_Z,_Z,_Z,_Z,N,2015-05,0.75,A,0,2,
OECD.SDD.STES:DSD_STES@DF_FINMARK(4.0),SWE,M,IRLT,PA,_Z,_Z,_Z,_Z,N,2015-06,0.99,A,0,2,
OECD.SDD.STES:DSD_STES@DF_FINMARK(4.0),SWE,M,IRLT,PA,_Z,_Z,_Z,_Z,N,2015-07,0.81,A,0,2,
OECD.SDD.STES:DSD_STES@DF_FINMARK(4.0),SWE,M,IRLT,PA,_Z,_Z,_Z,_Z,N,2015-08,0.66,A,0,2,
OECD.SDD.STES:DSD_STES@DF_FINMARK(4.0),SWE,M,IRLT,PA,_Z,_Z,_Z,_Z,N,2015-09,0.71,A,0,2,
OECD.SDD.STES:DSD_STES@DF_FINMARK(4.0),SWE,M,IRLT,PA,_Z,_Z,_Z,_Z,N,2015-10,0.66,A,0,2,
OECD.SDD.STES:DSD_STES@DF_FINMARK(4.0),SWE,M,IRLT,PA,_Z,_Z,_Z,_Z,N,2015-11,0.8,A,0,2,
OECD.SDD.STES:DSD_STES@DF_FINMARK(4.0),SWE,M,IRLT,PA,_Z,_Z,_Z,_Z,N,2015-12,0.93,A,0,2,
OECD.SDD.STES:DSD_STES@DF_FINMARK(4.0),SWE,M,IRLT,PA,_Z,_Z,_Z,_Z,N,2016-01,0.77,A,0,2,
OECD.SDD.STES:DSD_STES@DF_FINMARK(4.0),SWE,M,IRLT,PA,_Z,_Z,_Z,_Z,N,2016-02,0.77,A,0,2,
OECD.SDD.STES:DSD_STES@DF_FINMARK(4.0),SWE,M,IRLT,PA,_Z,_Z,_Z,_Z,N,2016-03,0.82,A,0,2,
OECD.SDD.STES:DSD_STES@DF_FINMARK(4.0),SWE,M,IRLT,PA,_Z,_Z,_Z,_Z,N,2016-04,0.81,A,0,2,
OECD.SDD.STES:DSD_STES@DF_FINMARK(4.0),SWE,M,IRLT,PA,_Z,_Z,_Z,_Z,N,2016-05,0.77,A,0,2,
OECD.SDD.STES:DSD_STES@DF_FINMARK(4.0),SWE,M,IRLT,PA,_Z,_Z,_Z,_Z,N,2016-06,0.52,A,0,2,
OECD.SDD.STES:DSD_STES@DF_FINMARK(4.0),SWE,M,IRLT,PA,_Z,_Z,_Z,_Z,N,2016-07,0.17,A,0,2,
OECD.SDD.STES:DSD_STES@DF_FINMARK(4.0),SWE,M,IRLT,PA,_Z,_Z,_Z,_Z,N,2016-08,0.1,A,0,2,
OECD.SDD.STES:DSD_STES@DF_FINMARK(4.0),SWE,M,IRLT,PA,_Z,_Z,_Z,_Z,N,2016-09,0.22,A,0,2,
OECD.SDD.STES:DSD_STES@DF_FINMARK(4.0),SWE,M,IRLT,PA,_Z,_Z,_Z,_Z,N,2016-10,0.24,A,0,2,
OECD.SDD.STES:DSD_STES@DF_FINMARK(4.0),SWE,M,IRLT,PA,_Z,_Z,_Z,_Z,N,2016-11,0.43,A,0,2,
OECD.SDD.STES:DSD_STES@DF_FINMARK(4.0),SWE,M,IRLT,PA,_Z,_Z,_Z,_Z,N,2016-12,0.61,A,0,2,
OECD.SDD.STES:DSD_STES@DF_FINMARK(4.0),SWE,M,IRLT,PA,_Z,_Z,_Z,_Z,N,2017-01,0.65,A,0,2,
OECD.SDD.STES:DSD_STES@DF_FINMARK(4.0),SWE,M,IRLT,PA,_Z,_Z,_Z,_Z,N,2017-02,0.66,A,0,2,
OECD.SDD.STES:DSD_STES@DF_FINMARK(4.0),SWE,M,IRLT,PA,_Z,_Z,_Z,_Z,N,2017-03,0.69,A,0,2,
OECD.SDD.STES:DSD_STES@DF_FINMARK(4.0),SWE,M,IRLT,PA,_Z,_Z,_Z,_Z,N,2017-04,0.57,A,0,2,
OECD.SDD.STES:DSD_STES@DF_FINMARK(4.0),SWE,M,IRLT,PA,_Z,_Z,_Z,_Z,N,2017-05,0.56,A,0,2,
OECD.SDD.STES:DSD_STES@DF_FINMARK(4.0),SWE,M,IRLT,PA,_Z,_Z,_Z,_Z,N,2017-06,0.46,A,0,2,
OECD.SDD.STES:DSD_STES@DF_FINMARK(4.0),SWE,M,IRLT,PA,_Z,_Z,_Z,_Z,N,2017-07,0.66,A,0,2,
OECD.SDD.STES:DSD_STES@DF_FINMARK(4.0),SWE,M,IRLT,PA,_Z,_Z,_Z,_Z,N,2017-08,0.63,A,0,2,
OECD.SDD.STES:DSD_STES@DF_FINMARK(4.0),SWE,M,IRLT,PA,_Z,_Z,_Z,_Z,N,2017-09,0.62,A,0,2,
OECD.SDD.STES:DSD_STES@DF_FINMARK(4.0),SWE,M,IRLT,PA,_Z,_Z,_Z,_Z,N,2017-10,0.88,A,0,2,
OECD.SDD.STES:DSD_STES@DF_FINMARK(4.0),SWE,M,IRLT,PA,_Z,_Z,_Z,_Z,N,2017-11,0.76,A,0,2,
OECD.SDD.STES:DSD_STES@DF_FINMARK(4.0),SWE,M,IRLT,PA,_Z,_Z,_Z,_Z,N,2017-12,0.72,A,0,2,
OECD.SDD.STES:DSD_STES@DF_FINMARK(4.0),SWE,M,IRLT,PA,_Z,_Z,_Z,_Z,N,2018-01,0.85,A,0,2,
OECD.SDD.STES:DSD_STES@DF_FINMARK(4.0),SWE,M,IRLT,PA,_Z,_Z,_Z,_Z,N,2018-02,0.91,A,0,2,
OECD.SDD.STES:DSD_STES@DF_FINMARK(4.0),SWE,M,IRLT,PA,_Z,_Z,_Z,_Z,N,2018-03,0.77,A,0,2,
OECD.SDD.STES:DSD_STES@DF_FINMARK(4.0),SWE,M,IRLT,PA,_Z,_Z,_Z,_Z,N,2018-04,0.71,A,0,2,
OECD.SDD.STES:DSD_STES@DF_FINMARK(4.0),SWE,M,IRLT,PA,_Z,_Z,_Z,_Z,N,2018-05,0.66,A,0,2,
OECD.SDD.STES:DSD_STES@DF_FINMARK(4.0),SWE,M,IRLT,PA,_Z,_Z,_Z,_Z,N,2018-06,0.55,A,0,2,
OECD.SDD.STES:DSD_STES@DF_FINMARK(4.0),SWE,M,IRLT,PA,_Z,_Z,_Z,_Z,N,2018-07,0.51,A,0,2,
OECD.SDD.STES:DSD_STES@DF_FINMARK(4.0),SWE,M,IRLT,PA,_Z,_Z,_Z,_Z,N,2018-08,0.52,A,0,2,
OECD.SDD.STES:DSD_STES@DF_FINMARK(4.0),SWE,M,IRLT,PA,_Z,_Z,_Z,_Z,N,2018-09,0.6,A,0,2,
OECD.SDD.STES:DSD_STES@DF_FINMARK(4.0),SWE,M,IRLT,PA,_Z,_Z,_Z,_Z,N,2018-10,0.67,A,0,2,
OECD.SDD.STES:DSD_STES@DF_FINMARK(4.0),SWE,M,IRLT,PA,_Z,_Z,_Z,_Z,N,2018-11,0.6,A,0,2,
OECD.SDD.STES:DSD_STES@DF_FINMARK(4.0),SWE,M,IRLT,PA,_Z,_Z,_Z,_Z,N,2018-12,0.47,A,0,2,
OECD.SDD.STES:DSD_STES@DF_FINMARK(4.0),SWE,M,IRLT,PA,_Z,_Z,_Z,_Z,N,2019-01,0.43,A,0,2,
OECD.SDD.STES:DSD_STES@DF_FINMARK(4.0),SWE,M,IRLT,PA,_Z,_Z,_Z,_Z,N,2019-02,0.36,A,0,2,
OECD.SDD.STES:DSD_STES@DF_FINMARK(4.0),SWE,M,IRLT,PA,_Z,_Z,_Z,_Z,N,2019-03,0.29,A,0,2,
OECD.SDD.STES:DSD_STES@DF_FINMARK(4.0),SWE,M,IRLT,PA,_Z,_Z,_Z,_Z,N,2019-04,0.3779,A,0,2,
OECD.SDD.STES:DSD_STES@DF_FINMARK(4.0),SWE,M,IRLT,PA,_Z,_Z,_Z,_Z,N,2019-05,0.2153,A,0,2,
OECD.SDD.STES:DSD_STES@DF_FINMARK(4.0),SWE,M,IRLT,PA,_Z,_Z,_Z,_Z,N,2019-06,0.0452,A,0,2,
OECD.SDD.STES:DSD_STES@DF_FINMARK(4.0),SWE,M,IRLT,PA,_Z,_Z,_Z,_Z,N,2019-07,0.0208,A,0,2,
OECD.SDD.STES:DSD_STES@DF_FINMARK(4.0),SWE,M,IRLT,PA,_Z,_Z,_Z,_Z,N,2019-08,-0.2884,A,0,2,
OECD.SDD.STES:DSD_STES@DF_FINMARK(4.0),SWE,M,IRLT,PA,_Z,_Z,_Z,_Z,N,2019-09,-0.2315,A,0,2,
OECD.SDD.STES:DSD_STES@DF_FINMARK(4.0),SWE,M,IRLT,PA,_Z,_Z,_Z,_Z,N,2019-10,-0.1598,A,0,2,
OECD.SDD.STES:DSD_STES@DF_FINMARK(4.0),SWE,M,IRLT,PA,_Z,_Z,_Z,_Z,N,2019-11,-0.0015,A,0,2,
OECD.SDD.STES:DSD_STES@DF_FINMARK(4.0),SWE,M,IRLT,PA,_Z,_Z,_Z,_Z,N,2019-12,0.0671,A,0,2,
OECD.SDD.STES:DSD_STES@DF_FINMARK(4.0),SWE,M,IRLT,PA,_Z,_Z,_Z,_Z,N,2020-01,0.10557,A,0,2,
OECD.SDD.STES:DSD_STES@DF_FINMARK(4.0),SWE,M,IRLT,PA,_Z,_Z,_Z,_Z,N,2020-02,-0.04565,A,0,2,
OECD.SDD.STES:DSD_STES@DF_FINMARK(4.0),SWE,M,IRLT,PA,_Z,_Z,_Z,_Z,N,2020-03,-0.16768,A,0,2,
OECD.SDD.STES:DSD_STES@DF_FINMARK(4.0),SWE,M,IRLT,PA,_Z,_Z,_Z,_Z,N,2020-04,-0.07415,A,0,2,
OECD.SDD.STES:DSD_STES@DF_FINMARK(4.0),SWE,M,IRLT,PA,_Z,_Z,_Z,_Z,N,2020-05,-0.060684,A,0,2,
OECD.SDD.STES:DSD_STES@DF_FINMARK(4.0),SWE,M,IRLT,PA,_Z,_Z,_Z,_Z,N,2020-06,0.0060952,A,0,2,
OECD.SDD.STES:DSD_STES@DF_FINMARK(4.0),SWE,M,IRLT,PA,_Z,_Z,_Z,_Z,N,2020-07,-0.073217,A,0,2,
OECD.SDD.STES:DSD_STES@DF_FINMARK(4.0),SWE,M,IRLT,PA,_Z,_Z,_Z,_Z,N,2020-08,-0.040333,A,0,2,
OECD.SDD.STES:DSD_STES@DF_FINMARK(4.0),SWE,M,IRLT,PA,_Z,_Z,_Z,_Z,N,2020-09,-0.082591,A,0,2,
OECD.SDD.STES:DSD_STES@DF_FINMARK(4.0),SWE,M,IRLT,PA,_Z,_Z,_Z,_Z,N,2020-10,-0.028566,A,0,2,
OECD.SDD.STES:DSD_STES@DF_FINMARK(4.0),SWE,M,IRLT,PA,_Z,_Z,_Z,_Z,N,2020-11,-0.00026,A,0,2,
OECD.SDD.STES:DSD_STES@DF_FINMARK(4.0),SWE,M,IRLT,PA,_Z,_Z,_Z,_Z,N,2020-12,0.005439,A,0,2,
OECD.SDD.STES:DSD_STES@DF_FINMARK(4.0),SWE,M,IRLT,PA,_Z,_Z,_Z,_Z,N,2021-01,0.070066,A,0,2,
OECD.SDD.STES:DSD_STES@DF_FINMARK(4.0),SWE,M,IRLT,PA,_Z,_Z,_Z,_Z,N,2021-02,0.24712,A,0,2,
OECD.SDD.STES:DSD_STES@DF_FINMARK(4.0),SWE,M,IRLT,PA,_Z,_Z,_Z,_Z,N,2021-03,0.39866,A,0,2,
OECD.SDD.STES:DSD_STES@DF_FINMARK(4.0),SWE,M,IRLT,PA,_Z,_Z,_Z,_Z,N,2021-04,0.37016,A,0,2,
OECD.SDD.STES:DSD_STES@DF_FINMARK(4.0),SWE,M,IRLT,PA,_Z,_Z,_Z,_Z,N,2021-05,0.42118,A,0,2,
OECD.SDD.STES:DSD_STES@DF_FINMARK(4.0),SWE,M,IRLT,PA,_Z,_Z,_Z,_Z,N,2021-06,0.36155,A,0,2,
OECD.SDD.STES:DSD_STES@DF_FINMARK(4.0),SWE,M,IRLT,PA,_Z,_Z,_Z,_Z,N,2021-07,0.1808,A,0,2,
OECD.SDD.STES:DSD_STES@DF_FINMARK(4.0),SWE,M,IRLT,PA,_Z,_Z,_Z,_Z,N,2021-08,0.11013,A,0,2,
OECD.SDD.STES:DSD_STES@DF_FINMARK(4.0),SWE,M,IRLT,PA,_Z,_Z,_Z,_Z,N,2021-09,0.26964,A,0,2,
OECD.SDD.STES:DSD_STES@DF_FINMARK(4.0),SWE,M,IRLT,PA,_Z,_Z,_Z,_Z,N,2021-10,0.38059,A,0,2,
OECD.SDD.STES:DSD_STES@DF_FINMARK(4.0),SWE,M,IRLT,PA,_Z,_Z,_Z,_Z,N,2021-11,0.26672,A,0,2,
OECD.SDD.STES:DSD_STES@DF_FINMARK(4.0),SWE,M,IRLT,PA,_Z,_Z,_Z,_Z,N,2021-12,0.13796,A,0,2,
OECD.SDD.STES:DSD_STES@DF_FINMARK(4.0),SWE,M,IRLT,PA,_Z,_Z,_Z,_Z,N,2022-01,0.36028,A,0,2,
OECD.SDD.STES:DSD_STES@DF_FINMARK(4.0),SWE,M,IRLT,PA,_Z,_Z,_Z,_Z,N,2022-02,0.60603,A,0,2,
OECD.SDD.STES:DSD_STES@DF_FINMARK(4.0),SWE,M,IRLT,PA,_Z,_Z,_Z,_Z,N,2022-03,0.82046,A,0,2,
OECD.SDD.STES:DSD_STES@DF_FINMARK(4.0),SWE,M,IRLT,PA,_Z,_Z,_Z,_Z,N,2022-04,1.47152,A,0,2,
OECD.SDD.STES:DSD_STES@DF_FINMARK(4.0),SWE,M,IRLT,PA,_Z,_Z,_Z,_Z,N,2022-05,1.76563,A,0,2,
OECD.SDD.STES:DSD_STES@DF_FINMARK(4.0),SWE,M,IRLT,PA,_Z,_Z,_Z,_Z,N,2022-06,1.86309,A,0,2,
OECD.SDD.STES:DSD_STES@DF_FINMARK(4.0),SWE,M,IRLT,PA,_Z,_Z,_Z,_Z,N,2022-07,1.53262,A,0,2,
OECD.SDD.STES:DSD_STES@DF_FINMARK(4.0),SWE,M,IRLT,PA,_Z,_Z,_Z,_Z,N,2022-08,1.60696,A,0,2,
OECD.SDD.STES:DSD_STES@DF_FINMARK(4.0),SWE,M,IRLT,PA,_Z,_Z,_Z,_Z,N,2022-09,2.07702,A,0,2,
OECD.SDD.STES:DSD_STES@DF_FINMARK(4.0),SWE,M,IRLT,PA,_Z,_Z,_Z,_Z,N,2022-10,2.19704,A,0,2,
OECD.SDD.STES:DSD_STES@DF_FINMARK(4.0),SWE,M,IRLT,PA,_Z,_Z,_Z,_Z,N,2022-11,2.00986,A,0,2,
OECD.SDD.STES:DSD_STES@DF_FINMARK(4.0),SWE,M,IRLT,PA,_Z,_Z,_Z,_Z,N,2022-12,1.97433,A,0,2,
OECD.SDD.STES:DSD_STES@DF_FINMARK(4.0),SWE,M,IRLT,PA,_Z,_Z,_Z,_Z,N,2023-01,2.083,A,0,2,
OECD.SDD.STES:DSD_STES@DF_FINMARK(4.0),SWE,M,IRLT,PA,_Z,_Z,_Z,_Z,N,2023-02,2.366,A,0,2,
OECD.SDD.STES:DSD_STES@DF_FINMARK(4.0),SWE,M,IRLT,PA,_Z,_Z,_Z,_Z,N,2023-03,2.35278,A,0,2,
OECD.SDD.STES:DSD_STES@DF_FINMARK(4.0),SWE,M,IRLT,PA,_Z,_Z,_Z,_Z,N,2023-04,2.37289,A,0,2,
OECD.SDD.STES:DSD_STES@DF_FINMARK(4.0),SWE,M,IRLT,PA,_Z,_Z,_Z,_Z,N,2023-05,2.32386,A,0,2,
OECD.SDD.STES:DSD_STES@DF_FINMARK(4.0),SWE,M,IRLT,PA,_Z,_Z,_Z,_Z,N,2023-06,2.4648,A,0,2,
OECD.SDD.STES:DSD_STES@DF_FINMARK(4.0),SWE,M,IRLT,PA,_Z,_Z,_Z,_Z,N,2023-07,2.52176,A,0,2,
OECD.SDD.STES:DSD_STES@DF_FINMARK(4.0),SWE,M,IRLT,PA,_Z,_Z,_Z,_Z,N,2023-08,2.75213,A,0,2,
OECD.SDD.STES:DSD_STES@DF_FINMARK(4.0),SWE,M,IRLT,PA,_Z,_Z,_Z,_Z,N,2023-09,2.8879,A,0,2,
OECD.SDD.STES:DSD_STES@DF_FINMARK(4.0),SWE,M,IRLT,PA,_Z,_Z,_Z,_Z,N,2023-10,3.02373,A,0,2,
OECD.SDD.STES:DSD_STES@DF_FINMARK(4.0),SWE,M,IRLT,PA,_Z,_Z,_Z,_Z,N,2023-11,2.75495,A,0,2,
OECD.SDD.STES:DSD_STES@DF_FINMARK(4.0),SWE,M,IRLT,PA,_Z,_Z,_Z,_Z,N,2023-12,2.20821,A,0,2,
OECD.SDD.STES:DSD_STES@DF_FINMARK(4.0),SWE,M,IRLT,PA,_Z,_Z,_Z,_Z,N,2024-01,2.23068,A,0,2,
OECD.SDD.STES:DSD_STES@DF_FINMARK(4.0),SWE,M,IRLT,PA,_Z,_Z,_Z,_Z,N,2024-02,2.43,A,0,2,
OECD.SDD.STES:DSD_STES@DF_FINMARK(4.0),SWE,M,IRLT,PA,_Z,_Z,_Z,_Z,N,2024-03,2.396,A,0,2,
OECD.SDD.STES:DSD_STES@DF_FINMARK(4.0),SWE,M,IRLT,PA,_Z,_Z,_Z,_Z,N,2024-04,2.51305,A,0,2,
OECD.SDD.STES:DSD_STES@DF_FINMARK(4.0),SWE,M,IRLT,PA,_Z,_Z,_Z,_Z,N,2024-05,2.37638,A,0,2,
OECD.SDD.STES:DSD_STES@DF_FINMARK(4.0),SWE,M,IRLT,PA,_Z,_Z,_Z,_Z,N,2024-06,2.25761,A,0,2,
OECD.SDD.STES:DSD_STES@DF_FINMARK(4.0),SWE,M,IRLT,PA,_Z,_Z,_Z,_Z,N,2024-07,2.12817,A,0,2,
OECD.SDD.STES:DSD_STES@DF_FINMARK(4.0),SWE,M,IRLT,PA,_Z,_Z,_Z,_Z,N,2024-08,1.93209,A,0,2,
OECD.SDD.STES:DSD_STES@DF_FINMARK(4.0),SWE,M,IRLT,PA,_Z,_Z,_Z,_Z,N,2024-09,1.92729,A,0,2,
OECD.SDD.STES:DSD_STES@DF_FINMARK(4.0),SWE,M,IRLT,PA,_Z,_Z,_Z,_Z,N,2024-10,2.04304,A,0,2,
OECD.SDD.STES:DSD_STES@DF_FINMARK(4.0),SWE,M,IRLT,PA,_Z,_Z,_Z,_Z,N,2024-11,2.06743,A,0,2,
OECD.SDD.STES:DSD_STES@DF_FINMARK(4.0),SWE,M,IRLT,PA,_Z,_Z,_Z,_Z,N,2024-12,2.1015,A,0,2,
OECD.SDD.STES:DSD_STES@DF_FINMARK(4.0),SWE,M,IRLT,PA,_Z,_Z,_Z,_Z,N,2025-01,2.32138,A,0,2,
OECD.SDD.STES:DSD_STES@DF_FINMARK(4.0),SWE,M,IRLT,PA,_Z,_Z,_Z,_Z,N,2025-02,2.25515,A,0,2,
OECD.SDD.STES:DSD_STES@DF_FINMARK(4.0),SWE,M,IRLT,PA,_Z,_Z,_Z,_Z,N,2025-03,2.60248,A,0,2,
OECD.SDD.STES:DSD_STES@DF_FINMARK(4.0),SWE,M,IRLT,PA,_Z,_Z,_Z,_Z,N,2025-04,2.41995,A,0,2,
OECD.SDD.STES:DSD_STES@DF_FINMARK(4.0),SWE,M,IRLT,PA,_Z,_Z,_Z,_Z,N,2025-05,2.39785,A,0,2,
OECD.SDD.STES:DSD_STES@DF_FINMARK(4.0),SWE,M,IRLT,PA,_Z,_Z,_Z,_Z,N,2025-06,2.31458,A,0,2,
OECD.SDD.STES:DSD_STES@DF_FINMARK(4.0),SWE,M,IRLT,PA,_Z,_Z,_Z,_Z,N,2025-07,2.35752,A,0,2,
OECD.SDD.STES:DSD_STES@DF_FINMARK(4.0),SWE,M,IRLT,PA,_Z,_Z,_Z,_Z,N,2025-08,2.43162,A,0,2,
OECD.SDD.STES:DSD_STES@DF_FINMARK(4.0),SWE,M,IRLT,PA,_Z,_Z,_Z,_Z,N,2025-09,2.564,A,0,2,
OECD.SDD.STES:DSD_STES@DF_FINMARK(4.0),SWE,M,IRLT,PA,_Z,_Z,_Z,_Z,N,2025-10,2.57683,A,0,2,
OECD.SDD.STES:DSD_STES@DF_FINMARK(4.0),SWE,M,IRLT,PA,_Z,_Z,_Z,_Z,N,2025-11,2.6579,A,0,2,
OECD.SDD.STES:DSD_STES@DF_FINMARK(4.0),SWE,M,IRLT,PA,_Z,_Z,_Z,_Z,N,2025-12,2.82168,A,0,2,
OECD.SDD.STES:DSD_STES@DF_FINMARK(4.0),SWE,M,IRLT,PA,_Z,_Z,_Z,_Z,N,2026-01,2.8004,A,0,2,
OECD.SDD.STES:DSD_STES@DF_FINMARK(4.0),SWE,M,IRLT,PA,_Z,_Z,_Z,_Z,N,2026-02,2.6388,A,0,2,
OECD.SDD.STES:DSD_STES@DF_FINMARK(4.0),SWE,M,IRLT,PA,_Z,_Z,_Z,_Z,N,2026-03,2.76414,A,0,2,
OECD.SDD.STES:DSD_STES@DF_FINMARK(4.0),SWE,M,IRLT,PA,_Z,_Z,_Z,_Z,N,2026-04,2.78495,A,0,2,
OECD.SDD.STES:DSD_STES@DF_FINMARK(4.0),SWE,M,IRLT,PA,_Z,_Z,_Z,_Z,N,2026-05,2.74458,A,0,2,
OECD.SDD.STES:DSD_STES@DF_FINMARK(4.0),FIN,M,IRLT,PA,_Z,_Z,_Z,_Z,N,2015-01,0.62,A,0,2,
OECD.SDD.STES:DSD_STES@DF_FINMARK(4.0),FIN,M,IRLT,PA,_Z,_Z,_Z,_Z,N,2015-02,0.48,A,0,2,
OECD.SDD.STES:DSD_STES@DF_FINMARK(4.0),FIN,M,IRLT,PA,_Z,_Z,_Z,_Z,N,2015-03,0.39,A,0,2,
OECD.SDD.STES:DSD_STES@DF_FINMARK(4.0),FIN,M,IRLT,PA,_Z,_Z,_Z,_Z,N,2015-04,0.27,A,0,2,
OECD.SDD.STES:DSD_STES@DF_FINMARK(4.0),FIN,M,IRLT,PA,_Z,_Z,_Z,_Z,N,2015-05,0.71,A,0,2,
OECD.SDD.STES:DSD_STES@DF_FINMARK(4.0),FIN,M,IRLT,PA,_Z,_Z,_Z,_Z,N,2015-06,1.01,A,0,2,
OECD.SDD.STES:DSD_STES@DF_FINMARK(4.0),FIN,M,IRLT,PA,_Z,_Z,_Z,_Z,N,2015-07,0.95,A,0,2,
OECD.SDD.STES:DSD_STES@DF_FINMARK(4.0),FIN,M,IRLT,PA,_Z,_Z,_Z,_Z,N,2015-08,0.82,A,0,2,
OECD.SDD.STES:DSD_STES@DF_FINMARK(4.0),FIN,M,IRLT,PA,_Z,_Z,_Z,_Z,N,2015-09,0.95,A,0,2,
OECD.SDD.STES:DSD_STES@DF_FINMARK(4.0),FIN,M,IRLT,PA,_Z,_Z,_Z,_Z,N,2015-10,0.81,A,0,2,
OECD.SDD.STES:DSD_STES@DF_FINMARK(4.0),FIN,M,IRLT,PA,_Z,_Z,_Z,_Z,N,2015-11,0.81,A,0,2,
OECD.SDD.STES:DSD_STES@DF_FINMARK(4.0),FIN,M,IRLT,PA,_Z,_Z,_Z,_Z,N,2015-12,0.86,A,0,2,
OECD.SDD.STES:DSD_STES@DF_FINMARK(4.0),FIN,M,IRLT,PA,_Z,_Z,_Z,_Z,N,2016-01,0.78,A,0,2,
OECD.SDD.STES:DSD_STES@DF_FINMARK(4.0),FIN,M,IRLT,PA,_Z,_Z,_Z,_Z,N,2016-02,0.53,A,0,2,
OECD.SDD.STES:DSD_STES@DF_FINMARK(4.0),FIN,M,IRLT,PA,_Z,_Z,_Z,_Z,N,2016-03,0.53,A,0,2,
OECD.SDD.STES:DSD_STES@DF_FINMARK(4.0),FIN,M,IRLT,PA,_Z,_Z,_Z,_Z,N,2016-04,0.46,A,0,2,
OECD.SDD.STES:DSD_STES@DF_FINMARK(4.0),FIN,M,IRLT,PA,_Z,_Z,_Z,_Z,N,2016-05,0.45,A,0,2,
OECD.SDD.STES:DSD_STES@DF_FINMARK(4.0),FIN,M,IRLT,PA,_Z,_Z,_Z,_Z,N,2016-06,0.33,A,0,2,
OECD.SDD.STES:DSD_STES@DF_FINMARK(4.0),FIN,M,IRLT,PA,_Z,_Z,_Z,_Z,N,2016-07,0.12,A,0,2,
OECD.SDD.STES:DSD_STES@DF_FINMARK(4.0),FIN,M,IRLT,PA,_Z,_Z,_Z,_Z,N,2016-08,0.06,A,0,2,
OECD.SDD.STES:DSD_STES@DF_FINMARK(4.0),FIN,M,IRLT,PA,_Z,_Z,_Z,_Z,N,2016-09,0.08,A,0,2,
OECD.SDD.STES:DSD_STES@DF_FINMARK(4.0),FIN,M,IRLT,PA,_Z,_Z,_Z,_Z,N,2016-10,0.17,A,0,2,
OECD.SDD.STES:DSD_STES@DF_FINMARK(4.0),FIN,M,IRLT,PA,_Z,_Z,_Z,_Z,N,2016-11,0.41,A,0,2,
OECD.SDD.STES:DSD_STES@DF_FINMARK(4.0),FIN,M,IRLT,PA,_Z,_Z,_Z,_Z,N,2016-12,0.46,A,0,2,
OECD.SDD.STES:DSD_STES@DF_FINMARK(4.0),FIN,M,IRLT,PA,_Z,_Z,_Z,_Z,N,2017-01,0.5,A,0,2,
OECD.SDD.STES:DSD_STES@DF_FINMARK(4.0),FIN,M,IRLT,PA,_Z,_Z,_Z,_Z,N,2017-02,0.52,A,0,2,
OECD.SDD.STES:DSD_STES@DF_FINMARK(4.0),FIN,M,IRLT,PA,_Z,_Z,_Z,_Z,N,2017-03,0.51,A,0,2,
OECD.SDD.STES:DSD_STES@DF_FINMARK(4.0),FIN,M,IRLT,PA,_Z,_Z,_Z,_Z,N,2017-04,0.38,A,0,2,
OECD.SDD.STES:DSD_STES@DF_FINMARK(4.0),FIN,M,IRLT,PA,_Z,_Z,_Z,_Z,N,2017-05,0.49,A,0,2,
OECD.SDD.STES:DSD_STES@DF_FINMARK(4.0),FIN,M,IRLT,PA,_Z,_Z,_Z,_Z,N,2017-06,0.56,A,0,2,
OECD.SDD.STES:DSD_STES@DF_FINMARK(4.0),FIN,M,IRLT,PA,_Z,_Z,_Z,_Z,N,2017-07,0.76,A,0,2,
OECD.SDD.STES:DSD_STES@DF_FINMARK(4.0),FIN,M,IRLT,PA,_Z,_Z,_Z,_Z,N,2017-08,0.65,A,0,2,
OECD.SDD.STES:DSD_STES@DF_FINMARK(4.0),FIN,M,IRLT,PA,_Z,_Z,_Z,_Z,N,2017-09,0.58,A,0,2,
OECD.SDD.STES:DSD_STES@DF_FINMARK(4.0),FIN,M,IRLT,PA,_Z,_Z,_Z,_Z,N,2017-10,0.59,A,0,2,
OECD.SDD.STES:DSD_STES@DF_FINMARK(4.0),FIN,M,IRLT,PA,_Z,_Z,_Z,_Z,N,2017-11,0.52,A,0,2,
OECD.SDD.STES:DSD_STES@DF_FINMARK(4.0),FIN,M,IRLT,PA,_Z,_Z,_Z,_Z,N,2017-12,0.5,A,0,2,
OECD.SDD.STES:DSD_STES@DF_FINMARK(4.0),FIN,M,IRLT,PA,_Z,_Z,_Z,_Z,N,2018-01,0.67,A,0,2,
OECD.SDD.STES:DSD_STES@DF_FINMARK(4.0),FIN,M,IRLT,PA,_Z,_Z,_Z,_Z,N,2018-02,0.84,A,0,2,
OECD.SDD.STES:DSD_STES@DF_FINMARK(4.0),FIN,M,IRLT,PA,_Z,_Z,_Z,_Z,N,2018-03,0.72,A,0,2,
OECD.SDD.STES:DSD_STES@DF_FINMARK(4.0),FIN,M,IRLT,PA,_Z,_Z,_Z,_Z,N,2018-04,0.69,A,0,2,
OECD.SDD.STES:DSD_STES@DF_FINMARK(4.0),FIN,M,IRLT,PA,_Z,_Z,_Z,_Z,N,2018-05,0.7,A,0,2,
OECD.SDD.STES:DSD_STES@DF_FINMARK(4.0),FIN,M,IRLT,PA,_Z,_Z,_Z,_Z,N,2018-06,0.63,A,0,2,
OECD.SDD.STES:DSD_STES@DF_FINMARK(4.0),FIN,M,IRLT,PA,_Z,_Z,_Z,_Z,N,2018-07,0.53,A,0,2,
OECD.SDD.STES:DSD_STES@DF_FINMARK(4.0),FIN,M,IRLT,PA,_Z,_Z,_Z,_Z,N,2018-08,0.56,A,0,2,
OECD.SDD.STES:DSD_STES@DF_FINMARK(4.0),FIN,M,IRLT,PA,_Z,_Z,_Z,_Z,N,2018-09,0.66,A,0,2,
OECD.SDD.STES:DSD_STES@DF_FINMARK(4.0),FIN,M,IRLT,PA,_Z,_Z,_Z,_Z,N,2018-10,0.73,A,0,2,
OECD.SDD.STES:DSD_STES@DF_FINMARK(4.0),FIN,M,IRLT,PA,_Z,_Z,_Z,_Z,N,2018-11,0.66,A,0,2,
OECD.SDD.STES:DSD_STES@DF_FINMARK(4.0),FIN,M,IRLT,PA,_Z,_Z,_Z,_Z,N,2018-12,0.55,A,0,2,
OECD.SDD.STES:DSD_STES@DF_FINMARK(4.0),FIN,M,IRLT,PA,_Z,_Z,_Z,_Z,N,2019-01,0.49,A,0,2,
OECD.SDD.STES:DSD_STES@DF_FINMARK(4.0),FIN,M,IRLT,PA,_Z,_Z,_Z,_Z,N,2019-02,0.38,A,0,2,
OECD.SDD.STES:DSD_STES@DF_FINMARK(4.0),FIN,M,IRLT,PA,_Z,_Z,_Z,_Z,N,2019-03,0.39,A,0,2,
OECD.SDD.STES:DSD_STES@DF_FINMARK(4.0),FIN,M,IRLT,PA,_Z,_Z,_Z,_Z,N,2019-04,0.34,A,0,2,
OECD.SDD.STES:DSD_STES@DF_FINMARK(4.0),FIN,M,IRLT,PA,_Z,_Z,_Z,_Z,N,2019-05,0.25,A,0,2,
OECD.SDD.STES:DSD_STES@DF_FINMARK(4.0),FIN,M,IRLT,PA,_Z,_Z,_Z,_Z,N,2019-06,0.05,A,0,2,
OECD.SDD.STES:DSD_STES@DF_FINMARK(4.0),FIN,M,IRLT,PA,_Z,_Z,_Z,_Z,N,2019-07,-0.09,A,0,2,
OECD.SDD.STES:DSD_STES@DF_FINMARK(4.0),FIN,M,IRLT,PA,_Z,_Z,_Z,_Z,N,2019-08,-0.35,A,0,2,
OECD.SDD.STES:DSD_STES@DF_FINMARK(4.0),FIN,M,IRLT,PA,_Z,_Z,_Z,_Z,N,2019-09,-0.3,A,0,2,
OECD.SDD.STES:DSD_STES@DF_FINMARK(4.0),FIN,M,IRLT,PA,_Z,_Z,_Z,_Z,N,2019-10,-0.21,A,0,2,
OECD.SDD.STES:DSD_STES@DF_FINMARK(4.0),FIN,M,IRLT,PA,_Z,_Z,_Z,_Z,N,2019-11,-0.08,A,0,2,
OECD.SDD.STES:DSD_STES@DF_FINMARK(4.0),FIN,M,IRLT,PA,_Z,_Z,_Z,_Z,N,2019-12,-0.03,A,0,2,
OECD.SDD.STES:DSD_STES@DF_FINMARK(4.0),FIN,M,IRLT,PA,_Z,_Z,_Z,_Z,N,2020-01,-0.07,A,0,2,
OECD.SDD.STES:DSD_STES@DF_FINMARK(4.0),FIN,M,IRLT,PA,_Z,_Z,_Z,_Z,N,2020-02,-0.23,A,0,2,
OECD.SDD.STES:DSD_STES@DF_FINMARK(4.0),FIN,M,IRLT,PA,_Z,_Z,_Z,_Z,N,2020-03,-0.12,A,0,2,
OECD.SDD.STES:DSD_STES@DF_FINMARK(4.0),FIN,M,IRLT,PA,_Z,_Z,_Z,_Z,N,2020-04,0.03,A,0,2,
OECD.SDD.STES:DSD_STES@DF_FINMARK(4.0),FIN,M,IRLT,PA,_Z,_Z,_Z,_Z,N,2020-05,-0.12,A,0,2,
OECD.SDD.STES:DSD_STES@DF_FINMARK(4.0),FIN,M,IRLT,PA,_Z,_Z,_Z,_Z,N,2020-06,-0.17,A,0,2,
OECD.SDD.STES:DSD_STES@DF_FINMARK(4.0),FIN,M,IRLT,PA,_Z,_Z,_Z,_Z,N,2020-07,-0.21,A,0,2,
OECD.SDD.STES:DSD_STES@DF_FINMARK(4.0),FIN,M,IRLT,PA,_Z,_Z,_Z,_Z,N,2020-08,-0.25,A,0,2,
OECD.SDD.STES:DSD_STES@DF_FINMARK(4.0),FIN,M,IRLT,PA,_Z,_Z,_Z,_Z,N,2020-09,-0.3,A,0,2,
OECD.SDD.STES:DSD_STES@DF_FINMARK(4.0),FIN,M,IRLT,PA,_Z,_Z,_Z,_Z,N,2020-10,-0.38,A,0,2,
OECD.SDD.STES:DSD_STES@DF_FINMARK(4.0),FIN,M,IRLT,PA,_Z,_Z,_Z,_Z,N,2020-11,-0.4,A,0,2,
OECD.SDD.STES:DSD_STES@DF_FINMARK(4.0),FIN,M,IRLT,PA,_Z,_Z,_Z,_Z,N,2020-12,-0.41,A,0,2,
OECD.SDD.STES:DSD_STES@DF_FINMARK(4.0),FIN,M,IRLT,PA,_Z,_Z,_Z,_Z,N,2021-01,-0.378421,A,0,2,
OECD.SDD.STES:DSD_STES@DF_FINMARK(4.0),FIN,M,IRLT,PA,_Z,_Z,_Z,_Z,N,2021-02,-0.21767,A,0,2,
OECD.SDD.STES:DSD_STES@DF_FINMARK(4.0),FIN,M,IRLT,PA,_Z,_Z,_Z,_Z,N,2021-03,-0.1238435,A,0,2,
OECD.SDD.STES:DSD_STES@DF_FINMARK(4.0),FIN,M,IRLT,PA,_Z,_Z,_Z,_Z,N,2021-04,-0.0792,A,0,2,
OECD.SDD.STES:DSD_STES@DF_FINMARK(4.0),FIN,M,IRLT,PA,_Z,_Z,_Z,_Z,N,2021-05,0.04909,A,0,2,
OECD.SDD.STES:DSD_STES@DF_FINMARK(4.0),FIN,M,IRLT,PA,_Z,_Z,_Z,_Z,N,2021-06,-0.01766667,A,0,2,
OECD.SDD.STES:DSD_STES@DF_FINMARK(4.0),FIN,M,IRLT,PA,_Z,_Z,_Z,_Z,N,2021-07,-0.09562727,A,0,2,
OECD.SDD.STES:DSD_STES@DF_FINMARK(4.0),FIN,M,IRLT,PA,_Z,_Z,_Z,_Z,N,2021-08,-0.2150545,A,0,2,
OECD.SDD.STES:DSD_STES@DF_FINMARK(4.0),FIN,M,IRLT,PA,_Z,_Z,_Z,_Z,N,2021-09,-0.08386364,A,0,2,
OECD.SDD.STES:DSD_STES@DF_FINMARK(4.0),FIN,M,IRLT,PA,_Z,_Z,_Z,_Z,N,2021-10,0.07888421,A,0,2,
OECD.SDD.STES:DSD_STES@DF_FINMARK(4.0),FIN,M,IRLT,PA,_Z,_Z,_Z,_Z,N,2021-11,0.0043,A,0,2,
OECD.SDD.STES:DSD_STES@DF_FINMARK(4.0),FIN,M,IRLT,PA,_Z,_Z,_Z,_Z,N,2021-12,-0.06184,A,0,2,
OECD.SDD.STES:DSD_STES@DF_FINMARK(4.0),FIN,M,IRLT,PA,_Z,_Z,_Z,_Z,N,2022-01,0.17909,A,0,2,
OECD.SDD.STES:DSD_STES@DF_FINMARK(4.0),FIN,M,IRLT,PA,_Z,_Z,_Z,_Z,N,2022-02,0.51082,A,0,2,
OECD.SDD.STES:DSD_STES@DF_FINMARK(4.0),FIN,M,IRLT,PA,_Z,_Z,_Z,_Z,N,2022-03,0.7158174,A,0,2,
OECD.SDD.STES:DSD_STES@DF_FINMARK(4.0),FIN,M,IRLT,PA,_Z,_Z,_Z,_Z,N,2022-04,1.177,A,0,2,
OECD.SDD.STES:DSD_STES@DF_FINMARK(4.0),FIN,M,IRLT,PA,_Z,_Z,_Z,_Z,N,2022-05,1.451962,A,0,2,
OECD.SDD.STES:DSD_STES@DF_FINMARK(4.0),FIN,M,IRLT,PA,_Z,_Z,_Z,_Z,N,2022-06,2.072276,A,0,2,
OECD.SDD.STES:DSD_STES@DF_FINMARK(4.0),FIN,M,IRLT,PA,_Z,_Z,_Z,_Z,N,2022-07,1.713857,A,0,2,
OECD.SDD.STES:DSD_STES@DF_FINMARK(4.0),FIN,M,IRLT,PA,_Z,_Z,_Z,_Z,N,2022-08,1.624904,A,0,2,
OECD.SDD.STES:DSD_STES@DF_FINMARK(4.0),FIN,M,IRLT,PA,_Z,_Z,_Z,_Z,N,2022-09,2.421364,A,0,2,
OECD.SDD.STES:DSD_STES@DF_FINMARK(4.0),FIN,M,IRLT,PA,_Z,_Z,_Z,_Z,N,2022-10,2.895238,A,0,2,
OECD.SDD.STES:DSD_STES@DF_FINMARK(4.0),FIN,M,IRLT,PA,_Z,_Z,_Z,_Z,N,2022-11,2.691364,A,0,2,
OECD.SDD.STES:DSD_STES@DF_FINMARK(4.0),FIN,M,IRLT,PA,_Z,_Z,_Z,_Z,N,2022-12,2.41,A,0,2,
OECD.SDD.STES:DSD_STES@DF_FINMARK(4.0),FIN,M,IRLT,PA,_Z,_Z,_Z,_Z,N,2023-01,2.77,A,0,2,
OECD.SDD.STES:DSD_STES@DF_FINMARK(4.0),FIN,M,IRLT,PA,_Z,_Z,_Z,_Z,N,2023-02,2.94,A,0,2,
OECD.SDD.STES:DSD_STES@DF_FINMARK(4.0),FIN,M,IRLT,PA,_Z,_Z,_Z,_Z,N,2023-03,2.98,A,0,2,
OECD.SDD.STES:DSD_STES@DF_FINMARK(4.0),FIN,M,IRLT,PA,_Z,_Z,_Z,_Z,N,2023-04,2.96,A,0,2,
OECD.SDD.STES:DSD_STES@DF_FINMARK(4.0),FIN,M,IRLT,PA,_Z,_Z,_Z,_Z,N,2023-05,2.98,A,0,2,
OECD.SDD.STES:DSD_STES@DF_FINMARK(4.0),FIN,M,IRLT,PA,_Z,_Z,_Z,_Z,N,2023-06,3,A,0,2,
OECD.SDD.STES:DSD_STES@DF_FINMARK(4.0),FIN,M,IRLT,PA,_Z,_Z,_Z,_Z,N,2023-07,3.07,A,0,2,
OECD.SDD.STES:DSD_STES@DF_FINMARK(4.0),FIN,M,IRLT,PA,_Z,_Z,_Z,_Z,N,2023-08,3.15,A,0,2,
OECD.SDD.STES:DSD_STES@DF_FINMARK(4.0),FIN,M,IRLT,PA,_Z,_Z,_Z,_Z,N,2023-09,3.25,A,0,2,
OECD.SDD.STES:DSD_STES@DF_FINMARK(4.0),FIN,M,IRLT,PA,_Z,_Z,_Z,_Z,N,2023-10,3.47,A,0,2,
OECD.SDD.STES:DSD_STES@DF_FINMARK(4.0),FIN,M,IRLT,PA,_Z,_Z,_Z,_Z,N,2023-11,3.2,A,0,2,
OECD.SDD.STES:DSD_STES@DF_FINMARK(4.0),FIN,M,IRLT,PA,_Z,_Z,_Z,_Z,N,2023-12,2.68,A,0,2,
OECD.SDD.STES:DSD_STES@DF_FINMARK(4.0),FIN,M,IRLT,PA,_Z,_Z,_Z,_Z,N,2024-01,2.8,A,0,2,
OECD.SDD.STES:DSD_STES@DF_FINMARK(4.0),FIN,M,IRLT,PA,_Z,_Z,_Z,_Z,N,2024-02,2.8846,A,0,2,
OECD.SDD.STES:DSD_STES@DF_FINMARK(4.0),FIN,M,IRLT,PA,_Z,_Z,_Z,_Z,N,2024-03,2.84936,A,0,2,
OECD.SDD.STES:DSD_STES@DF_FINMARK(4.0),FIN,M,IRLT,PA,_Z,_Z,_Z,_Z,N,2024-04,2.943848,A,0,2,
OECD.SDD.STES:DSD_STES@DF_FINMARK(4.0),FIN,M,IRLT,PA,_Z,_Z,_Z,_Z,N,2024-05,3.004838,A,0,2,
OECD.SDD.STES:DSD_STES@DF_FINMARK(4.0),FIN,M,IRLT,PA,_Z,_Z,_Z,_Z,N,2024-06,3.050274,A,0,2,
OECD.SDD.STES:DSD_STES@DF_FINMARK(4.0),FIN,M,IRLT,PA,_Z,_Z,_Z,_Z,N,2024-07,3.002217,A,0,2,
OECD.SDD.STES:DSD_STES@DF_FINMARK(4.0),FIN,M,IRLT,PA,_Z,_Z,_Z,_Z,N,2024-08,2.777255,A,0,2,
OECD.SDD.STES:DSD_STES@DF_FINMARK(4.0),FIN,M,IRLT,PA,_Z,_Z,_Z,_Z,N,2024-09,2.717609,A,0,2,
OECD.SDD.STES:DSD_STES@DF_FINMARK(4.0),FIN,M,IRLT,PA,_Z,_Z,_Z,_Z,N,2024-10,2.74707,A,0,2,
OECD.SDD.STES:DSD_STES@DF_FINMARK(4.0),FIN,M,IRLT,PA,_Z,_Z,_Z,_Z,N,2024-11,2.81326,A,0,2,
OECD.SDD.STES:DSD_STES@DF_FINMARK(4.0),FIN,M,IRLT,PA,_Z,_Z,_Z,_Z,N,2024-12,2.645282,A,0,2,
OECD.SDD.STES:DSD_STES@DF_FINMARK(4.0),FIN,M,IRLT,PA,_Z,_Z,_Z,_Z,N,2025-01,2.945381,A,0,2,
OECD.SDD.STES:DSD_STES@DF_FINMARK(4.0),FIN,M,IRLT,PA,_Z,_Z,_Z,_Z,N,2025-02,2.82093,A,0,2,
OECD.SDD.STES:DSD_STES@DF_FINMARK(4.0),FIN,M,IRLT,PA,_Z,_Z,_Z,_Z,N,2025-03,3.116505,A,0,2,
OECD.SDD.STES:DSD_STES@DF_FINMARK(4.0),FIN,M,IRLT,PA,_Z,_Z,_Z,_Z,N,2025-04,2.94027,A,0,2,
OECD.SDD.STES:DSD_STES@DF_FINMARK(4.0),FIN,M,IRLT,PA,_Z,_Z,_Z,_Z,N,2025-05,2.95165,A,0,2,
OECD.SDD.STES:DSD_STES@DF_FINMARK(4.0),FIN,M,IRLT,PA,_Z,_Z,_Z,_Z,N,2025-06,2.9,A,0,2,
OECD.SDD.STES:DSD_STES@DF_FINMARK(4.0),FIN,M,IRLT,PA,_Z,_Z,_Z,_Z,N,2025-07,3.044539,A,0,2,
OECD.SDD.STES:DSD_STES@DF_FINMARK(4.0),FIN,M,IRLT,PA,_Z,_Z,_Z,_Z,N,2025-08,3.090648,A,0,2,
OECD.SDD.STES:DSD_STES@DF_FINMARK(4.0),FIN,M,IRLT,PA,_Z,_Z,_Z,_Z,N,2025-09,3.090009,A,0,2,
OECD.SDD.STES:DSD_STES@DF_FINMARK(4.0),FIN,M,IRLT,PA,_Z,_Z,_Z,_Z,N,2025-10,3.012478,A,0,2,
OECD.SDD.STES:DSD_STES@DF_FINMARK(4.0),FIN,M,IRLT,PA,_Z,_Z,_Z,_Z,N,2025-11,3.034115,A,0,2,
OECD.SDD.STES:DSD_STES@DF_FINMARK(4.0),FIN,M,IRLT,PA,_Z,_Z,_Z,_Z,N,2025-12,3.164244,A,0,2,
OECD.SDD.STES:DSD_STES@DF_FINMARK(4.0),FIN,M,IRLT,PA,_Z,_Z,_Z,_Z,N,2026-01,3.253775,A,0,2,
OECD.SDD.STES:DSD_STES@DF_FINMARK(4.0),FIN,M,IRLT,PA,_Z,_Z,_Z,_Z,N,2026-02,3.160172,A,0,2,
OECD.SDD.STES:DSD_STES@DF_FINMARK(4.0),FIN,M,IRLT,PA,_Z,_Z,_Z,_Z,N,2026-03,3.322319,A,0,2,
OECD.SDD.STES:DSD_STES@DF_FINMARK(4.0),FIN,M,IRLT,PA,_Z,_Z,_Z,_Z,N,2026-04,3.38407,A,0,2,
OECD.SDD.STES:DSD_STES@DF_FINMARK(4.0),FIN,M,IRLT,PA,_Z,_Z,_Z,_Z,N,2026-05,3.39912,A,0,2,
OECD.SDD.STES:DSD_STES@DF_FINMARK(4.0),JPN,M,IRLT,PA,_Z,_Z,_Z,_Z,N,2015-01,0.275,A,0,2,
OECD.SDD.STES:DSD_STES@DF_FINMARK(4.0),JPN,M,IRLT,PA,_Z,_Z,_Z,_Z,N,2015-02,0.33,A,0,2,
OECD.SDD.STES:DSD_STES@DF_FINMARK(4.0),JPN,M,IRLT,PA,_Z,_Z,_Z,_Z,N,2015-03,0.4,A,0,2,
OECD.SDD.STES:DSD_STES@DF_FINMARK(4.0),JPN,M,IRLT,PA,_Z,_Z,_Z,_Z,N,2015-04,0.34,A,0,2,
OECD.SDD.STES:DSD_STES@DF_FINMARK(4.0),JPN,M,IRLT,PA,_Z,_Z,_Z,_Z,N,2015-05,0.39,A,0,2,
OECD.SDD.STES:DSD_STES@DF_FINMARK(4.0),JPN,M,IRLT,PA,_Z,_Z,_Z,_Z,N,2015-06,0.455,A,0,2,
OECD.SDD.STES:DSD_STES@DF_FINMARK(4.0),JPN,M,IRLT,PA,_Z,_Z,_Z,_Z,N,2015-07,0.41,A,0,2,
OECD.SDD.STES:DSD_STES@DF_FINMARK(4.0),JPN,M,IRLT,PA,_Z,_Z,_Z,_Z,N,2015-08,0.38,A,0,2,
OECD.SDD.STES:DSD_STES@DF_FINMARK(4.0),JPN,M,IRLT,PA,_Z,_Z,_Z,_Z,N,2015-09,0.35,A,0,2,
OECD.SDD.STES:DSD_STES@DF_FINMARK(4.0),JPN,M,IRLT,PA,_Z,_Z,_Z,_Z,N,2015-10,0.3,A,0,2,
OECD.SDD.STES:DSD_STES@DF_FINMARK(4.0),JPN,M,IRLT,PA,_Z,_Z,_Z,_Z,N,2015-11,0.3,A,0,2,
OECD.SDD.STES:DSD_STES@DF_FINMARK(4.0),JPN,M,IRLT,PA,_Z,_Z,_Z,_Z,N,2015-12,0.27,A,0,2,
OECD.SDD.STES:DSD_STES@DF_FINMARK(4.0),JPN,M,IRLT,PA,_Z,_Z,_Z,_Z,N,2016-01,0.095,A,0,2,
OECD.SDD.STES:DSD_STES@DF_FINMARK(4.0),JPN,M,IRLT,PA,_Z,_Z,_Z,_Z,N,2016-02,-0.065,A,0,2,
OECD.SDD.STES:DSD_STES@DF_FINMARK(4.0),JPN,M,IRLT,PA,_Z,_Z,_Z,_Z,N,2016-03,-0.05,A,0,2,
OECD.SDD.STES:DSD_STES@DF_FINMARK(4.0),JPN,M,IRLT,PA,_Z,_Z,_Z,_Z,N,2016-04,-0.085,A,0,2,
OECD.SDD.STES:DSD_STES@DF_FINMARK(4.0),JPN,M,IRLT,PA,_Z,_Z,_Z,_Z,N,2016-05,-0.12,A,0,2,
OECD.SDD.STES:DSD_STES@DF_FINMARK(4.0),JPN,M,IRLT,PA,_Z,_Z,_Z,_Z,N,2016-06,-0.23,A,0,2,
OECD.SDD.STES:DSD_STES@DF_FINMARK(4.0),JPN,M,IRLT,PA,_Z,_Z,_Z,_Z,N,2016-07,-0.195,A,0,2,
OECD.SDD.STES:DSD_STES@DF_FINMARK(4.0),JPN,M,IRLT,PA,_Z,_Z,_Z,_Z,N,2016-08,-0.07,A,0,2,
OECD.SDD.STES:DSD_STES@DF_FINMARK(4.0),JPN,M,IRLT,PA,_Z,_Z,_Z,_Z,N,2016-09,-0.085,A,0,2,
OECD.SDD.STES:DSD_STES@DF_FINMARK(4.0),JPN,M,IRLT,PA,_Z,_Z,_Z,_Z,N,2016-10,-0.05,A,0,2,
OECD.SDD.STES:DSD_STES@DF_FINMARK(4.0),JPN,M,IRLT,PA,_Z,_Z,_Z,_Z,N,2016-11,0.02,A,0,2,
OECD.SDD.STES:DSD_STES@DF_FINMARK(4.0),JPN,M,IRLT,PA,_Z,_Z,_Z,_Z,N,2016-12,0.04,A,0,2,
OECD.SDD.STES:DSD_STES@DF_FINMARK(4.0),JPN,M,IRLT,PA,_Z,_Z,_Z,_Z,N,2017-01,0.085,A,0,2,
OECD.SDD.STES:DSD_STES@DF_FINMARK(4.0),JPN,M,IRLT,PA,_Z,_Z,_Z,_Z,N,2017-02,0.05,A,0,2,
OECD.SDD.STES:DSD_STES@DF_FINMARK(4.0),JPN,M,IRLT,PA,_Z,_Z,_Z,_Z,N,2017-03,0.065,A,0,2,
OECD.SDD.STES:DSD_STES@DF_FINMARK(4.0),JPN,M,IRLT,PA,_Z,_Z,_Z,_Z,N,2017-04,0.015,A,0,2,
OECD.SDD.STES:DSD_STES@DF_FINMARK(4.0),JPN,M,IRLT,PA,_Z,_Z,_Z,_Z,N,2017-05,0.04,A,0,2,
OECD.SDD.STES:DSD_STES@DF_FINMARK(4.0),JPN,M,IRLT,PA,_Z,_Z,_Z,_Z,N,2017-06,0.075,A,0,2,
OECD.SDD.STES:DSD_STES@DF_FINMARK(4.0),JPN,M,IRLT,PA,_Z,_Z,_Z,_Z,N,2017-07,0.075,A,0,2,
OECD.SDD.STES:DSD_STES@DF_FINMARK(4.0),JPN,M,IRLT,PA,_Z,_Z,_Z,_Z,N,2017-08,0.01,A,0,2,
OECD.SDD.STES:DSD_STES@DF_FINMARK(4.0),JPN,M,IRLT,PA,_Z,_Z,_Z,_Z,N,2017-09,0.06,A,0,2,
OECD.SDD.STES:DSD_STES@DF_FINMARK(4.0),JPN,M,IRLT,PA,_Z,_Z,_Z,_Z,N,2017-10,0.065,A,0,2,
OECD.SDD.STES:DSD_STES@DF_FINMARK(4.0),JPN,M,IRLT,PA,_Z,_Z,_Z,_Z,N,2017-11,0.035,A,0,2,
OECD.SDD.STES:DSD_STES@DF_FINMARK(4.0),JPN,M,IRLT,PA,_Z,_Z,_Z,_Z,N,2017-12,0.045,A,0,2,
OECD.SDD.STES:DSD_STES@DF_FINMARK(4.0),JPN,M,IRLT,PA,_Z,_Z,_Z,_Z,N,2018-01,0.08,A,0,2,
OECD.SDD.STES:DSD_STES@DF_FINMARK(4.0),JPN,M,IRLT,PA,_Z,_Z,_Z,_Z,N,2018-02,0.045,A,0,2,
OECD.SDD.STES:DSD_STES@DF_FINMARK(4.0),JPN,M,IRLT,PA,_Z,_Z,_Z,_Z,N,2018-03,0.045,A,0,2,
OECD.SDD.STES:DSD_STES@DF_FINMARK(4.0),JPN,M,IRLT,PA,_Z,_Z,_Z,_Z,N,2018-04,0.05,A,0,2,
OECD.SDD.STES:DSD_STES@DF_FINMARK(4.0),JPN,M,IRLT,PA,_Z,_Z,_Z,_Z,N,2018-05,0.03,A,0,2,
OECD.SDD.STES:DSD_STES@DF_FINMARK(4.0),JPN,M,IRLT,PA,_Z,_Z,_Z,_Z,N,2018-06,0.03,A,0,2,
OECD.SDD.STES:DSD_STES@DF_FINMARK(4.0),JPN,M,IRLT,PA,_Z,_Z,_Z,_Z,N,2018-07,0.06,A,0,2,
OECD.SDD.STES:DSD_STES@DF_FINMARK(4.0),JPN,M,IRLT,PA,_Z,_Z,_Z,_Z,N,2018-08,0.11,A,0,2,
OECD.SDD.STES:DSD_STES@DF_FINMARK(4.0),JPN,M,IRLT,PA,_Z,_Z,_Z,_Z,N,2018-09,0.125,A,0,2,
OECD.SDD.STES:DSD_STES@DF_FINMARK(4.0),JPN,M,IRLT,PA,_Z,_Z,_Z,_Z,N,2018-10,0.13,A,0,2,
OECD.SDD.STES:DSD_STES@DF_FINMARK(4.0),JPN,M,IRLT,PA,_Z,_Z,_Z,_Z,N,2018-11,0.085,A,0,2,
OECD.SDD.STES:DSD_STES@DF_FINMARK(4.0),JPN,M,IRLT,PA,_Z,_Z,_Z,_Z,N,2018-12,-0.01,A,0,2,
OECD.SDD.STES:DSD_STES@DF_FINMARK(4.0),JPN,M,IRLT,PA,_Z,_Z,_Z,_Z,N,2019-01,0,A,0,2,
OECD.SDD.STES:DSD_STES@DF_FINMARK(4.0),JPN,M,IRLT,PA,_Z,_Z,_Z,_Z,N,2019-02,-0.015,A,0,2,
OECD.SDD.STES:DSD_STES@DF_FINMARK(4.0),JPN,M,IRLT,PA,_Z,_Z,_Z,_Z,N,2019-03,-0.095,A,0,2,
OECD.SDD.STES:DSD_STES@DF_FINMARK(4.0),JPN,M,IRLT,PA,_Z,_Z,_Z,_Z,N,2019-04,-0.045,A,0,2,
OECD.SDD.STES:DSD_STES@DF_FINMARK(4.0),JPN,M,IRLT,PA,_Z,_Z,_Z,_Z,N,2019-05,-0.095,A,0,2,
OECD.SDD.STES:DSD_STES@DF_FINMARK(4.0),JPN,M,IRLT,PA,_Z,_Z,_Z,_Z,N,2019-06,-0.165,A,0,2,
OECD.SDD.STES:DSD_STES@DF_FINMARK(4.0),JPN,M,IRLT,PA,_Z,_Z,_Z,_Z,N,2019-07,-0.16,A,0,2,
OECD.SDD.STES:DSD_STES@DF_FINMARK(4.0),JPN,M,IRLT,PA,_Z,_Z,_Z,_Z,N,2019-08,-0.28,A,0,2,
OECD.SDD.STES:DSD_STES@DF_FINMARK(4.0),JPN,M,IRLT,PA,_Z,_Z,_Z,_Z,N,2019-09,-0.215,A,0,2,
OECD.SDD.STES:DSD_STES@DF_FINMARK(4.0),JPN,M,IRLT,PA,_Z,_Z,_Z,_Z,N,2019-10,-0.15,A,0,2,
OECD.SDD.STES:DSD_STES@DF_FINMARK(4.0),JPN,M,IRLT,PA,_Z,_Z,_Z,_Z,N,2019-11,-0.08,A,0,2,
OECD.SDD.STES:DSD_STES@DF_FINMARK(4.0),JPN,M,IRLT,PA,_Z,_Z,_Z,_Z,N,2019-12,-0.025,A,0,2,
OECD.SDD.STES:DSD_STES@DF_FINMARK(4.0),JPN,M,IRLT,PA,_Z,_Z,_Z,_Z,N,2020-01,-0.065,A,0,2,
OECD.SDD.STES:DSD_STES@DF_FINMARK(4.0),JPN,M,IRLT,PA,_Z,_Z,_Z,_Z,N,2020-02,-0.155,A,0,2,
OECD.SDD.STES:DSD_STES@DF_FINMARK(4.0),JPN,M,IRLT,PA,_Z,_Z,_Z,_Z,N,2020-03,0.005,A,0,2,
OECD.SDD.STES:DSD_STES@DF_FINMARK(4.0),JPN,M,IRLT,PA,_Z,_Z,_Z,_Z,N,2020-04,-0.04,A,0,2,
OECD.SDD.STES:DSD_STES@DF_FINMARK(4.0),JPN,M,IRLT,PA,_Z,_Z,_Z,_Z,N,2020-05,0,A,0,2,
OECD.SDD.STES:DSD_STES@DF_FINMARK(4.0),JPN,M,IRLT,PA,_Z,_Z,_Z,_Z,N,2020-06,0.03,A,0,2,
OECD.SDD.STES:DSD_STES@DF_FINMARK(4.0),JPN,M,IRLT,PA,_Z,_Z,_Z,_Z,N,2020-07,0.01,A,0,2,
OECD.SDD.STES:DSD_STES@DF_FINMARK(4.0),JPN,M,IRLT,PA,_Z,_Z,_Z,_Z,N,2020-08,0.045,A,0,2,
OECD.SDD.STES:DSD_STES@DF_FINMARK(4.0),JPN,M,IRLT,PA,_Z,_Z,_Z,_Z,N,2020-09,0.015,A,0,2,
OECD.SDD.STES:DSD_STES@DF_FINMARK(4.0),JPN,M,IRLT,PA,_Z,_Z,_Z,_Z,N,2020-10,0.04,A,0,2,
OECD.SDD.STES:DSD_STES@DF_FINMARK(4.0),JPN,M,IRLT,PA,_Z,_Z,_Z,_Z,N,2020-11,0.03,A,0,2,
OECD.SDD.STES:DSD_STES@DF_FINMARK(4.0),JPN,M,IRLT,PA,_Z,_Z,_Z,_Z,N,2020-12,0.02,A,0,2,
OECD.SDD.STES:DSD_STES@DF_FINMARK(4.0),JPN,M,IRLT,PA,_Z,_Z,_Z,_Z,N,2021-01,0.055,A,0,2,
OECD.SDD.STES:DSD_STES@DF_FINMARK(4.0),JPN,M,IRLT,PA,_Z,_Z,_Z,_Z,N,2021-02,0.15,A,0,2,
OECD.SDD.STES:DSD_STES@DF_FINMARK(4.0),JPN,M,IRLT,PA,_Z,_Z,_Z,_Z,N,2021-03,0.12,A,0,2,
OECD.SDD.STES:DSD_STES@DF_FINMARK(4.0),JPN,M,IRLT,PA,_Z,_Z,_Z,_Z,N,2021-04,0.09,A,0,2,
OECD.SDD.STES:DSD_STES@DF_FINMARK(4.0),JPN,M,IRLT,PA,_Z,_Z,_Z,_Z,N,2021-05,0.08,A,0,2,
OECD.SDD.STES:DSD_STES@DF_FINMARK(4.0),JPN,M,IRLT,PA,_Z,_Z,_Z,_Z,N,2021-06,0.05,A,0,2,
OECD.SDD.STES:DSD_STES@DF_FINMARK(4.0),JPN,M,IRLT,PA,_Z,_Z,_Z,_Z,N,2021-07,0.015,A,0,2,
OECD.SDD.STES:DSD_STES@DF_FINMARK(4.0),JPN,M,IRLT,PA,_Z,_Z,_Z,_Z,N,2021-08,0.02,A,0,2,
OECD.SDD.STES:DSD_STES@DF_FINMARK(4.0),JPN,M,IRLT,PA,_Z,_Z,_Z,_Z,N,2021-09,0.065,A,0,2,
OECD.SDD.STES:DSD_STES@DF_FINMARK(4.0),JPN,M,IRLT,PA,_Z,_Z,_Z,_Z,N,2021-10,0.095,A,0,2,
OECD.SDD.STES:DSD_STES@DF_FINMARK(4.0),JPN,M,IRLT,PA,_Z,_Z,_Z,_Z,N,2021-11,0.05,A,0,2,
OECD.SDD.STES:DSD_STES@DF_FINMARK(4.0),JPN,M,IRLT,PA,_Z,_Z,_Z,_Z,N,2021-12,0.07,A,0,2,
OECD.SDD.STES:DSD_STES@DF_FINMARK(4.0),JPN,M,IRLT,PA,_Z,_Z,_Z,_Z,N,2022-01,0.17,A,0,2,
OECD.SDD.STES:DSD_STES@DF_FINMARK(4.0),JPN,M,IRLT,PA,_Z,_Z,_Z,_Z,N,2022-02,0.18,A,0,2,
OECD.SDD.STES:DSD_STES@DF_FINMARK(4.0),JPN,M,IRLT,PA,_Z,_Z,_Z,_Z,N,2022-03,0.21,A,0,2,
OECD.SDD.STES:DSD_STES@DF_FINMARK(4.0),JPN,M,IRLT,PA,_Z,_Z,_Z,_Z,N,2022-04,0.215,A,0,2,
OECD.SDD.STES:DSD_STES@DF_FINMARK(4.0),JPN,M,IRLT,PA,_Z,_Z,_Z,_Z,N,2022-05,0.235,A,0,2,
OECD.SDD.STES:DSD_STES@DF_FINMARK(4.0),JPN,M,IRLT,PA,_Z,_Z,_Z,_Z,N,2022-06,0.225,A,0,2,
OECD.SDD.STES:DSD_STES@DF_FINMARK(4.0),JPN,M,IRLT,PA,_Z,_Z,_Z,_Z,N,2022-07,0.18,A,0,2,
OECD.SDD.STES:DSD_STES@DF_FINMARK(4.0),JPN,M,IRLT,PA,_Z,_Z,_Z,_Z,N,2022-08,0.22,A,0,2,
OECD.SDD.STES:DSD_STES@DF_FINMARK(4.0),JPN,M,IRLT,PA,_Z,_Z,_Z,_Z,N,2022-09,0.24,A,0,2,
OECD.SDD.STES:DSD_STES@DF_FINMARK(4.0),JPN,M,IRLT,PA,_Z,_Z,_Z,_Z,N,2022-10,0.245,A,0,2,
OECD.SDD.STES:DSD_STES@DF_FINMARK(4.0),JPN,M,IRLT,PA,_Z,_Z,_Z,_Z,N,2022-11,0.25,A,0,2,
OECD.SDD.STES:DSD_STES@DF_FINMARK(4.0),JPN,M,IRLT,PA,_Z,_Z,_Z,_Z,N,2022-12,0.41,A,0,2,
OECD.SDD.STES:DSD_STES@DF_FINMARK(4.0),JPN,M,IRLT,PA,_Z,_Z,_Z,_Z,N,2023-01,0.49,A,0,2,
OECD.SDD.STES:DSD_STES@DF_FINMARK(4.0),JPN,M,IRLT,PA,_Z,_Z,_Z,_Z,N,2023-02,0.5,A,0,2,
OECD.SDD.STES:DSD_STES@DF_FINMARK(4.0),JPN,M,IRLT,PA,_Z,_Z,_Z,_Z,N,2023-03,0.32,A,0,2,
OECD.SDD.STES:DSD_STES@DF_FINMARK(4.0),JPN,M,IRLT,PA,_Z,_Z,_Z,_Z,N,2023-04,0.385,A,0,2,
OECD.SDD.STES:DSD_STES@DF_FINMARK(4.0),JPN,M,IRLT,PA,_Z,_Z,_Z,_Z,N,2023-05,0.43,A,0,2,
OECD.SDD.STES:DSD_STES@DF_FINMARK(4.0),JPN,M,IRLT,PA,_Z,_Z,_Z,_Z,N,2023-06,0.395,A,0,2,
OECD.SDD.STES:DSD_STES@DF_FINMARK(4.0),JPN,M,IRLT,PA,_Z,_Z,_Z,_Z,N,2023-07,0.595,A,0,2,
OECD.SDD.STES:DSD_STES@DF_FINMARK(4.0),JPN,M,IRLT,PA,_Z,_Z,_Z,_Z,N,2023-08,0.64,A,0,2,
OECD.SDD.STES:DSD_STES@DF_FINMARK(4.0),JPN,M,IRLT,PA,_Z,_Z,_Z,_Z,N,2023-09,0.765,A,0,2,
OECD.SDD.STES:DSD_STES@DF_FINMARK(4.0),JPN,M,IRLT,PA,_Z,_Z,_Z,_Z,N,2023-10,0.95,A,0,2,
OECD.SDD.STES:DSD_STES@DF_FINMARK(4.0),JPN,M,IRLT,PA,_Z,_Z,_Z,_Z,N,2023-11,0.66,A,0,2,
OECD.SDD.STES:DSD_STES@DF_FINMARK(4.0),JPN,M,IRLT,PA,_Z,_Z,_Z,_Z,N,2023-12,0.62,A,0,2,
OECD.SDD.STES:DSD_STES@DF_FINMARK(4.0),JPN,M,IRLT,PA,_Z,_Z,_Z,_Z,N,2024-01,0.73,A,0,2,
OECD.SDD.STES:DSD_STES@DF_FINMARK(4.0),JPN,M,IRLT,PA,_Z,_Z,_Z,_Z,N,2024-02,0.71,A,0,2,
OECD.SDD.STES:DSD_STES@DF_FINMARK(4.0),JPN,M,IRLT,PA,_Z,_Z,_Z,_Z,N,2024-03,0.725,A,0,2,
OECD.SDD.STES:DSD_STES@DF_FINMARK(4.0),JPN,M,IRLT,PA,_Z,_Z,_Z,_Z,N,2024-04,0.87,A,0,2,
OECD.SDD.STES:DSD_STES@DF_FINMARK(4.0),JPN,M,IRLT,PA,_Z,_Z,_Z,_Z,N,2024-05,1.07,A,0,2,
OECD.SDD.STES:DSD_STES@DF_FINMARK(4.0),JPN,M,IRLT,PA,_Z,_Z,_Z,_Z,N,2024-06,1.05,A,0,2,
OECD.SDD.STES:DSD_STES@DF_FINMARK(4.0),JPN,M,IRLT,PA,_Z,_Z,_Z,_Z,N,2024-07,1.045,A,0,2,
OECD.SDD.STES:DSD_STES@DF_FINMARK(4.0),JPN,M,IRLT,PA,_Z,_Z,_Z,_Z,N,2024-08,0.89,A,0,2,
OECD.SDD.STES:DSD_STES@DF_FINMARK(4.0),JPN,M,IRLT,PA,_Z,_Z,_Z,_Z,N,2024-09,0.855,A,0,2,
OECD.SDD.STES:DSD_STES@DF_FINMARK(4.0),JPN,M,IRLT,PA,_Z,_Z,_Z,_Z,N,2024-10,0.935,A,0,2,
OECD.SDD.STES:DSD_STES@DF_FINMARK(4.0),JPN,M,IRLT,PA,_Z,_Z,_Z,_Z,N,2024-11,1.05,A,0,2,
OECD.SDD.STES:DSD_STES@DF_FINMARK(4.0),JPN,M,IRLT,PA,_Z,_Z,_Z,_Z,N,2024-12,1.09,A,0,2,
OECD.SDD.STES:DSD_STES@DF_FINMARK(4.0),JPN,M,IRLT,PA,_Z,_Z,_Z,_Z,N,2025-01,1.245,A,0,2,
OECD.SDD.STES:DSD_STES@DF_FINMARK(4.0),JPN,M,IRLT,PA,_Z,_Z,_Z,_Z,N,2025-02,1.37,A,0,2,
OECD.SDD.STES:DSD_STES@DF_FINMARK(4.0),JPN,M,IRLT,PA,_Z,_Z,_Z,_Z,N,2025-03,1.485,A,0,2,
OECD.SDD.STES:DSD_STES@DF_FINMARK(4.0),JPN,M,IRLT,PA,_Z,_Z,_Z,_Z,N,2025-04,1.31,A,0,2,
OECD.SDD.STES:DSD_STES@DF_FINMARK(4.0),JPN,M,IRLT,PA,_Z,_Z,_Z,_Z,N,2025-05,1.5,A,0,2,
OECD.SDD.STES:DSD_STES@DF_FINMARK(4.0),JPN,M,IRLT,PA,_Z,_Z,_Z,_Z,N,2025-06,1.42,A,0,2,
OECD.SDD.STES:DSD_STES@DF_FINMARK(4.0),JPN,M,IRLT,PA,_Z,_Z,_Z,_Z,N,2025-07,1.545,A,0,2,
OECD.SDD.STES:DSD_STES@DF_FINMARK(4.0),JPN,M,IRLT,PA,_Z,_Z,_Z,_Z,N,2025-08,1.6,A,0,2,
OECD.SDD.STES:DSD_STES@DF_FINMARK(4.0),JPN,M,IRLT,PA,_Z,_Z,_Z,_Z,N,2025-09,1.645,A,0,2,
OECD.SDD.STES:DSD_STES@DF_FINMARK(4.0),JPN,M,IRLT,PA,_Z,_Z,_Z,_Z,N,2025-10,1.655,A,0,2,
OECD.SDD.STES:DSD_STES@DF_FINMARK(4.0),JPN,M,IRLT,PA,_Z,_Z,_Z,_Z,N,2025-11,1.805,A,0,2,
OECD.SDD.STES:DSD_STES@DF_FINMARK(4.0),JPN,M,IRLT,PA,_Z,_Z,_Z,_Z,N,2025-12,2.06,A,0,2,
OECD.SDD.STES:DSD_STES@DF_FINMARK(4.0),JPN,M,IRLT,PA,_Z,_Z,_Z,_Z,N,2026-01,2.24,A,0,2,
OECD.SDD.STES:DSD_STES@DF_FINMARK(4.0),JPN,M,IRLT,PA,_Z,_Z,_Z,_Z,N,2026-02,2.11,A,0,2,
OECD.SDD.STES:DSD_STES@DF_FINMARK(4.0),JPN,M,IRLT,PA,_Z,_Z,_Z,_Z,N,2026-03,2.345,A,0,2,
OECD.SDD.STES:DSD_STES@DF_FINMARK(4.0),JPN,M,IRLT,PA,_Z,_Z,_Z,_Z,N,2026-04,2.515,A,0,2,
OECD.SDD.STES:DSD_STES@DF_FINMARK(4.0),JPN,M,IRLT,PA,_Z,_Z,_Z,_Z,N,2026-05,2.65,A,0,2,
OECD.SDD.STES:DSD_STES@DF_FINMARK(4.0),PRT,M,IRLT,PA,_Z,_Z,_Z,_Z,N,2015-01,2.49,A,0,2,
OECD.SDD.STES:DSD_STES@DF_FINMARK(4.0),PRT,M,IRLT,PA,_Z,_Z,_Z,_Z,N,2015-02,2.32,A,0,2,
OECD.SDD.STES:DSD_STES@DF_FINMARK(4.0),PRT,M,IRLT,PA,_Z,_Z,_Z,_Z,N,2015-03,1.74,A,0,2,
OECD.SDD.STES:DSD_STES@DF_FINMARK(4.0),PRT,M,IRLT,PA,_Z,_Z,_Z,_Z,N,2015-04,1.87,A,0,2,
OECD.SDD.STES:DSD_STES@DF_FINMARK(4.0),PRT,M,IRLT,PA,_Z,_Z,_Z,_Z,N,2015-05,2.41,A,0,2,
OECD.SDD.STES:DSD_STES@DF_FINMARK(4.0),PRT,M,IRLT,PA,_Z,_Z,_Z,_Z,N,2015-06,2.93,A,0,2,
OECD.SDD.STES:DSD_STES@DF_FINMARK(4.0),PRT,M,IRLT,PA,_Z,_Z,_Z,_Z,N,2015-07,2.74,A,0,2,
OECD.SDD.STES:DSD_STES@DF_FINMARK(4.0),PRT,M,IRLT,PA,_Z,_Z,_Z,_Z,N,2015-08,2.52,A,0,2,
OECD.SDD.STES:DSD_STES@DF_FINMARK(4.0),PRT,M,IRLT,PA,_Z,_Z,_Z,_Z,N,2015-09,2.59,A,0,2,
OECD.SDD.STES:DSD_STES@DF_FINMARK(4.0),PRT,M,IRLT,PA,_Z,_Z,_Z,_Z,N,2015-10,2.41,A,0,2,
OECD.SDD.STES:DSD_STES@DF_FINMARK(4.0),PRT,M,IRLT,PA,_Z,_Z,_Z,_Z,N,2015-11,2.57,A,0,2,
OECD.SDD.STES:DSD_STES@DF_FINMARK(4.0),PRT,M,IRLT,PA,_Z,_Z,_Z,_Z,N,2015-12,2.49,A,0,2,
OECD.SDD.STES:DSD_STES@DF_FINMARK(4.0),PRT,M,IRLT,PA,_Z,_Z,_Z,_Z,N,2016-01,2.71,A,0,2,
OECD.SDD.STES:DSD_STES@DF_FINMARK(4.0),PRT,M,IRLT,PA,_Z,_Z,_Z,_Z,N,2016-02,3.23,A,0,2,
OECD.SDD.STES:DSD_STES@DF_FINMARK(4.0),PRT,M,IRLT,PA,_Z,_Z,_Z,_Z,N,2016-03,2.84,A,0,2,
OECD.SDD.STES:DSD_STES@DF_FINMARK(4.0),PRT,M,IRLT,PA,_Z,_Z,_Z,_Z,N,2016-04,3.13,A,0,2,
OECD.SDD.STES:DSD_STES@DF_FINMARK(4.0),PRT,M,IRLT,PA,_Z,_Z,_Z,_Z,N,2016-05,3.15,A,0,2,
OECD.SDD.STES:DSD_STES@DF_FINMARK(4.0),PRT,M,IRLT,PA,_Z,_Z,_Z,_Z,N,2016-06,3.2,A,0,2,
OECD.SDD.STES:DSD_STES@DF_FINMARK(4.0),PRT,M,IRLT,PA,_Z,_Z,_Z,_Z,N,2016-07,3.06,A,0,2,
OECD.SDD.STES:DSD_STES@DF_FINMARK(4.0),PRT,M,IRLT,PA,_Z,_Z,_Z,_Z,N,2016-08,2.91,A,0,2,
OECD.SDD.STES:DSD_STES@DF_FINMARK(4.0),PRT,M,IRLT,PA,_Z,_Z,_Z,_Z,N,2016-09,3.26,A,0,2,
OECD.SDD.STES:DSD_STES@DF_FINMARK(4.0),PRT,M,IRLT,PA,_Z,_Z,_Z,_Z,N,2016-10,3.33,A,0,2,
OECD.SDD.STES:DSD_STES@DF_FINMARK(4.0),PRT,M,IRLT,PA,_Z,_Z,_Z,_Z,N,2016-11,3.51,A,0,2,
OECD.SDD.STES:DSD_STES@DF_FINMARK(4.0),PRT,M,IRLT,PA,_Z,_Z,_Z,_Z,N,2016-12,3.74,A,0,2,
OECD.SDD.STES:DSD_STES@DF_FINMARK(4.0),PRT,M,IRLT,PA,_Z,_Z,_Z,_Z,N,2017-01,3.95,A,0,2,
OECD.SDD.STES:DSD_STES@DF_FINMARK(4.0),PRT,M,IRLT,PA,_Z,_Z,_Z,_Z,N,2017-02,4.04,A,0,2,
OECD.SDD.STES:DSD_STES@DF_FINMARK(4.0),PRT,M,IRLT,PA,_Z,_Z,_Z,_Z,N,2017-03,3.99,A,0,2,
OECD.SDD.STES:DSD_STES@DF_FINMARK(4.0),PRT,M,IRLT,PA,_Z,_Z,_Z,_Z,N,2017-04,3.77,A,0,2,
OECD.SDD.STES:DSD_STES@DF_FINMARK(4.0),PRT,M,IRLT,PA,_Z,_Z,_Z,_Z,N,2017-05,3.29,A,0,2,
OECD.SDD.STES:DSD_STES@DF_FINMARK(4.0),PRT,M,IRLT,PA,_Z,_Z,_Z,_Z,N,2017-06,2.97,A,0,2,
OECD.SDD.STES:DSD_STES@DF_FINMARK(4.0),PRT,M,IRLT,PA,_Z,_Z,_Z,_Z,N,2017-07,3.03,A,0,2,
OECD.SDD.STES:DSD_STES@DF_FINMARK(4.0),PRT,M,IRLT,PA,_Z,_Z,_Z,_Z,N,2017-08,2.83,A,0,2,
OECD.SDD.STES:DSD_STES@DF_FINMARK(4.0),PRT,M,IRLT,PA,_Z,_Z,_Z,_Z,N,2017-09,2.63,A,0,2,
OECD.SDD.STES:DSD_STES@DF_FINMARK(4.0),PRT,M,IRLT,PA,_Z,_Z,_Z,_Z,N,2017-10,2.32,A,0,2,
OECD.SDD.STES:DSD_STES@DF_FINMARK(4.0),PRT,M,IRLT,PA,_Z,_Z,_Z,_Z,N,2017-11,1.98,A,0,2,
OECD.SDD.STES:DSD_STES@DF_FINMARK(4.0),PRT,M,IRLT,PA,_Z,_Z,_Z,_Z,N,2017-12,1.83,A,0,2,
OECD.SDD.STES:DSD_STES@DF_FINMARK(4.0),PRT,M,IRLT,PA,_Z,_Z,_Z,_Z,N,2018-01,1.85,A,0,2,
OECD.SDD.STES:DSD_STES@DF_FINMARK(4.0),PRT,M,IRLT,PA,_Z,_Z,_Z,_Z,N,2018-02,2.03,A,0,2,
OECD.SDD.STES:DSD_STES@DF_FINMARK(4.0),PRT,M,IRLT,PA,_Z,_Z,_Z,_Z,N,2018-03,1.79,A,0,2,
OECD.SDD.STES:DSD_STES@DF_FINMARK(4.0),PRT,M,IRLT,PA,_Z,_Z,_Z,_Z,N,2018-04,1.66,A,0,2,
OECD.SDD.STES:DSD_STES@DF_FINMARK(4.0),PRT,M,IRLT,PA,_Z,_Z,_Z,_Z,N,2018-05,1.84,A,0,2,
OECD.SDD.STES:DSD_STES@DF_FINMARK(4.0),PRT,M,IRLT,PA,_Z,_Z,_Z,_Z,N,2018-06,1.87,A,0,2,
OECD.SDD.STES:DSD_STES@DF_FINMARK(4.0),PRT,M,IRLT,PA,_Z,_Z,_Z,_Z,N,2018-07,1.76,A,0,2,
OECD.SDD.STES:DSD_STES@DF_FINMARK(4.0),PRT,M,IRLT,PA,_Z,_Z,_Z,_Z,N,2018-08,1.82,A,0,2,
OECD.SDD.STES:DSD_STES@DF_FINMARK(4.0),PRT,M,IRLT,PA,_Z,_Z,_Z,_Z,N,2018-09,1.88,A,0,2,
OECD.SDD.STES:DSD_STES@DF_FINMARK(4.0),PRT,M,IRLT,PA,_Z,_Z,_Z,_Z,N,2018-10,1.96,A,0,2,
OECD.SDD.STES:DSD_STES@DF_FINMARK(4.0),PRT,M,IRLT,PA,_Z,_Z,_Z,_Z,N,2018-11,1.91,A,0,2,
OECD.SDD.STES:DSD_STES@DF_FINMARK(4.0),PRT,M,IRLT,PA,_Z,_Z,_Z,_Z,N,2018-12,1.71,A,0,2,
OECD.SDD.STES:DSD_STES@DF_FINMARK(4.0),PRT,M,IRLT,PA,_Z,_Z,_Z,_Z,N,2019-01,1.67,A,0,2,
OECD.SDD.STES:DSD_STES@DF_FINMARK(4.0),PRT,M,IRLT,PA,_Z,_Z,_Z,_Z,N,2019-02,1.55,A,0,2,
OECD.SDD.STES:DSD_STES@DF_FINMARK(4.0),PRT,M,IRLT,PA,_Z,_Z,_Z,_Z,N,2019-03,1.32,A,0,2,
OECD.SDD.STES:DSD_STES@DF_FINMARK(4.0),PRT,M,IRLT,PA,_Z,_Z,_Z,_Z,N,2019-04,1.18,A,0,2,
OECD.SDD.STES:DSD_STES@DF_FINMARK(4.0),PRT,M,IRLT,PA,_Z,_Z,_Z,_Z,N,2019-05,1.02,A,0,2,
OECD.SDD.STES:DSD_STES@DF_FINMARK(4.0),PRT,M,IRLT,PA,_Z,_Z,_Z,_Z,N,2019-06,0.59,A,0,2,
OECD.SDD.STES:DSD_STES@DF_FINMARK(4.0),PRT,M,IRLT,PA,_Z,_Z,_Z,_Z,N,2019-07,0.44,A,0,2,
OECD.SDD.STES:DSD_STES@DF_FINMARK(4.0),PRT,M,IRLT,PA,_Z,_Z,_Z,_Z,N,2019-08,0.17,A,0,2,
OECD.SDD.STES:DSD_STES@DF_FINMARK(4.0),PRT,M,IRLT,PA,_Z,_Z,_Z,_Z,N,2019-09,0.2,A,0,2,
OECD.SDD.STES:DSD_STES@DF_FINMARK(4.0),PRT,M,IRLT,PA,_Z,_Z,_Z,_Z,N,2019-10,0.19,A,0,2,
OECD.SDD.STES:DSD_STES@DF_FINMARK(4.0),PRT,M,IRLT,PA,_Z,_Z,_Z,_Z,N,2019-11,0.35,A,0,2,
OECD.SDD.STES:DSD_STES@DF_FINMARK(4.0),PRT,M,IRLT,PA,_Z,_Z,_Z,_Z,N,2019-12,0.41,A,0,2,
OECD.SDD.STES:DSD_STES@DF_FINMARK(4.0),PRT,M,IRLT,PA,_Z,_Z,_Z,_Z,N,2020-01,0.37,A,0,2,
OECD.SDD.STES:DSD_STES@DF_FINMARK(4.0),PRT,M,IRLT,PA,_Z,_Z,_Z,_Z,N,2020-02,0.25,A,0,2,
OECD.SDD.STES:DSD_STES@DF_FINMARK(4.0),PRT,M,IRLT,PA,_Z,_Z,_Z,_Z,N,2020-03,0.71,A,0,2,
OECD.SDD.STES:DSD_STES@DF_FINMARK(4.0),PRT,M,IRLT,PA,_Z,_Z,_Z,_Z,N,2020-04,0.97,A,0,2,
OECD.SDD.STES:DSD_STES@DF_FINMARK(4.0),PRT,M,IRLT,PA,_Z,_Z,_Z,_Z,N,2020-05,0.81,A,0,2,
OECD.SDD.STES:DSD_STES@DF_FINMARK(4.0),PRT,M,IRLT,PA,_Z,_Z,_Z,_Z,N,2020-06,0.53,A,0,2,
OECD.SDD.STES:DSD_STES@DF_FINMARK(4.0),PRT,M,IRLT,PA,_Z,_Z,_Z,_Z,N,2020-07,0.4,A,0,2,
OECD.SDD.STES:DSD_STES@DF_FINMARK(4.0),PRT,M,IRLT,PA,_Z,_Z,_Z,_Z,N,2020-08,0.36,A,0,2,
OECD.SDD.STES:DSD_STES@DF_FINMARK(4.0),PRT,M,IRLT,PA,_Z,_Z,_Z,_Z,N,2020-09,0.32,A,0,2,
OECD.SDD.STES:DSD_STES@DF_FINMARK(4.0),PRT,M,IRLT,PA,_Z,_Z,_Z,_Z,N,2020-10,0.18,A,0,2,
OECD.SDD.STES:DSD_STES@DF_FINMARK(4.0),PRT,M,IRLT,PA,_Z,_Z,_Z,_Z,N,2020-11,0.07,A,0,2,
OECD.SDD.STES:DSD_STES@DF_FINMARK(4.0),PRT,M,IRLT,PA,_Z,_Z,_Z,_Z,N,2020-12,0.03,A,0,2,
OECD.SDD.STES:DSD_STES@DF_FINMARK(4.0),PRT,M,IRLT,PA,_Z,_Z,_Z,_Z,N,2021-01,0.03,A,0,2,
OECD.SDD.STES:DSD_STES@DF_FINMARK(4.0),PRT,M,IRLT,PA,_Z,_Z,_Z,_Z,N,2021-02,0.16,A,0,2,
OECD.SDD.STES:DSD_STES@DF_FINMARK(4.0),PRT,M,IRLT,PA,_Z,_Z,_Z,_Z,N,2021-03,0.23,A,0,2,
OECD.SDD.STES:DSD_STES@DF_FINMARK(4.0),PRT,M,IRLT,PA,_Z,_Z,_Z,_Z,N,2021-04,0.35,A,0,2,
OECD.SDD.STES:DSD_STES@DF_FINMARK(4.0),PRT,M,IRLT,PA,_Z,_Z,_Z,_Z,N,2021-05,0.53,A,0,2,
OECD.SDD.STES:DSD_STES@DF_FINMARK(4.0),PRT,M,IRLT,PA,_Z,_Z,_Z,_Z,N,2021-06,0.43,A,0,2,
OECD.SDD.STES:DSD_STES@DF_FINMARK(4.0),PRT,M,IRLT,PA,_Z,_Z,_Z,_Z,N,2021-07,0.27,A,0,2,
OECD.SDD.STES:DSD_STES@DF_FINMARK(4.0),PRT,M,IRLT,PA,_Z,_Z,_Z,_Z,N,2021-08,0.14,A,0,2,
OECD.SDD.STES:DSD_STES@DF_FINMARK(4.0),PRT,M,IRLT,PA,_Z,_Z,_Z,_Z,N,2021-09,0.26,A,0,2,
OECD.SDD.STES:DSD_STES@DF_FINMARK(4.0),PRT,M,IRLT,PA,_Z,_Z,_Z,_Z,N,2021-10,0.39,A,0,2,
OECD.SDD.STES:DSD_STES@DF_FINMARK(4.0),PRT,M,IRLT,PA,_Z,_Z,_Z,_Z,N,2021-11,0.39,A,0,2,
OECD.SDD.STES:DSD_STES@DF_FINMARK(4.0),PRT,M,IRLT,PA,_Z,_Z,_Z,_Z,N,2021-12,0.36,A,0,2,
OECD.SDD.STES:DSD_STES@DF_FINMARK(4.0),PRT,M,IRLT,PA,_Z,_Z,_Z,_Z,N,2022-01,0.58,A,0,2,
OECD.SDD.STES:DSD_STES@DF_FINMARK(4.0),PRT,M,IRLT,PA,_Z,_Z,_Z,_Z,N,2022-02,1.06,A,0,2,
OECD.SDD.STES:DSD_STES@DF_FINMARK(4.0),PRT,M,IRLT,PA,_Z,_Z,_Z,_Z,N,2022-03,1.16,A,0,2,
OECD.SDD.STES:DSD_STES@DF_FINMARK(4.0),PRT,M,IRLT,PA,_Z,_Z,_Z,_Z,N,2022-04,1.76,A,0,2,
OECD.SDD.STES:DSD_STES@DF_FINMARK(4.0),PRT,M,IRLT,PA,_Z,_Z,_Z,_Z,N,2022-05,2.14,A,0,2,
OECD.SDD.STES:DSD_STES@DF_FINMARK(4.0),PRT,M,IRLT,PA,_Z,_Z,_Z,_Z,N,2022-06,2.65,A,0,2,
OECD.SDD.STES:DSD_STES@DF_FINMARK(4.0),PRT,M,IRLT,PA,_Z,_Z,_Z,_Z,N,2022-07,2.26,A,0,2,
OECD.SDD.STES:DSD_STES@DF_FINMARK(4.0),PRT,M,IRLT,PA,_Z,_Z,_Z,_Z,N,2022-08,2.16,A,0,2,
OECD.SDD.STES:DSD_STES@DF_FINMARK(4.0),PRT,M,IRLT,PA,_Z,_Z,_Z,_Z,N,2022-09,2.89,A,0,2,
OECD.SDD.STES:DSD_STES@DF_FINMARK(4.0),PRT,M,IRLT,PA,_Z,_Z,_Z,_Z,N,2022-10,3.26,A,0,2,
OECD.SDD.STES:DSD_STES@DF_FINMARK(4.0),PRT,M,IRLT,PA,_Z,_Z,_Z,_Z,N,2022-11,3.02,A,0,2,
OECD.SDD.STES:DSD_STES@DF_FINMARK(4.0),PRT,M,IRLT,PA,_Z,_Z,_Z,_Z,N,2022-12,3.1,A,0,2,
OECD.SDD.STES:DSD_STES@DF_FINMARK(4.0),PRT,M,IRLT,PA,_Z,_Z,_Z,_Z,N,2023-01,3.13,A,0,2,
OECD.SDD.STES:DSD_STES@DF_FINMARK(4.0),PRT,M,IRLT,PA,_Z,_Z,_Z,_Z,N,2023-02,3.27,A,0,2,
OECD.SDD.STES:DSD_STES@DF_FINMARK(4.0),PRT,M,IRLT,PA,_Z,_Z,_Z,_Z,N,2023-03,3.27,A,0,2,
OECD.SDD.STES:DSD_STES@DF_FINMARK(4.0),PRT,M,IRLT,PA,_Z,_Z,_Z,_Z,N,2023-04,3.2,A,0,2,
OECD.SDD.STES:DSD_STES@DF_FINMARK(4.0),PRT,M,IRLT,PA,_Z,_Z,_Z,_Z,N,2023-05,3.16,A,0,2,
OECD.SDD.STES:DSD_STES@DF_FINMARK(4.0),PRT,M,IRLT,PA,_Z,_Z,_Z,_Z,N,2023-06,3.09,A,0,2,
OECD.SDD.STES:DSD_STES@DF_FINMARK(4.0),PRT,M,IRLT,PA,_Z,_Z,_Z,_Z,N,2023-07,3.23,A,0,2,
OECD.SDD.STES:DSD_STES@DF_FINMARK(4.0),PRT,M,IRLT,PA,_Z,_Z,_Z,_Z,N,2023-08,3.31,A,0,2,
OECD.SDD.STES:DSD_STES@DF_FINMARK(4.0),PRT,M,IRLT,PA,_Z,_Z,_Z,_Z,N,2023-09,3.45,A,0,2,
OECD.SDD.STES:DSD_STES@DF_FINMARK(4.0),PRT,M,IRLT,PA,_Z,_Z,_Z,_Z,N,2023-10,3.59,A,0,2,
OECD.SDD.STES:DSD_STES@DF_FINMARK(4.0),PRT,M,IRLT,PA,_Z,_Z,_Z,_Z,N,2023-11,3.3,A,0,2,
OECD.SDD.STES:DSD_STES@DF_FINMARK(4.0),PRT,M,IRLT,PA,_Z,_Z,_Z,_Z,N,2023-12,2.85,A,0,2,
OECD.SDD.STES:DSD_STES@DF_FINMARK(4.0),PRT,M,IRLT,PA,_Z,_Z,_Z,_Z,N,2024-01,2.97,A,0,2,
OECD.SDD.STES:DSD_STES@DF_FINMARK(4.0),PRT,M,IRLT,PA,_Z,_Z,_Z,_Z,N,2024-02,3.06,A,0,2,
OECD.SDD.STES:DSD_STES@DF_FINMARK(4.0),PRT,M,IRLT,PA,_Z,_Z,_Z,_Z,N,2024-03,3.02,A,0,2,
OECD.SDD.STES:DSD_STES@DF_FINMARK(4.0),PRT,M,IRLT,PA,_Z,_Z,_Z,_Z,N,2024-04,3.13,A,0,2,
OECD.SDD.STES:DSD_STES@DF_FINMARK(4.0),PRT,M,IRLT,PA,_Z,_Z,_Z,_Z,N,2024-05,3.16,A,0,2,
OECD.SDD.STES:DSD_STES@DF_FINMARK(4.0),PRT,M,IRLT,PA,_Z,_Z,_Z,_Z,N,2024-06,3.19,A,0,2,
OECD.SDD.STES:DSD_STES@DF_FINMARK(4.0),PRT,M,IRLT,PA,_Z,_Z,_Z,_Z,N,2024-07,3.1,A,0,2,
OECD.SDD.STES:DSD_STES@DF_FINMARK(4.0),PRT,M,IRLT,PA,_Z,_Z,_Z,_Z,N,2024-08,2.88,A,0,2,
OECD.SDD.STES:DSD_STES@DF_FINMARK(4.0),PRT,M,IRLT,PA,_Z,_Z,_Z,_Z,N,2024-09,2.78,A,0,2,
OECD.SDD.STES:DSD_STES@DF_FINMARK(4.0),PRT,M,IRLT,PA,_Z,_Z,_Z,_Z,N,2024-10,2.73,A,0,2,
OECD.SDD.STES:DSD_STES@DF_FINMARK(4.0),PRT,M,IRLT,PA,_Z,_Z,_Z,_Z,N,2024-11,2.79,A,0,2,
OECD.SDD.STES:DSD_STES@DF_FINMARK(4.0),PRT,M,IRLT,PA,_Z,_Z,_Z,_Z,N,2024-12,2.68,A,0,2,
OECD.SDD.STES:DSD_STES@DF_FINMARK(4.0),PRT,M,IRLT,PA,_Z,_Z,_Z,_Z,N,2025-01,2.96,A,0,2,
OECD.SDD.STES:DSD_STES@DF_FINMARK(4.0),PRT,M,IRLT,PA,_Z,_Z,_Z,_Z,N,2025-02,2.95,A,0,2,
OECD.SDD.STES:DSD_STES@DF_FINMARK(4.0),PRT,M,IRLT,PA,_Z,_Z,_Z,_Z,N,2025-03,3.29,A,0,2,
OECD.SDD.STES:DSD_STES@DF_FINMARK(4.0),PRT,M,IRLT,PA,_Z,_Z,_Z,_Z,N,2025-04,3.11,A,0,2,
OECD.SDD.STES:DSD_STES@DF_FINMARK(4.0),PRT,M,IRLT,PA,_Z,_Z,_Z,_Z,N,2025-05,3.08,A,0,2,
OECD.SDD.STES:DSD_STES@DF_FINMARK(4.0),PRT,M,IRLT,PA,_Z,_Z,_Z,_Z,N,2025-06,3.02,A,0,2,
OECD.SDD.STES:DSD_STES@DF_FINMARK(4.0),PRT,M,IRLT,PA,_Z,_Z,_Z,_Z,N,2025-07,3.1,A,0,2,
OECD.SDD.STES:DSD_STES@DF_FINMARK(4.0),PRT,M,IRLT,PA,_Z,_Z,_Z,_Z,N,2025-08,3.12,A,0,2,
OECD.SDD.STES:DSD_STES@DF_FINMARK(4.0),PRT,M,IRLT,PA,_Z,_Z,_Z,_Z,N,2025-09,3.13,A,0,2,
OECD.SDD.STES:DSD_STES@DF_FINMARK(4.0),PRT,M,IRLT,PA,_Z,_Z,_Z,_Z,N,2025-10,3.02,A,0,2,
OECD.SDD.STES:DSD_STES@DF_FINMARK(4.0),PRT,M,IRLT,PA,_Z,_Z,_Z,_Z,N,2025-11,3.02,A,0,2,
OECD.SDD.STES:DSD_STES@DF_FINMARK(4.0),PRT,M,IRLT,PA,_Z,_Z,_Z,_Z,N,2025-12,3.14,A,0,2,
OECD.SDD.STES:DSD_STES@DF_FINMARK(4.0),PRT,M,IRLT,PA,_Z,_Z,_Z,_Z,N,2026-01,3.19,A,0,2,
OECD.SDD.STES:DSD_STES@DF_FINMARK(4.0),PRT,M,IRLT,PA,_Z,_Z,_Z,_Z,N,2026-02,3.13,A,0,2,
OECD.SDD.STES:DSD_STES@DF_FINMARK(4.0),PRT,M,IRLT,PA,_Z,_Z,_Z,_Z,N,2026-03,3.37,A,0,2,
OECD.SDD.STES:DSD_STES@DF_FINMARK(4.0),PRT,M,IRLT,PA,_Z,_Z,_Z,_Z,N,2026-04,3.43,A,0,2,
OECD.SDD.STES:DSD_STES@DF_FINMARK(4.0),PRT,M,IRLT,PA,_Z,_Z,_Z,_Z,N,2026-05,3.42,A,0,2,
OECD.SDD.STES:DSD_STES@DF_FINMARK(4.0),LUX,M,IRLT,PA,_Z,_Z,_Z,_Z,N,2015-01,0.469,A,0,2,
OECD.SDD.STES:DSD_STES@DF_FINMARK(4.0),LUX,M,IRLT,PA,_Z,_Z,_Z,_Z,N,2015-02,0.402,A,0,2,
OECD.SDD.STES:DSD_STES@DF_FINMARK(4.0),LUX,M,IRLT,PA,_Z,_Z,_Z,_Z,N,2015-03,0.161,A,0,2,
OECD.SDD.STES:DSD_STES@DF_FINMARK(4.0),LUX,M,IRLT,PA,_Z,_Z,_Z,_Z,N,2015-04,0.061,A,0,2,
OECD.SDD.STES:DSD_STES@DF_FINMARK(4.0),LUX,M,IRLT,PA,_Z,_Z,_Z,_Z,N,2015-05,0.42,A,0,2,
OECD.SDD.STES:DSD_STES@DF_FINMARK(4.0),LUX,M,IRLT,PA,_Z,_Z,_Z,_Z,N,2015-06,0.649,A,0,2,
OECD.SDD.STES:DSD_STES@DF_FINMARK(4.0),LUX,M,IRLT,PA,_Z,_Z,_Z,_Z,N,2015-07,0.561,A,0,2,
OECD.SDD.STES:DSD_STES@DF_FINMARK(4.0),LUX,M,IRLT,PA,_Z,_Z,_Z,_Z,N,2015-08,0.445,A,0,2,
OECD.SDD.STES:DSD_STES@DF_FINMARK(4.0),LUX,M,IRLT,PA,_Z,_Z,_Z,_Z,N,2015-09,0.426,A,0,2,
OECD.SDD.STES:DSD_STES@DF_FINMARK(4.0),LUX,M,IRLT,PA,_Z,_Z,_Z,_Z,N,2015-10,0.308,A,0,2,
OECD.SDD.STES:DSD_STES@DF_FINMARK(4.0),LUX,M,IRLT,PA,_Z,_Z,_Z,_Z,N,2015-11,0.252,A,0,2,
OECD.SDD.STES:DSD_STES@DF_FINMARK(4.0),LUX,M,IRLT,PA,_Z,_Z,_Z,_Z,N,2015-12,0.271,A,0,2,
OECD.SDD.STES:DSD_STES@DF_FINMARK(4.0),LUX,M,IRLT,PA,_Z,_Z,_Z,_Z,N,2016-01,0.719,A,0,2,
OECD.SDD.STES:DSD_STES@DF_FINMARK(4.0),LUX,M,IRLT,PA,_Z,_Z,_Z,_Z,N,2016-02,0.429,A,0,2,
OECD.SDD.STES:DSD_STES@DF_FINMARK(4.0),LUX,M,IRLT,PA,_Z,_Z,_Z,_Z,N,2016-03,0.415,A,0,2,
OECD.SDD.STES:DSD_STES@DF_FINMARK(4.0),LUX,M,IRLT,PA,_Z,_Z,_Z,_Z,N,2016-04,0.335,A,0,2,
OECD.SDD.STES:DSD_STES@DF_FINMARK(4.0),LUX,M,IRLT,PA,_Z,_Z,_Z,_Z,N,2016-05,0.329,A,0,2,
OECD.SDD.STES:DSD_STES@DF_FINMARK(4.0),LUX,M,IRLT,PA,_Z,_Z,_Z,_Z,N,2016-06,0.171,A,0,2,
OECD.SDD.STES:DSD_STES@DF_FINMARK(4.0),LUX,M,IRLT,PA,_Z,_Z,_Z,_Z,N,2016-07,-0.003,A,0,2,
OECD.SDD.STES:DSD_STES@DF_FINMARK(4.0),LUX,M,IRLT,PA,_Z,_Z,_Z,_Z,N,2016-08,-0.051,A,0,2,
OECD.SDD.STES:DSD_STES@DF_FINMARK(4.0),LUX,M,IRLT,PA,_Z,_Z,_Z,_Z,N,2016-09,-0.026,A,0,2,
OECD.SDD.STES:DSD_STES@DF_FINMARK(4.0),LUX,M,IRLT,PA,_Z,_Z,_Z,_Z,N,2016-10,0.071,A,0,2,
OECD.SDD.STES:DSD_STES@DF_FINMARK(4.0),LUX,M,IRLT,PA,_Z,_Z,_Z,_Z,N,2016-11,0.277,A,0,2,
OECD.SDD.STES:DSD_STES@DF_FINMARK(4.0),LUX,M,IRLT,PA,_Z,_Z,_Z,_Z,N,2016-12,0.385,A,0,2,
OECD.SDD.STES:DSD_STES@DF_FINMARK(4.0),LUX,M,IRLT,PA,_Z,_Z,_Z,_Z,N,2017-01,0.431,A,0,2,
OECD.SDD.STES:DSD_STES@DF_FINMARK(4.0),LUX,M,IRLT,PA,_Z,_Z,_Z,_Z,N,2017-02,0.554,A,0,2,
OECD.SDD.STES:DSD_STES@DF_FINMARK(4.0),LUX,M,IRLT,PA,_Z,_Z,_Z,_Z,N,2017-03,0.599,A,0,2,
OECD.SDD.STES:DSD_STES@DF_FINMARK(4.0),LUX,M,IRLT,PA,_Z,_Z,_Z,_Z,N,2017-04,0.493,A,0,2,
OECD.SDD.STES:DSD_STES@DF_FINMARK(4.0),LUX,M,IRLT,PA,_Z,_Z,_Z,_Z,N,2017-05,0.57,A,0,2,
OECD.SDD.STES:DSD_STES@DF_FINMARK(4.0),LUX,M,IRLT,PA,_Z,_Z,_Z,_Z,N,2017-06,0.519,A,0,2,
OECD.SDD.STES:DSD_STES@DF_FINMARK(4.0),LUX,M,IRLT,PA,_Z,_Z,_Z,_Z,N,2017-07,0.693,A,0,2,
OECD.SDD.STES:DSD_STES@DF_FINMARK(4.0),LUX,M,IRLT,PA,_Z,_Z,_Z,_Z,N,2017-08,0.57,A,0,2,
OECD.SDD.STES:DSD_STES@DF_FINMARK(4.0),LUX,M,IRLT,PA,_Z,_Z,_Z,_Z,N,2017-09,0.554,A,0,2,
OECD.SDD.STES:DSD_STES@DF_FINMARK(4.0),LUX,M,IRLT,PA,_Z,_Z,_Z,_Z,N,2017-10,0.57,A,0,2,
OECD.SDD.STES:DSD_STES@DF_FINMARK(4.0),LUX,M,IRLT,PA,_Z,_Z,_Z,_Z,N,2017-11,0.5,A,0,2,
OECD.SDD.STES:DSD_STES@DF_FINMARK(4.0),LUX,M,IRLT,PA,_Z,_Z,_Z,_Z,N,2017-12,0.485,A,0,2,
OECD.SDD.STES:DSD_STES@DF_FINMARK(4.0),LUX,M,IRLT,PA,_Z,_Z,_Z,_Z,N,2018-01,0.625,A,0,2,
OECD.SDD.STES:DSD_STES@DF_FINMARK(4.0),LUX,M,IRLT,PA,_Z,_Z,_Z,_Z,N,2018-02,0.78,A,0,2,
OECD.SDD.STES:DSD_STES@DF_FINMARK(4.0),LUX,M,IRLT,PA,_Z,_Z,_Z,_Z,N,2018-03,0.68,A,0,2,
OECD.SDD.STES:DSD_STES@DF_FINMARK(4.0),LUX,M,IRLT,PA,_Z,_Z,_Z,_Z,N,2018-04,0.62,A,0,2,
OECD.SDD.STES:DSD_STES@DF_FINMARK(4.0),LUX,M,IRLT,PA,_Z,_Z,_Z,_Z,N,2018-05,0.608,A,0,2,
OECD.SDD.STES:DSD_STES@DF_FINMARK(4.0),LUX,M,IRLT,PA,_Z,_Z,_Z,_Z,N,2018-06,0.537,A,0,2,
OECD.SDD.STES:DSD_STES@DF_FINMARK(4.0),LUX,M,IRLT,PA,_Z,_Z,_Z,_Z,N,2018-07,0.47,A,0,2,
OECD.SDD.STES:DSD_STES@DF_FINMARK(4.0),LUX,M,IRLT,PA,_Z,_Z,_Z,_Z,N,2018-08,0.466,A,0,2,
OECD.SDD.STES:DSD_STES@DF_FINMARK(4.0),LUX,M,IRLT,PA,_Z,_Z,_Z,_Z,N,2018-09,0.509,A,0,2,
OECD.SDD.STES:DSD_STES@DF_FINMARK(4.0),LUX,M,IRLT,PA,_Z,_Z,_Z,_Z,N,2018-10,0.56,A,0,2,
OECD.SDD.STES:DSD_STES@DF_FINMARK(4.0),LUX,M,IRLT,PA,_Z,_Z,_Z,_Z,N,2018-11,0.497,A,0,2,
OECD.SDD.STES:DSD_STES@DF_FINMARK(4.0),LUX,M,IRLT,PA,_Z,_Z,_Z,_Z,N,2018-12,0.424,A,0,2,
OECD.SDD.STES:DSD_STES@DF_FINMARK(4.0),LUX,M,IRLT,PA,_Z,_Z,_Z,_Z,N,2019-01,0.366,A,0,2,
OECD.SDD.STES:DSD_STES@DF_FINMARK(4.0),LUX,M,IRLT,PA,_Z,_Z,_Z,_Z,N,2019-02,0.261,A,0,2,
OECD.SDD.STES:DSD_STES@DF_FINMARK(4.0),LUX,M,IRLT,PA,_Z,_Z,_Z,_Z,N,2019-03,0.168,A,0,2,
OECD.SDD.STES:DSD_STES@DF_FINMARK(4.0),LUX,M,IRLT,PA,_Z,_Z,_Z,_Z,N,2019-04,0.109,A,0,2,
OECD.SDD.STES:DSD_STES@DF_FINMARK(4.0),LUX,M,IRLT,PA,_Z,_Z,_Z,_Z,N,2019-05,0.02,A,0,2,
OECD.SDD.STES:DSD_STES@DF_FINMARK(4.0),LUX,M,IRLT,PA,_Z,_Z,_Z,_Z,N,2019-06,-0.162,A,0,2,
OECD.SDD.STES:DSD_STES@DF_FINMARK(4.0),LUX,M,IRLT,PA,_Z,_Z,_Z,_Z,N,2019-07,-0.276,A,0,2,
OECD.SDD.STES:DSD_STES@DF_FINMARK(4.0),LUX,M,IRLT,PA,_Z,_Z,_Z,_Z,N,2019-08,-0.541,A,0,2,
OECD.SDD.STES:DSD_STES@DF_FINMARK(4.0),LUX,M,IRLT,PA,_Z,_Z,_Z,_Z,N,2019-09,-0.497,A,0,2,
OECD.SDD.STES:DSD_STES@DF_FINMARK(4.0),LUX,M,IRLT,PA,_Z,_Z,_Z,_Z,N,2019-10,-0.395,A,0,2,
OECD.SDD.STES:DSD_STES@DF_FINMARK(4.0),LUX,M,IRLT,PA,_Z,_Z,_Z,_Z,N,2019-11,-0.274,A,0,2,
OECD.SDD.STES:DSD_STES@DF_FINMARK(4.0),LUX,M,IRLT,PA,_Z,_Z,_Z,_Z,N,2019-12,-0.226,A,0,2,
OECD.SDD.STES:DSD_STES@DF_FINMARK(4.0),LUX,M,IRLT,PA,_Z,_Z,_Z,_Z,N,2020-01,-0.252,A,0,2,
OECD.SDD.STES:DSD_STES@DF_FINMARK(4.0),LUX,M,IRLT,PA,_Z,_Z,_Z,_Z,N,2020-02,-0.431,A,0,2,
OECD.SDD.STES:DSD_STES@DF_FINMARK(4.0),LUX,M,IRLT,PA,_Z,_Z,_Z,_Z,N,2020-03,-0.361,A,0,2,
OECD.SDD.STES:DSD_STES@DF_FINMARK(4.0),LUX,M,IRLT,PA,_Z,_Z,_Z,_Z,N,2020-04,-0.247,A,0,2,
OECD.SDD.STES:DSD_STES@DF_FINMARK(4.0),LUX,M,IRLT,PA,_Z,_Z,_Z,_Z,N,2020-05,-0.322,A,0,2,
OECD.SDD.STES:DSD_STES@DF_FINMARK(4.0),LUX,M,IRLT,PA,_Z,_Z,_Z,_Z,N,2020-06,-0.343,A,0,2,
OECD.SDD.STES:DSD_STES@DF_FINMARK(4.0),LUX,M,IRLT,PA,_Z,_Z,_Z,_Z,N,2020-07,-0.43,A,0,2,
OECD.SDD.STES:DSD_STES@DF_FINMARK(4.0),LUX,M,IRLT,PA,_Z,_Z,_Z,_Z,N,2020-08,-0.454,A,0,2,
OECD.SDD.STES:DSD_STES@DF_FINMARK(4.0),LUX,M,IRLT,PA,_Z,_Z,_Z,_Z,N,2020-09,-0.497,A,0,2,
OECD.SDD.STES:DSD_STES@DF_FINMARK(4.0),LUX,M,IRLT,PA,_Z,_Z,_Z,_Z,N,2020-10,-0.541,A,0,2,
OECD.SDD.STES:DSD_STES@DF_FINMARK(4.0),LUX,M,IRLT,PA,_Z,_Z,_Z,_Z,N,2020-11,-0.536,A,0,2,
OECD.SDD.STES:DSD_STES@DF_FINMARK(4.0),LUX,M,IRLT,PA,_Z,_Z,_Z,_Z,N,2020-12,-0.549,A,0,2,
OECD.SDD.STES:DSD_STES@DF_FINMARK(4.0),LUX,M,IRLT,PA,_Z,_Z,_Z,_Z,N,2021-01,-0.535,A,0,2,
OECD.SDD.STES:DSD_STES@DF_FINMARK(4.0),LUX,M,IRLT,PA,_Z,_Z,_Z,_Z,N,2021-02,-0.446,A,0,2,
OECD.SDD.STES:DSD_STES@DF_FINMARK(4.0),LUX,M,IRLT,PA,_Z,_Z,_Z,_Z,N,2021-03,-0.401,A,0,2,
OECD.SDD.STES:DSD_STES@DF_FINMARK(4.0),LUX,M,IRLT,PA,_Z,_Z,_Z,_Z,N,2021-04,-0.376,A,0,2,
OECD.SDD.STES:DSD_STES@DF_FINMARK(4.0),LUX,M,IRLT,PA,_Z,_Z,_Z,_Z,N,2021-05,-0.314,A,0,2,
OECD.SDD.STES:DSD_STES@DF_FINMARK(4.0),LUX,M,IRLT,PA,_Z,_Z,_Z,_Z,N,2021-06,-0.334,A,0,2,
OECD.SDD.STES:DSD_STES@DF_FINMARK(4.0),LUX,M,IRLT,PA,_Z,_Z,_Z,_Z,N,2021-07,-0.401,A,0,2,
OECD.SDD.STES:DSD_STES@DF_FINMARK(4.0),LUX,M,IRLT,PA,_Z,_Z,_Z,_Z,N,2021-08,-0.472,A,0,2,
OECD.SDD.STES:DSD_STES@DF_FINMARK(4.0),LUX,M,IRLT,PA,_Z,_Z,_Z,_Z,N,2021-09,-0.372,A,0,2,
OECD.SDD.STES:DSD_STES@DF_FINMARK(4.0),LUX,M,IRLT,PA,_Z,_Z,_Z,_Z,N,2021-10,-0.199,A,0,2,
OECD.SDD.STES:DSD_STES@DF_FINMARK(4.0),LUX,M,IRLT,PA,_Z,_Z,_Z,_Z,N,2021-11,-0.211,A,0,2,
OECD.SDD.STES:DSD_STES@DF_FINMARK(4.0),LUX,M,IRLT,PA,_Z,_Z,_Z,_Z,N,2021-12,-0.218,A,0,2,
OECD.SDD.STES:DSD_STES@DF_FINMARK(4.0),LUX,M,IRLT,PA,_Z,_Z,_Z,_Z,N,2022-01,-0.039,A,0,2,
OECD.SDD.STES:DSD_STES@DF_FINMARK(4.0),LUX,M,IRLT,PA,_Z,_Z,_Z,_Z,N,2022-02,0.399,A,0,2,
OECD.SDD.STES:DSD_STES@DF_FINMARK(4.0),LUX,M,IRLT,PA,_Z,_Z,_Z,_Z,N,2022-03,0.548,A,0,2,
OECD.SDD.STES:DSD_STES@DF_FINMARK(4.0),LUX,M,IRLT,PA,_Z,_Z,_Z,_Z,N,2022-04,1.389,A,0,2,
OECD.SDD.STES:DSD_STES@DF_FINMARK(4.0),LUX,M,IRLT,PA,_Z,_Z,_Z,_Z,N,2022-05,1.659,A,0,2,
OECD.SDD.STES:DSD_STES@DF_FINMARK(4.0),LUX,M,IRLT,PA,_Z,_Z,_Z,_Z,N,2022-06,2.157,A,0,2,
OECD.SDD.STES:DSD_STES@DF_FINMARK(4.0),LUX,M,IRLT,PA,_Z,_Z,_Z,_Z,N,2022-07,1.853,A,0,2,
OECD.SDD.STES:DSD_STES@DF_FINMARK(4.0),LUX,M,IRLT,PA,_Z,_Z,_Z,_Z,N,2022-08,1.843,A,0,2,
OECD.SDD.STES:DSD_STES@DF_FINMARK(4.0),LUX,M,IRLT,PA,_Z,_Z,_Z,_Z,N,2022-09,2.55,A,0,2,
OECD.SDD.STES:DSD_STES@DF_FINMARK(4.0),LUX,M,IRLT,PA,_Z,_Z,_Z,_Z,N,2022-10,2.994,A,0,2,
OECD.SDD.STES:DSD_STES@DF_FINMARK(4.0),LUX,M,IRLT,PA,_Z,_Z,_Z,_Z,N,2022-11,2.701,A,0,2,
OECD.SDD.STES:DSD_STES@DF_FINMARK(4.0),LUX,M,IRLT,PA,_Z,_Z,_Z,_Z,N,2022-12,2.676,A,0,2,
OECD.SDD.STES:DSD_STES@DF_FINMARK(4.0),LUX,M,IRLT,PA,_Z,_Z,_Z,_Z,N,2023-01,2.7,A,0,2,
OECD.SDD.STES:DSD_STES@DF_FINMARK(4.0),LUX,M,IRLT,PA,_Z,_Z,_Z,_Z,N,2023-02,2.889,A,0,2,
OECD.SDD.STES:DSD_STES@DF_FINMARK(4.0),LUX,M,IRLT,PA,_Z,_Z,_Z,_Z,N,2023-03,2.993,A,0,2,
OECD.SDD.STES:DSD_STES@DF_FINMARK(4.0),LUX,M,IRLT,PA,_Z,_Z,_Z,_Z,N,2023-04,2.96,A,0,2,
OECD.SDD.STES:DSD_STES@DF_FINMARK(4.0),LUX,M,IRLT,PA,_Z,_Z,_Z,_Z,N,2023-05,2.952,A,0,2,
OECD.SDD.STES:DSD_STES@DF_FINMARK(4.0),LUX,M,IRLT,PA,_Z,_Z,_Z,_Z,N,2023-06,2.946,A,0,2,
OECD.SDD.STES:DSD_STES@DF_FINMARK(4.0),LUX,M,IRLT,PA,_Z,_Z,_Z,_Z,N,2023-07,3.033,A,0,2,
OECD.SDD.STES:DSD_STES@DF_FINMARK(4.0),LUX,M,IRLT,PA,_Z,_Z,_Z,_Z,N,2023-08,3.084,A,0,2,
OECD.SDD.STES:DSD_STES@DF_FINMARK(4.0),LUX,M,IRLT,PA,_Z,_Z,_Z,_Z,N,2023-09,3.161,A,0,2,
OECD.SDD.STES:DSD_STES@DF_FINMARK(4.0),LUX,M,IRLT,PA,_Z,_Z,_Z,_Z,N,2023-10,3.318,A,0,2,
OECD.SDD.STES:DSD_STES@DF_FINMARK(4.0),LUX,M,IRLT,PA,_Z,_Z,_Z,_Z,N,2023-11,3.029,A,0,2,
OECD.SDD.STES:DSD_STES@DF_FINMARK(4.0),LUX,M,IRLT,PA,_Z,_Z,_Z,_Z,N,2023-12,2.533,A,0,2,
OECD.SDD.STES:DSD_STES@DF_FINMARK(4.0),LUX,M,IRLT,PA,_Z,_Z,_Z,_Z,N,2024-01,2.613,A,0,2,
OECD.SDD.STES:DSD_STES@DF_FINMARK(4.0),LUX,M,IRLT,PA,_Z,_Z,_Z,_Z,N,2024-02,2.815,A,0,2,
OECD.SDD.STES:DSD_STES@DF_FINMARK(4.0),LUX,M,IRLT,PA,_Z,_Z,_Z,_Z,N,2024-03,2.787,A,0,2,
OECD.SDD.STES:DSD_STES@DF_FINMARK(4.0),LUX,M,IRLT,PA,_Z,_Z,_Z,_Z,N,2024-04,2.904,A,0,2,
OECD.SDD.STES:DSD_STES@DF_FINMARK(4.0),LUX,M,IRLT,PA,_Z,_Z,_Z,_Z,N,2024-05,2.941,A,0,2,
OECD.SDD.STES:DSD_STES@DF_FINMARK(4.0),LUX,M,IRLT,PA,_Z,_Z,_Z,_Z,N,2024-06,2.936,A,0,2,
OECD.SDD.STES:DSD_STES@DF_FINMARK(4.0),LUX,M,IRLT,PA,_Z,_Z,_Z,_Z,N,2024-07,2.901,A,0,2,
OECD.SDD.STES:DSD_STES@DF_FINMARK(4.0),LUX,M,IRLT,PA,_Z,_Z,_Z,_Z,N,2024-08,2.661,A,0,2,
OECD.SDD.STES:DSD_STES@DF_FINMARK(4.0),LUX,M,IRLT,PA,_Z,_Z,_Z,_Z,N,2024-09,2.592,A,0,2,
OECD.SDD.STES:DSD_STES@DF_FINMARK(4.0),LUX,M,IRLT,PA,_Z,_Z,_Z,_Z,N,2024-10,2.652,A,0,2,
OECD.SDD.STES:DSD_STES@DF_FINMARK(4.0),LUX,M,IRLT,PA,_Z,_Z,_Z,_Z,N,2024-11,2.722,A,0,2,
OECD.SDD.STES:DSD_STES@DF_FINMARK(4.0),LUX,M,IRLT,PA,_Z,_Z,_Z,_Z,N,2024-12,2.643,A,0,2,
OECD.SDD.STES:DSD_STES@DF_FINMARK(4.0),LUX,M,IRLT,PA,_Z,_Z,_Z,_Z,N,2025-01,2.9,A,0,2,
OECD.SDD.STES:DSD_STES@DF_FINMARK(4.0),LUX,M,IRLT,PA,_Z,_Z,_Z,_Z,N,2025-02,2.759,A,0,2,
OECD.SDD.STES:DSD_STES@DF_FINMARK(4.0),LUX,M,IRLT,PA,_Z,_Z,_Z,_Z,N,2025-03,3.042,A,0,2,
OECD.SDD.STES:DSD_STES@DF_FINMARK(4.0),LUX,M,IRLT,PA,_Z,_Z,_Z,_Z,N,2025-04,2.871,A,0,2,
OECD.SDD.STES:DSD_STES@DF_FINMARK(4.0),LUX,M,IRLT,PA,_Z,_Z,_Z,_Z,N,2025-05,2.882,A,0,2,
OECD.SDD.STES:DSD_STES@DF_FINMARK(4.0),LUX,M,IRLT,PA,_Z,_Z,_Z,_Z,N,2025-06,2.875,A,0,2,
OECD.SDD.STES:DSD_STES@DF_FINMARK(4.0),LUX,M,IRLT,PA,_Z,_Z,_Z,_Z,N,2025-07,2.915,A,0,2,
OECD.SDD.STES:DSD_STES@DF_FINMARK(4.0),LUX,M,IRLT,PA,_Z,_Z,_Z,_Z,N,2025-08,2.889,A,0,2,
OECD.SDD.STES:DSD_STES@DF_FINMARK(4.0),LUX,M,IRLT,PA,_Z,_Z,_Z,_Z,N,2025-09,2.925,A,0,2,
OECD.SDD.STES:DSD_STES@DF_FINMARK(4.0),LUX,M,IRLT,PA,_Z,_Z,_Z,_Z,N,2025-10,2.892,A,0,2,
OECD.SDD.STES:DSD_STES@DF_FINMARK(4.0),LUX,M,IRLT,PA,_Z,_Z,_Z,_Z,N,2025-11,2.949,A,0,2,
OECD.SDD.STES:DSD_STES@DF_FINMARK(4.0),LUX,M,IRLT,PA,_Z,_Z,_Z,_Z,N,2025-12,3.102,A,0,2,
OECD.SDD.STES:DSD_STES@DF_FINMARK(4.0),LUX,M,IRLT,PA,_Z,_Z,_Z,_Z,N,2026-01,3.051,A,0,2,
OECD.SDD.STES:DSD_STES@DF_FINMARK(4.0),LUX,M,IRLT,PA,_Z,_Z,_Z,_Z,N,2026-02,2.928,A,0,2,
OECD.SDD.STES:DSD_STES@DF_FINMARK(4.0),LUX,M,IRLT,PA,_Z,_Z,_Z,_Z,N,2026-03,3.119,A,0,2,
OECD.SDD.STES:DSD_STES@DF_FINMARK(4.0),LUX,M,IRLT,PA,_Z,_Z,_Z,_Z,N,2026-04,3.244,A,0,2,
OECD.SDD.STES:DSD_STES@DF_FINMARK(4.0),LUX,M,IRLT,PA,_Z,_Z,_Z,_Z,N,2026-05,3.267,A,0,2,
OECD.SDD.STES:DSD_STES@DF_FINMARK(4.0),BRA,M,IRLT,PA,_Z,_Z,_Z,_Z,N,2015-01,5.5,A,0,2,
OECD.SDD.STES:DSD_STES@DF_FINMARK(4.0),BRA,M,IRLT,PA,_Z,_Z,_Z,_Z,N,2015-02,5.5,A,0,2,
OECD.SDD.STES:DSD_STES@DF_FINMARK(4.0),BRA,M,IRLT,PA,_Z,_Z,_Z,_Z,N,2015-03,5.5,A,0,2,
OECD.SDD.STES:DSD_STES@DF_FINMARK(4.0),BRA,M,IRLT,PA,_Z,_Z,_Z,_Z,N,2015-04,6,A,0,2,
OECD.SDD.STES:DSD_STES@DF_FINMARK(4.0),BRA,M,IRLT,PA,_Z,_Z,_Z,_Z,N,2015-05,6,A,0,2,
OECD.SDD.STES:DSD_STES@DF_FINMARK(4.0),BRA,M,IRLT,PA,_Z,_Z,_Z,_Z,N,2015-06,6,A,0,2,
OECD.SDD.STES:DSD_STES@DF_FINMARK(4.0),BRA,M,IRLT,PA,_Z,_Z,_Z,_Z,N,2015-07,6.5,A,0,2,
OECD.SDD.STES:DSD_STES@DF_FINMARK(4.0),BRA,M,IRLT,PA,_Z,_Z,_Z,_Z,N,2015-08,6.5,A,0,2,
OECD.SDD.STES:DSD_STES@DF_FINMARK(4.0),BRA,M,IRLT,PA,_Z,_Z,_Z,_Z,N,2015-09,6.5,A,0,2,
OECD.SDD.STES:DSD_STES@DF_FINMARK(4.0),BRA,M,IRLT,PA,_Z,_Z,_Z,_Z,N,2015-10,7,A,0,2,
OECD.SDD.STES:DSD_STES@DF_FINMARK(4.0),BRA,M,IRLT,PA,_Z,_Z,_Z,_Z,N,2015-11,7,A,0,2,
OECD.SDD.STES:DSD_STES@DF_FINMARK(4.0),BRA,M,IRLT,PA,_Z,_Z,_Z,_Z,N,2015-12,7,A,0,2,
OECD.SDD.STES:DSD_STES@DF_FINMARK(4.0),BRA,M,IRLT,PA,_Z,_Z,_Z,_Z,N,2016-01,7.5,A,0,2,
OECD.SDD.STES:DSD_STES@DF_FINMARK(4.0),BRA,M,IRLT,PA,_Z,_Z,_Z,_Z,N,2016-02,7.5,A,0,2,
OECD.SDD.STES:DSD_STES@DF_FINMARK(4.0),BRA,M,IRLT,PA,_Z,_Z,_Z,_Z,N,2016-03,7.5,A,0,2,
OECD.SDD.STES:DSD_STES@DF_FINMARK(4.0),BRA,M,IRLT,PA,_Z,_Z,_Z,_Z,N,2016-04,7.5,A,0,2,
OECD.SDD.STES:DSD_STES@DF_FINMARK(4.0),BRA,M,IRLT,PA,_Z,_Z,_Z,_Z,N,2016-05,7.5,A,0,2,
OECD.SDD.STES:DSD_STES@DF_FINMARK(4.0),BRA,M,IRLT,PA,_Z,_Z,_Z,_Z,N,2016-06,7.5,A,0,2,
OECD.SDD.STES:DSD_STES@DF_FINMARK(4.0),BRA,M,IRLT,PA,_Z,_Z,_Z,_Z,N,2016-07,7.5,A,0,2,
OECD.SDD.STES:DSD_STES@DF_FINMARK(4.0),BRA,M,IRLT,PA,_Z,_Z,_Z,_Z,N,2016-08,7.5,A,0,2,
OECD.SDD.STES:DSD_STES@DF_FINMARK(4.0),BRA,M,IRLT,PA,_Z,_Z,_Z,_Z,N,2016-09,7.5,A,0,2,
OECD.SDD.STES:DSD_STES@DF_FINMARK(4.0),BRA,M,IRLT,PA,_Z,_Z,_Z,_Z,N,2016-10,7.5,A,0,2,
OECD.SDD.STES:DSD_STES@DF_FINMARK(4.0),BRA,M,IRLT,PA,_Z,_Z,_Z,_Z,N,2016-11,7.5,A,0,2,
OECD.SDD.STES:DSD_STES@DF_FINMARK(4.0),BRA,M,IRLT,PA,_Z,_Z,_Z,_Z,N,2016-12,7.5,A,0,2,
OECD.SDD.STES:DSD_STES@DF_FINMARK(4.0),BRA,M,IRLT,PA,_Z,_Z,_Z,_Z,N,2017-01,7.5,A,0,2,
OECD.SDD.STES:DSD_STES@DF_FINMARK(4.0),BRA,M,IRLT,PA,_Z,_Z,_Z,_Z,N,2017-02,7.5,A,0,2,
OECD.SDD.STES:DSD_STES@DF_FINMARK(4.0),BRA,M,IRLT,PA,_Z,_Z,_Z,_Z,N,2017-03,7.5,A,0,2,
OECD.SDD.STES:DSD_STES@DF_FINMARK(4.0),BRA,M,IRLT,PA,_Z,_Z,_Z,_Z,N,2017-04,7,A,0,2,
OECD.SDD.STES:DSD_STES@DF_FINMARK(4.0),BRA,M,IRLT,PA,_Z,_Z,_Z,_Z,N,2017-05,7,A,0,2,
OECD.SDD.STES:DSD_STES@DF_FINMARK(4.0),BRA,M,IRLT,PA,_Z,_Z,_Z,_Z,N,2017-06,7,A,0,2,
OECD.SDD.STES:DSD_STES@DF_FINMARK(4.0),BRA,M,IRLT,PA,_Z,_Z,_Z,_Z,N,2017-07,7,A,0,2,
OECD.SDD.STES:DSD_STES@DF_FINMARK(4.0),BRA,M,IRLT,PA,_Z,_Z,_Z,_Z,N,2017-08,7,A,0,2,
OECD.SDD.STES:DSD_STES@DF_FINMARK(4.0),BRA,M,IRLT,PA,_Z,_Z,_Z,_Z,N,2017-09,7,A,0,2,
OECD.SDD.STES:DSD_STES@DF_FINMARK(4.0),BRA,M,IRLT,PA,_Z,_Z,_Z,_Z,N,2017-10,7,A,0,2,
OECD.SDD.STES:DSD_STES@DF_FINMARK(4.0),BRA,M,IRLT,PA,_Z,_Z,_Z,_Z,N,2017-11,7,A,0,2,
OECD.SDD.STES:DSD_STES@DF_FINMARK(4.0),BRA,M,IRLT,PA,_Z,_Z,_Z,_Z,N,2017-12,7,A,0,2,
OECD.SDD.STES:DSD_STES@DF_FINMARK(4.0),BRA,M,IRLT,PA,_Z,_Z,_Z,_Z,N,2018-01,6.75,A,0,2,
OECD.SDD.STES:DSD_STES@DF_FINMARK(4.0),BRA,M,IRLT,PA,_Z,_Z,_Z,_Z,N,2018-02,6.75,A,0,2,
OECD.SDD.STES:DSD_STES@DF_FINMARK(4.0),BRA,M,IRLT,PA,_Z,_Z,_Z,_Z,N,2018-03,6.75,A,0,2,
OECD.SDD.STES:DSD_STES@DF_FINMARK(4.0),BRA,M,IRLT,PA,_Z,_Z,_Z,_Z,N,2018-04,6.6,A,0,2,
OECD.SDD.STES:DSD_STES@DF_FINMARK(4.0),BRA,M,IRLT,PA,_Z,_Z,_Z,_Z,N,2018-05,6.6,A,0,2,
OECD.SDD.STES:DSD_STES@DF_FINMARK(4.0),BRA,M,IRLT,PA,_Z,_Z,_Z,_Z,N,2018-06,6.6,A,0,2,
OECD.SDD.STES:DSD_STES@DF_FINMARK(4.0),BRA,M,IRLT,PA,_Z,_Z,_Z,_Z,N,2018-07,6.56,A,0,2,
OECD.SDD.STES:DSD_STES@DF_FINMARK(4.0),BRA,M,IRLT,PA,_Z,_Z,_Z,_Z,N,2018-08,6.56,A,0,2,
OECD.SDD.STES:DSD_STES@DF_FINMARK(4.0),BRA,M,IRLT,PA,_Z,_Z,_Z,_Z,N,2018-09,6.56,A,0,2,
OECD.SDD.STES:DSD_STES@DF_FINMARK(4.0),BRA,M,IRLT,PA,_Z,_Z,_Z,_Z,N,2018-10,6.98,A,0,2,
OECD.SDD.STES:DSD_STES@DF_FINMARK(4.0),BRA,M,IRLT,PA,_Z,_Z,_Z,_Z,N,2018-11,6.98,A,0,2,
OECD.SDD.STES:DSD_STES@DF_FINMARK(4.0),BRA,M,IRLT,PA,_Z,_Z,_Z,_Z,N,2018-12,6.98,A,0,2,
OECD.SDD.STES:DSD_STES@DF_FINMARK(4.0),BRA,M,IRLT,PA,_Z,_Z,_Z,_Z,N,2019-01,7.03,A,0,2,
OECD.SDD.STES:DSD_STES@DF_FINMARK(4.0),BRA,M,IRLT,PA,_Z,_Z,_Z,_Z,N,2019-02,7.03,A,0,2,
OECD.SDD.STES:DSD_STES@DF_FINMARK(4.0),BRA,M,IRLT,PA,_Z,_Z,_Z,_Z,N,2019-03,7.03,A,0,2,
OECD.SDD.STES:DSD_STES@DF_FINMARK(4.0),BRA,M,IRLT,PA,_Z,_Z,_Z,_Z,N,2019-04,6.26,A,0,2,
OECD.SDD.STES:DSD_STES@DF_FINMARK(4.0),BRA,M,IRLT,PA,_Z,_Z,_Z,_Z,N,2019-05,6.26,A,0,2,
OECD.SDD.STES:DSD_STES@DF_FINMARK(4.0),BRA,M,IRLT,PA,_Z,_Z,_Z,_Z,N,2019-06,6.26,A,0,2,
OECD.SDD.STES:DSD_STES@DF_FINMARK(4.0),BRA,M,IRLT,PA,_Z,_Z,_Z,_Z,N,2019-07,5.95,A,0,2,
OECD.SDD.STES:DSD_STES@DF_FINMARK(4.0),BRA,M,IRLT,PA,_Z,_Z,_Z,_Z,N,2019-08,5.95,A,0,2,
OECD.SDD.STES:DSD_STES@DF_FINMARK(4.0),BRA,M,IRLT,PA,_Z,_Z,_Z,_Z,N,2019-09,5.95,A,0,2,
OECD.SDD.STES:DSD_STES@DF_FINMARK(4.0),BRA,M,IRLT,PA,_Z,_Z,_Z,_Z,N,2019-10,5.57,A,0,2,
OECD.SDD.STES:DSD_STES@DF_FINMARK(4.0),BRA,M,IRLT,PA,_Z,_Z,_Z,_Z,N,2019-11,5.57,A,0,2,
OECD.SDD.STES:DSD_STES@DF_FINMARK(4.0),BRA,M,IRLT,PA,_Z,_Z,_Z,_Z,N,2019-12,5.57,A,0,2,
OECD.SDD.STES:DSD_STES@DF_FINMARK(4.0),BRA,M,IRLT,PA,_Z,_Z,_Z,_Z,N,2020-01,5.09,A,0,2,
OECD.SDD.STES:DSD_STES@DF_FINMARK(4.0),BRA,M,IRLT,PA,_Z,_Z,_Z,_Z,N,2020-02,5.09,A,0,2,
OECD.SDD.STES:DSD_STES@DF_FINMARK(4.0),BRA,M,IRLT,PA,_Z,_Z,_Z,_Z,N,2020-03,5.09,A,0,2,
OECD.SDD.STES:DSD_STES@DF_FINMARK(4.0),BRA,M,IRLT,PA,_Z,_Z,_Z,_Z,N,2020-04,4.94,A,0,2,
OECD.SDD.STES:DSD_STES@DF_FINMARK(4.0),BRA,M,IRLT,PA,_Z,_Z,_Z,_Z,N,2020-05,4.94,A,0,2,
OECD.SDD.STES:DSD_STES@DF_FINMARK(4.0),BRA,M,IRLT,PA,_Z,_Z,_Z,_Z,N,2020-06,4.94,A,0,2,
OECD.SDD.STES:DSD_STES@DF_FINMARK(4.0),BRA,M,IRLT,PA,_Z,_Z,_Z,_Z,N,2020-07,4.91,A,0,2,
OECD.SDD.STES:DSD_STES@DF_FINMARK(4.0),BRA,M,IRLT,PA,_Z,_Z,_Z,_Z,N,2020-08,4.91,A,0,2,
OECD.SDD.STES:DSD_STES@DF_FINMARK(4.0),BRA,M,IRLT,PA,_Z,_Z,_Z,_Z,N,2020-09,4.91,A,0,2,
OECD.SDD.STES:DSD_STES@DF_FINMARK(4.0),BRA,M,IRLT,PA,_Z,_Z,_Z,_Z,N,2020-10,4.55,A,0,2,
OECD.SDD.STES:DSD_STES@DF_FINMARK(4.0),BRA,M,IRLT,PA,_Z,_Z,_Z,_Z,N,2020-11,4.55,A,0,2,
OECD.SDD.STES:DSD_STES@DF_FINMARK(4.0),BRA,M,IRLT,PA,_Z,_Z,_Z,_Z,N,2020-12,4.55,A,0,2,
OECD.SDD.STES:DSD_STES@DF_FINMARK(4.0),BRA,M,IRLT,PA,_Z,_Z,_Z,_Z,N,2021-01,4.39,A,0,2,
OECD.SDD.STES:DSD_STES@DF_FINMARK(4.0),BRA,M,IRLT,PA,_Z,_Z,_Z,_Z,N,2021-02,4.39,A,0,2,
OECD.SDD.STES:DSD_STES@DF_FINMARK(4.0),BRA,M,IRLT,PA,_Z,_Z,_Z,_Z,N,2021-03,4.39,A,0,2,
OECD.SDD.STES:DSD_STES@DF_FINMARK(4.0),BRA,M,IRLT,PA,_Z,_Z,_Z,_Z,N,2021-04,4.61,A,0,2,
OECD.SDD.STES:DSD_STES@DF_FINMARK(4.0),BRA,M,IRLT,PA,_Z,_Z,_Z,_Z,N,2021-05,4.61,A,0,2,
OECD.SDD.STES:DSD_STES@DF_FINMARK(4.0),BRA,M,IRLT,PA,_Z,_Z,_Z,_Z,N,2021-06,4.61,A,0,2,
OECD.SDD.STES:DSD_STES@DF_FINMARK(4.0),BRA,M,IRLT,PA,_Z,_Z,_Z,_Z,N,2021-07,4.88,A,0,2,
OECD.SDD.STES:DSD_STES@DF_FINMARK(4.0),BRA,M,IRLT,PA,_Z,_Z,_Z,_Z,N,2021-08,4.88,A,0,2,
OECD.SDD.STES:DSD_STES@DF_FINMARK(4.0),BRA,M,IRLT,PA,_Z,_Z,_Z,_Z,N,2021-09,4.88,A,0,2,
OECD.SDD.STES:DSD_STES@DF_FINMARK(4.0),BRA,M,IRLT,PA,_Z,_Z,_Z,_Z,N,2021-10,5.32,A,0,2,
OECD.SDD.STES:DSD_STES@DF_FINMARK(4.0),BRA,M,IRLT,PA,_Z,_Z,_Z,_Z,N,2021-11,5.32,A,0,2,
OECD.SDD.STES:DSD_STES@DF_FINMARK(4.0),BRA,M,IRLT,PA,_Z,_Z,_Z,_Z,N,2021-12,5.32,A,0,2,
OECD.SDD.STES:DSD_STES@DF_FINMARK(4.0),BRA,M,IRLT,PA,_Z,_Z,_Z,_Z,N,2022-01,6.08,A,0,2,
OECD.SDD.STES:DSD_STES@DF_FINMARK(4.0),BRA,M,IRLT,PA,_Z,_Z,_Z,_Z,N,2022-02,6.08,A,0,2,
OECD.SDD.STES:DSD_STES@DF_FINMARK(4.0),BRA,M,IRLT,PA,_Z,_Z,_Z,_Z,N,2022-03,6.08,A,0,2,
OECD.SDD.STES:DSD_STES@DF_FINMARK(4.0),BRA,M,IRLT,PA,_Z,_Z,_Z,_Z,N,2022-04,6.82,A,0,2,
OECD.SDD.STES:DSD_STES@DF_FINMARK(4.0),BRA,M,IRLT,PA,_Z,_Z,_Z,_Z,N,2022-05,6.82,A,0,2,
OECD.SDD.STES:DSD_STES@DF_FINMARK(4.0),BRA,M,IRLT,PA,_Z,_Z,_Z,_Z,N,2022-06,6.82,A,0,2,
OECD.SDD.STES:DSD_STES@DF_FINMARK(4.0),BRA,M,IRLT,PA,_Z,_Z,_Z,_Z,N,2022-07,7.01,A,0,2,
OECD.SDD.STES:DSD_STES@DF_FINMARK(4.0),BRA,M,IRLT,PA,_Z,_Z,_Z,_Z,N,2022-08,7.01,A,0,2,
OECD.SDD.STES:DSD_STES@DF_FINMARK(4.0),BRA,M,IRLT,PA,_Z,_Z,_Z,_Z,N,2022-09,7.01,A,0,2,
OECD.SDD.STES:DSD_STES@DF_FINMARK(4.0),BRA,M,IRLT,PA,_Z,_Z,_Z,_Z,N,2022-10,7.2,A,0,2,
OECD.SDD.STES:DSD_STES@DF_FINMARK(4.0),BRA,M,IRLT,PA,_Z,_Z,_Z,_Z,N,2022-11,7.2,A,0,2,
OECD.SDD.STES:DSD_STES@DF_FINMARK(4.0),BRA,M,IRLT,PA,_Z,_Z,_Z,_Z,N,2022-12,7.2,A,0,2,
OECD.SDD.STES:DSD_STES@DF_FINMARK(4.0),BRA,M,IRLT,PA,_Z,_Z,_Z,_Z,N,2023-01,7.37,A,0,2,
OECD.SDD.STES:DSD_STES@DF_FINMARK(4.0),BRA,M,IRLT,PA,_Z,_Z,_Z,_Z,N,2023-02,7.37,A,0,2,
OECD.SDD.STES:DSD_STES@DF_FINMARK(4.0),BRA,M,IRLT,PA,_Z,_Z,_Z,_Z,N,2023-03,7.37,A,0,2,
OECD.SDD.STES:DSD_STES@DF_FINMARK(4.0),BRA,M,IRLT,PA,_Z,_Z,_Z,_Z,N,2023-04,7.28,A,0,2,
OECD.SDD.STES:DSD_STES@DF_FINMARK(4.0),BRA,M,IRLT,PA,_Z,_Z,_Z,_Z,N,2023-05,7.28,A,0,2,
OECD.SDD.STES:DSD_STES@DF_FINMARK(4.0),BRA,M,IRLT,PA,_Z,_Z,_Z,_Z,N,2023-06,7.28,A,0,2,
OECD.SDD.STES:DSD_STES@DF_FINMARK(4.0),BRA,M,IRLT,PA,_Z,_Z,_Z,_Z,N,2023-07,7,A,0,2,
OECD.SDD.STES:DSD_STES@DF_FINMARK(4.0),BRA,M,IRLT,PA,_Z,_Z,_Z,_Z,N,2023-08,7,A,0,2,
OECD.SDD.STES:DSD_STES@DF_FINMARK(4.0),BRA,M,IRLT,PA,_Z,_Z,_Z,_Z,N,2023-09,7,A,0,2,
OECD.SDD.STES:DSD_STES@DF_FINMARK(4.0),BRA,M,IRLT,PA,_Z,_Z,_Z,_Z,N,2023-10,6.55,A,0,2,
OECD.SDD.STES:DSD_STES@DF_FINMARK(4.0),BRA,M,IRLT,PA,_Z,_Z,_Z,_Z,N,2023-11,6.55,A,0,2,
OECD.SDD.STES:DSD_STES@DF_FINMARK(4.0),BRA,M,IRLT,PA,_Z,_Z,_Z,_Z,N,2023-12,6.55,A,0,2,
OECD.SDD.STES:DSD_STES@DF_FINMARK(4.0),BRA,M,IRLT,PA,_Z,_Z,_Z,_Z,N,2024-01,6.53,A,0,2,
OECD.SDD.STES:DSD_STES@DF_FINMARK(4.0),BRA,M,IRLT,PA,_Z,_Z,_Z,_Z,N,2024-02,6.53,A,0,2,
OECD.SDD.STES:DSD_STES@DF_FINMARK(4.0),BRA,M,IRLT,PA,_Z,_Z,_Z,_Z,N,2024-03,6.53,A,0,2,
OECD.SDD.STES:DSD_STES@DF_FINMARK(4.0),BRA,M,IRLT,PA,_Z,_Z,_Z,_Z,N,2024-04,6.67,A,0,2,
OECD.SDD.STES:DSD_STES@DF_FINMARK(4.0),BRA,M,IRLT,PA,_Z,_Z,_Z,_Z,N,2024-05,6.67,A,0,2,
OECD.SDD.STES:DSD_STES@DF_FINMARK(4.0),BRA,M,IRLT,PA,_Z,_Z,_Z,_Z,N,2024-06,6.67,A,0,2,
OECD.SDD.STES:DSD_STES@DF_FINMARK(4.0),BRA,M,IRLT,PA,_Z,_Z,_Z,_Z,N,2024-07,6.91,A,0,2,
OECD.SDD.STES:DSD_STES@DF_FINMARK(4.0),BRA,M,IRLT,PA,_Z,_Z,_Z,_Z,N,2024-08,6.91,A,0,2,
OECD.SDD.STES:DSD_STES@DF_FINMARK(4.0),BRA,M,IRLT,PA,_Z,_Z,_Z,_Z,N,2024-09,6.91,A,0,2,
OECD.SDD.STES:DSD_STES@DF_FINMARK(4.0),BRA,M,IRLT,PA,_Z,_Z,_Z,_Z,N,2024-10,7.43,A,0,2,
OECD.SDD.STES:DSD_STES@DF_FINMARK(4.0),BRA,M,IRLT,PA,_Z,_Z,_Z,_Z,N,2024-11,7.43,A,0,2,
OECD.SDD.STES:DSD_STES@DF_FINMARK(4.0),BRA,M,IRLT,PA,_Z,_Z,_Z,_Z,N,2024-12,7.43,A,0,2,
OECD.SDD.STES:DSD_STES@DF_FINMARK(4.0),BRA,M,IRLT,PA,_Z,_Z,_Z,_Z,N,2025-01,7.97,A,0,2,
OECD.SDD.STES:DSD_STES@DF_FINMARK(4.0),BRA,M,IRLT,PA,_Z,_Z,_Z,_Z,N,2025-02,7.97,A,0,2,
OECD.SDD.STES:DSD_STES@DF_FINMARK(4.0),BRA,M,IRLT,PA,_Z,_Z,_Z,_Z,N,2025-03,7.97,A,0,2,
OECD.SDD.STES:DSD_STES@DF_FINMARK(4.0),BRA,M,IRLT,PA,_Z,_Z,_Z,_Z,N,2025-04,8.65,A,0,2,
OECD.SDD.STES:DSD_STES@DF_FINMARK(4.0),BRA,M,IRLT,PA,_Z,_Z,_Z,_Z,N,2025-05,8.65,A,0,2,
OECD.SDD.STES:DSD_STES@DF_FINMARK(4.0),BRA,M,IRLT,PA,_Z,_Z,_Z,_Z,N,2025-06,8.65,A,0,2,
OECD.SDD.STES:DSD_STES@DF_FINMARK(4.0),BRA,M,IRLT,PA,_Z,_Z,_Z,_Z,N,2025-07,8.96,A,0,2,
OECD.SDD.STES:DSD_STES@DF_FINMARK(4.0),BRA,M,IRLT,PA,_Z,_Z,_Z,_Z,N,2025-08,8.96,A,0,2,
OECD.SDD.STES:DSD_STES@DF_FINMARK(4.0),BRA,M,IRLT,PA,_Z,_Z,_Z,_Z,N,2025-09,8.96,A,0,2,
OECD.SDD.STES:DSD_STES@DF_FINMARK(4.0),BRA,M,IRLT,PA,_Z,_Z,_Z,_Z,N,2025-10,9.07,A,0,2,
OECD.SDD.STES:DSD_STES@DF_FINMARK(4.0),BRA,M,IRLT,PA,_Z,_Z,_Z,_Z,N,2025-11,9.07,A,0,2,
OECD.SDD.STES:DSD_STES@DF_FINMARK(4.0),BRA,M,IRLT,PA,_Z,_Z,_Z,_Z,N,2025-12,9.07,A,0,2,
OECD.SDD.STES:DSD_STES@DF_FINMARK(4.0),BRA,M,IRLT,PA,_Z,_Z,_Z,_Z,N,2026-01,9.19,A,0,2,
OECD.SDD.STES:DSD_STES@DF_FINMARK(4.0),BRA,M,IRLT,PA,_Z,_Z,_Z,_Z,N,2026-02,9.19,A,0,2,
OECD.SDD.STES:DSD_STES@DF_FINMARK(4.0),BRA,M,IRLT,PA,_Z,_Z,_Z,_Z,N,2026-03,9.19,A,0,2,
OECD.SDD.STES:DSD_STES@DF_FINMARK(4.0),BRA,M,IRLT,PA,_Z,_Z,_Z,_Z,N,2026-04,9.13,A,0,2,
OECD.SDD.STES:DSD_STES@DF_FINMARK(4.0),BRA,M,IRLT,PA,_Z,_Z,_Z,_Z,N,2026-05,9.13,A,0,2,
OECD.SDD.STES:DSD_STES@DF_FINMARK(4.0),ISR,M,IRLT,PA,_Z,_Z,_Z,_Z,N,2015-01,1.96,A,0,2,
OECD.SDD.STES:DSD_STES@DF_FINMARK(4.0),ISR,M,IRLT,PA,_Z,_Z,_Z,_Z,N,2015-02,1.77,A,0,2,
OECD.SDD.STES:DSD_STES@DF_FINMARK(4.0),ISR,M,IRLT,PA,_Z,_Z,_Z,_Z,N,2015-03,1.61,A,0,2,
OECD.SDD.STES:DSD_STES@DF_FINMARK(4.0),ISR,M,IRLT,PA,_Z,_Z,_Z,_Z,N,2015-04,1.45,A,0,2,
OECD.SDD.STES:DSD_STES@DF_FINMARK(4.0),ISR,M,IRLT,PA,_Z,_Z,_Z,_Z,N,2015-05,2.02,A,0,2,
OECD.SDD.STES:DSD_STES@DF_FINMARK(4.0),ISR,M,IRLT,PA,_Z,_Z,_Z,_Z,N,2015-06,2.44,A,0,2,
OECD.SDD.STES:DSD_STES@DF_FINMARK(4.0),ISR,M,IRLT,PA,_Z,_Z,_Z,_Z,N,2015-07,2.47,A,0,2,
OECD.SDD.STES:DSD_STES@DF_FINMARK(4.0),ISR,M,IRLT,PA,_Z,_Z,_Z,_Z,N,2015-08,2.28,A,0,2,
OECD.SDD.STES:DSD_STES@DF_FINMARK(4.0),ISR,M,IRLT,PA,_Z,_Z,_Z,_Z,N,2015-09,2.32,A,0,2,
OECD.SDD.STES:DSD_STES@DF_FINMARK(4.0),ISR,M,IRLT,PA,_Z,_Z,_Z,_Z,N,2015-10,2.13,A,0,2,
OECD.SDD.STES:DSD_STES@DF_FINMARK(4.0),ISR,M,IRLT,PA,_Z,_Z,_Z,_Z,N,2015-11,2.19,A,0,2,
OECD.SDD.STES:DSD_STES@DF_FINMARK(4.0),ISR,M,IRLT,PA,_Z,_Z,_Z,_Z,N,2015-12,2.2,A,0,2,
OECD.SDD.STES:DSD_STES@DF_FINMARK(4.0),ISR,M,IRLT,PA,_Z,_Z,_Z,_Z,N,2016-01,2.04,A,0,2,
OECD.SDD.STES:DSD_STES@DF_FINMARK(4.0),ISR,M,IRLT,PA,_Z,_Z,_Z,_Z,N,2016-02,1.86,A,0,2,
OECD.SDD.STES:DSD_STES@DF_FINMARK(4.0),ISR,M,IRLT,PA,_Z,_Z,_Z,_Z,N,2016-03,1.92,A,0,2,
OECD.SDD.STES:DSD_STES@DF_FINMARK(4.0),ISR,M,IRLT,PA,_Z,_Z,_Z,_Z,N,2016-04,1.84,A,0,2,
OECD.SDD.STES:DSD_STES@DF_FINMARK(4.0),ISR,M,IRLT,PA,_Z,_Z,_Z,_Z,N,2016-05,1.82,A,0,2,
OECD.SDD.STES:DSD_STES@DF_FINMARK(4.0),ISR,M,IRLT,PA,_Z,_Z,_Z,_Z,N,2016-06,1.76,A,0,2,
OECD.SDD.STES:DSD_STES@DF_FINMARK(4.0),ISR,M,IRLT,PA,_Z,_Z,_Z,_Z,N,2016-07,1.69,A,0,2,
OECD.SDD.STES:DSD_STES@DF_FINMARK(4.0),ISR,M,IRLT,PA,_Z,_Z,_Z,_Z,N,2016-08,1.74,A,0,2,
OECD.SDD.STES:DSD_STES@DF_FINMARK(4.0),ISR,M,IRLT,PA,_Z,_Z,_Z,_Z,N,2016-09,1.77,A,0,2,
OECD.SDD.STES:DSD_STES@DF_FINMARK(4.0),ISR,M,IRLT,PA,_Z,_Z,_Z,_Z,N,2016-10,1.84,A,0,2,
OECD.SDD.STES:DSD_STES@DF_FINMARK(4.0),ISR,M,IRLT,PA,_Z,_Z,_Z,_Z,N,2016-11,2.07,A,0,2,
OECD.SDD.STES:DSD_STES@DF_FINMARK(4.0),ISR,M,IRLT,PA,_Z,_Z,_Z,_Z,N,2016-12,2.2,A,0,2,
OECD.SDD.STES:DSD_STES@DF_FINMARK(4.0),ISR,M,IRLT,PA,_Z,_Z,_Z,_Z,N,2017-01,2.15,A,0,2,
OECD.SDD.STES:DSD_STES@DF_FINMARK(4.0),ISR,M,IRLT,PA,_Z,_Z,_Z,_Z,N,2017-02,2.16,A,0,2,
OECD.SDD.STES:DSD_STES@DF_FINMARK(4.0),ISR,M,IRLT,PA,_Z,_Z,_Z,_Z,N,2017-03,2.11,A,0,2,
OECD.SDD.STES:DSD_STES@DF_FINMARK(4.0),ISR,M,IRLT,PA,_Z,_Z,_Z,_Z,N,2017-04,2.05,A,0,2,
OECD.SDD.STES:DSD_STES@DF_FINMARK(4.0),ISR,M,IRLT,PA,_Z,_Z,_Z,_Z,N,2017-05,2.16,A,0,2,
OECD.SDD.STES:DSD_STES@DF_FINMARK(4.0),ISR,M,IRLT,PA,_Z,_Z,_Z,_Z,N,2017-06,2.03,A,0,2,
OECD.SDD.STES:DSD_STES@DF_FINMARK(4.0),ISR,M,IRLT,PA,_Z,_Z,_Z,_Z,N,2017-07,1.97,A,0,2,
OECD.SDD.STES:DSD_STES@DF_FINMARK(4.0),ISR,M,IRLT,PA,_Z,_Z,_Z,_Z,N,2017-08,1.75,A,0,2,
OECD.SDD.STES:DSD_STES@DF_FINMARK(4.0),ISR,M,IRLT,PA,_Z,_Z,_Z,_Z,N,2017-09,1.72,A,0,2,
OECD.SDD.STES:DSD_STES@DF_FINMARK(4.0),ISR,M,IRLT,PA,_Z,_Z,_Z,_Z,N,2017-10,1.62,A,0,2,
OECD.SDD.STES:DSD_STES@DF_FINMARK(4.0),ISR,M,IRLT,PA,_Z,_Z,_Z,_Z,N,2017-11,1.6,A,0,2,
OECD.SDD.STES:DSD_STES@DF_FINMARK(4.0),ISR,M,IRLT,PA,_Z,_Z,_Z,_Z,N,2017-12,1.59,A,0,2,
OECD.SDD.STES:DSD_STES@DF_FINMARK(4.0),ISR,M,IRLT,PA,_Z,_Z,_Z,_Z,N,2018-01,1.55,A,0,2,
OECD.SDD.STES:DSD_STES@DF_FINMARK(4.0),ISR,M,IRLT,PA,_Z,_Z,_Z,_Z,N,2018-02,1.76,A,0,2,
OECD.SDD.STES:DSD_STES@DF_FINMARK(4.0),ISR,M,IRLT,PA,_Z,_Z,_Z,_Z,N,2018-03,1.64,A,0,2,
OECD.SDD.STES:DSD_STES@DF_FINMARK(4.0),ISR,M,IRLT,PA,_Z,_Z,_Z,_Z,N,2018-04,1.67,A,0,2,
OECD.SDD.STES:DSD_STES@DF_FINMARK(4.0),ISR,M,IRLT,PA,_Z,_Z,_Z,_Z,N,2018-05,1.88,A,0,2,
OECD.SDD.STES:DSD_STES@DF_FINMARK(4.0),ISR,M,IRLT,PA,_Z,_Z,_Z,_Z,N,2018-06,1.93,A,0,2,
OECD.SDD.STES:DSD_STES@DF_FINMARK(4.0),ISR,M,IRLT,PA,_Z,_Z,_Z,_Z,N,2018-07,2.16,A,0,2,
OECD.SDD.STES:DSD_STES@DF_FINMARK(4.0),ISR,M,IRLT,PA,_Z,_Z,_Z,_Z,N,2018-08,2.15,A,0,2,
OECD.SDD.STES:DSD_STES@DF_FINMARK(4.0),ISR,M,IRLT,PA,_Z,_Z,_Z,_Z,N,2018-09,2.21,A,0,2,
OECD.SDD.STES:DSD_STES@DF_FINMARK(4.0),ISR,M,IRLT,PA,_Z,_Z,_Z,_Z,N,2018-10,2.29,A,0,2,
OECD.SDD.STES:DSD_STES@DF_FINMARK(4.0),ISR,M,IRLT,PA,_Z,_Z,_Z,_Z,N,2018-11,2.34,A,0,2,
OECD.SDD.STES:DSD_STES@DF_FINMARK(4.0),ISR,M,IRLT,PA,_Z,_Z,_Z,_Z,N,2018-12,2.35,A,0,2,
OECD.SDD.STES:DSD_STES@DF_FINMARK(4.0),ISR,M,IRLT,PA,_Z,_Z,_Z,_Z,N,2019-01,2.19,A,0,2,
OECD.SDD.STES:DSD_STES@DF_FINMARK(4.0),ISR,M,IRLT,PA,_Z,_Z,_Z,_Z,N,2019-02,2.03,A,0,2,
OECD.SDD.STES:DSD_STES@DF_FINMARK(4.0),ISR,M,IRLT,PA,_Z,_Z,_Z,_Z,N,2019-03,1.95,A,0,2,
OECD.SDD.STES:DSD_STES@DF_FINMARK(4.0),ISR,M,IRLT,PA,_Z,_Z,_Z,_Z,N,2019-04,1.88,A,0,2,
OECD.SDD.STES:DSD_STES@DF_FINMARK(4.0),ISR,M,IRLT,PA,_Z,_Z,_Z,_Z,N,2019-05,1.78,A,0,2,
OECD.SDD.STES:DSD_STES@DF_FINMARK(4.0),ISR,M,IRLT,PA,_Z,_Z,_Z,_Z,N,2019-06,1.58,A,0,2,
OECD.SDD.STES:DSD_STES@DF_FINMARK(4.0),ISR,M,IRLT,PA,_Z,_Z,_Z,_Z,N,2019-07,1.42,A,0,2,
OECD.SDD.STES:DSD_STES@DF_FINMARK(4.0),ISR,M,IRLT,PA,_Z,_Z,_Z,_Z,N,2019-08,0.95,A,0,2,
OECD.SDD.STES:DSD_STES@DF_FINMARK(4.0),ISR,M,IRLT,PA,_Z,_Z,_Z,_Z,N,2019-09,1,A,0,2,
OECD.SDD.STES:DSD_STES@DF_FINMARK(4.0),ISR,M,IRLT,PA,_Z,_Z,_Z,_Z,N,2019-10,0.88,A,0,2,
OECD.SDD.STES:DSD_STES@DF_FINMARK(4.0),ISR,M,IRLT,PA,_Z,_Z,_Z,_Z,N,2019-11,1,A,0,2,
OECD.SDD.STES:DSD_STES@DF_FINMARK(4.0),ISR,M,IRLT,PA,_Z,_Z,_Z,_Z,N,2019-12,0.96,A,0,2,
OECD.SDD.STES:DSD_STES@DF_FINMARK(4.0),ISR,M,IRLT,PA,_Z,_Z,_Z,_Z,N,2020-01,0.89,A,0,2,
OECD.SDD.STES:DSD_STES@DF_FINMARK(4.0),ISR,M,IRLT,PA,_Z,_Z,_Z,_Z,N,2020-02,0.77,A,0,2,
OECD.SDD.STES:DSD_STES@DF_FINMARK(4.0),ISR,M,IRLT,PA,_Z,_Z,_Z,_Z,N,2020-03,0.94,A,0,2,
OECD.SDD.STES:DSD_STES@DF_FINMARK(4.0),ISR,M,IRLT,PA,_Z,_Z,_Z,_Z,N,2020-04,0.85,A,0,2,
OECD.SDD.STES:DSD_STES@DF_FINMARK(4.0),ISR,M,IRLT,PA,_Z,_Z,_Z,_Z,N,2020-05,0.79,A,0,2,
OECD.SDD.STES:DSD_STES@DF_FINMARK(4.0),ISR,M,IRLT,PA,_Z,_Z,_Z,_Z,N,2020-06,0.71,A,0,2,
OECD.SDD.STES:DSD_STES@DF_FINMARK(4.0),ISR,M,IRLT,PA,_Z,_Z,_Z,_Z,N,2020-07,0.63,A,0,2,
OECD.SDD.STES:DSD_STES@DF_FINMARK(4.0),ISR,M,IRLT,PA,_Z,_Z,_Z,_Z,N,2020-08,0.65,A,0,2,
OECD.SDD.STES:DSD_STES@DF_FINMARK(4.0),ISR,M,IRLT,PA,_Z,_Z,_Z,_Z,N,2020-09,0.7,A,0,2,
OECD.SDD.STES:DSD_STES@DF_FINMARK(4.0),ISR,M,IRLT,PA,_Z,_Z,_Z,_Z,N,2020-10,0.76,A,0,2,
OECD.SDD.STES:DSD_STES@DF_FINMARK(4.0),ISR,M,IRLT,PA,_Z,_Z,_Z,_Z,N,2020-11,0.82,A,0,2,
OECD.SDD.STES:DSD_STES@DF_FINMARK(4.0),ISR,M,IRLT,PA,_Z,_Z,_Z,_Z,N,2020-12,0.82,A,0,2,
OECD.SDD.STES:DSD_STES@DF_FINMARK(4.0),ISR,M,IRLT,PA,_Z,_Z,_Z,_Z,N,2021-01,0.82,A,0,2,
OECD.SDD.STES:DSD_STES@DF_FINMARK(4.0),ISR,M,IRLT,PA,_Z,_Z,_Z,_Z,N,2021-02,0.98,A,0,2,
OECD.SDD.STES:DSD_STES@DF_FINMARK(4.0),ISR,M,IRLT,PA,_Z,_Z,_Z,_Z,N,2021-03,1.13,A,0,2,
OECD.SDD.STES:DSD_STES@DF_FINMARK(4.0),ISR,M,IRLT,PA,_Z,_Z,_Z,_Z,N,2021-04,1.06,A,0,2,
OECD.SDD.STES:DSD_STES@DF_FINMARK(4.0),ISR,M,IRLT,PA,_Z,_Z,_Z,_Z,N,2021-05,1.18,A,0,2,
OECD.SDD.STES:DSD_STES@DF_FINMARK(4.0),ISR,M,IRLT,PA,_Z,_Z,_Z,_Z,N,2021-06,1.19,A,0,2,
OECD.SDD.STES:DSD_STES@DF_FINMARK(4.0),ISR,M,IRLT,PA,_Z,_Z,_Z,_Z,N,2021-07,1.05,A,0,2,
OECD.SDD.STES:DSD_STES@DF_FINMARK(4.0),ISR,M,IRLT,PA,_Z,_Z,_Z,_Z,N,2021-08,0.97,A,0,2,
OECD.SDD.STES:DSD_STES@DF_FINMARK(4.0),ISR,M,IRLT,PA,_Z,_Z,_Z,_Z,N,2021-09,1.07,A,0,2,
OECD.SDD.STES:DSD_STES@DF_FINMARK(4.0),ISR,M,IRLT,PA,_Z,_Z,_Z,_Z,N,2021-10,1.4,A,0,2,
OECD.SDD.STES:DSD_STES@DF_FINMARK(4.0),ISR,M,IRLT,PA,_Z,_Z,_Z,_Z,N,2021-11,1.34,A,0,2,
OECD.SDD.STES:DSD_STES@DF_FINMARK(4.0),ISR,M,IRLT,PA,_Z,_Z,_Z,_Z,N,2021-12,1.21,A,0,2,
OECD.SDD.STES:DSD_STES@DF_FINMARK(4.0),ISR,M,IRLT,PA,_Z,_Z,_Z,_Z,N,2022-01,1.43,A,0,2,
OECD.SDD.STES:DSD_STES@DF_FINMARK(4.0),ISR,M,IRLT,PA,_Z,_Z,_Z,_Z,N,2022-02,1.76,A,0,2,
OECD.SDD.STES:DSD_STES@DF_FINMARK(4.0),ISR,M,IRLT,PA,_Z,_Z,_Z,_Z,N,2022-03,2.11,A,0,2,
OECD.SDD.STES:DSD_STES@DF_FINMARK(4.0),ISR,M,IRLT,PA,_Z,_Z,_Z,_Z,N,2022-04,2.36,A,0,2,
OECD.SDD.STES:DSD_STES@DF_FINMARK(4.0),ISR,M,IRLT,PA,_Z,_Z,_Z,_Z,N,2022-05,2.56,A,0,2,
OECD.SDD.STES:DSD_STES@DF_FINMARK(4.0),ISR,M,IRLT,PA,_Z,_Z,_Z,_Z,N,2022-06,2.98,A,0,2,
OECD.SDD.STES:DSD_STES@DF_FINMARK(4.0),ISR,M,IRLT,PA,_Z,_Z,_Z,_Z,N,2022-07,2.6,A,0,2,
OECD.SDD.STES:DSD_STES@DF_FINMARK(4.0),ISR,M,IRLT,PA,_Z,_Z,_Z,_Z,N,2022-08,2.58,A,0,2,
OECD.SDD.STES:DSD_STES@DF_FINMARK(4.0),ISR,M,IRLT,PA,_Z,_Z,_Z,_Z,N,2022-09,3.1,A,0,2,
OECD.SDD.STES:DSD_STES@DF_FINMARK(4.0),ISR,M,IRLT,PA,_Z,_Z,_Z,_Z,N,2022-10,3.33,A,0,2,
OECD.SDD.STES:DSD_STES@DF_FINMARK(4.0),ISR,M,IRLT,PA,_Z,_Z,_Z,_Z,N,2022-11,3.25,A,0,2,
OECD.SDD.STES:DSD_STES@DF_FINMARK(4.0),ISR,M,IRLT,PA,_Z,_Z,_Z,_Z,N,2022-12,3.37,A,0,2,
OECD.SDD.STES:DSD_STES@DF_FINMARK(4.0),ISR,M,IRLT,PA,_Z,_Z,_Z,_Z,N,2023-01,3.34,A,0,2,
OECD.SDD.STES:DSD_STES@DF_FINMARK(4.0),ISR,M,IRLT,PA,_Z,_Z,_Z,_Z,N,2023-02,3.56,A,0,2,
OECD.SDD.STES:DSD_STES@DF_FINMARK(4.0),ISR,M,IRLT,PA,_Z,_Z,_Z,_Z,N,2023-03,3.85,A,0,2,
OECD.SDD.STES:DSD_STES@DF_FINMARK(4.0),ISR,M,IRLT,PA,_Z,_Z,_Z,_Z,N,2023-04,3.86,A,0,2,
OECD.SDD.STES:DSD_STES@DF_FINMARK(4.0),ISR,M,IRLT,PA,_Z,_Z,_Z,_Z,N,2023-05,3.79,A,0,2,
OECD.SDD.STES:DSD_STES@DF_FINMARK(4.0),ISR,M,IRLT,PA,_Z,_Z,_Z,_Z,N,2023-06,3.74,A,0,2,
OECD.SDD.STES:DSD_STES@DF_FINMARK(4.0),ISR,M,IRLT,PA,_Z,_Z,_Z,_Z,N,2023-07,3.77,A,0,2,
OECD.SDD.STES:DSD_STES@DF_FINMARK(4.0),ISR,M,IRLT,PA,_Z,_Z,_Z,_Z,N,2023-08,3.91,A,0,2,
OECD.SDD.STES:DSD_STES@DF_FINMARK(4.0),ISR,M,IRLT,PA,_Z,_Z,_Z,_Z,N,2023-09,3.997,A,0,2,
OECD.SDD.STES:DSD_STES@DF_FINMARK(4.0),ISR,M,IRLT,PA,_Z,_Z,_Z,_Z,N,2023-10,4.38,A,0,2,
OECD.SDD.STES:DSD_STES@DF_FINMARK(4.0),ISR,M,IRLT,PA,_Z,_Z,_Z,_Z,N,2023-11,4.27,A,0,2,
OECD.SDD.STES:DSD_STES@DF_FINMARK(4.0),ISR,M,IRLT,PA,_Z,_Z,_Z,_Z,N,2023-12,3.95,A,0,2,
OECD.SDD.STES:DSD_STES@DF_FINMARK(4.0),ISR,M,IRLT,PA,_Z,_Z,_Z,_Z,N,2024-01,4.29,A,0,2,
OECD.SDD.STES:DSD_STES@DF_FINMARK(4.0),ISR,M,IRLT,PA,_Z,_Z,_Z,_Z,N,2024-02,4.38,A,0,2,
OECD.SDD.STES:DSD_STES@DF_FINMARK(4.0),ISR,M,IRLT,PA,_Z,_Z,_Z,_Z,N,2024-03,4.37,A,0,2,
OECD.SDD.STES:DSD_STES@DF_FINMARK(4.0),ISR,M,IRLT,PA,_Z,_Z,_Z,_Z,N,2024-04,4.71,A,0,2,
OECD.SDD.STES:DSD_STES@DF_FINMARK(4.0),ISR,M,IRLT,PA,_Z,_Z,_Z,_Z,N,2024-05,4.79,A,0,2,
OECD.SDD.STES:DSD_STES@DF_FINMARK(4.0),ISR,M,IRLT,PA,_Z,_Z,_Z,_Z,N,2024-06,4.91,A,0,2,
OECD.SDD.STES:DSD_STES@DF_FINMARK(4.0),ISR,M,IRLT,PA,_Z,_Z,_Z,_Z,N,2024-07,4.87,A,0,2,
OECD.SDD.STES:DSD_STES@DF_FINMARK(4.0),ISR,M,IRLT,PA,_Z,_Z,_Z,_Z,N,2024-08,4.76,A,0,2,
OECD.SDD.STES:DSD_STES@DF_FINMARK(4.0),ISR,M,IRLT,PA,_Z,_Z,_Z,_Z,N,2024-09,4.92,A,0,2,
OECD.SDD.STES:DSD_STES@DF_FINMARK(4.0),ISR,M,IRLT,PA,_Z,_Z,_Z,_Z,N,2024-10,4.93,A,0,2,
OECD.SDD.STES:DSD_STES@DF_FINMARK(4.0),ISR,M,IRLT,PA,_Z,_Z,_Z,_Z,N,2024-11,4.72,A,0,2,
OECD.SDD.STES:DSD_STES@DF_FINMARK(4.0),ISR,M,IRLT,PA,_Z,_Z,_Z,_Z,N,2024-12,4.47,A,0,2,
OECD.SDD.STES:DSD_STES@DF_FINMARK(4.0),ISR,M,IRLT,PA,_Z,_Z,_Z,_Z,N,2025-01,4.47,A,0,2,
OECD.SDD.STES:DSD_STES@DF_FINMARK(4.0),ISR,M,IRLT,PA,_Z,_Z,_Z,_Z,N,2025-02,4.31,A,0,2,
OECD.SDD.STES:DSD_STES@DF_FINMARK(4.0),ISR,M,IRLT,PA,_Z,_Z,_Z,_Z,N,2025-03,4.39,A,0,2,
OECD.SDD.STES:DSD_STES@DF_FINMARK(4.0),ISR,M,IRLT,PA,_Z,_Z,_Z,_Z,N,2025-04,4.38,A,0,2,
OECD.SDD.STES:DSD_STES@DF_FINMARK(4.0),ISR,M,IRLT,PA,_Z,_Z,_Z,_Z,N,2025-05,4.43,A,0,2,
OECD.SDD.STES:DSD_STES@DF_FINMARK(4.0),ISR,M,IRLT,PA,_Z,_Z,_Z,_Z,N,2025-06,4.43,A,0,2,
OECD.SDD.STES:DSD_STES@DF_FINMARK(4.0),ISR,M,IRLT,PA,_Z,_Z,_Z,_Z,N,2025-07,4.18,A,0,2,
OECD.SDD.STES:DSD_STES@DF_FINMARK(4.0),ISR,M,IRLT,PA,_Z,_Z,_Z,_Z,N,2025-08,4.17,A,0,2,
OECD.SDD.STES:DSD_STES@DF_FINMARK(4.0),ISR,M,IRLT,PA,_Z,_Z,_Z,_Z,N,2025-09,4.15,A,0,2,
OECD.SDD.STES:DSD_STES@DF_FINMARK(4.0),ISR,M,IRLT,PA,_Z,_Z,_Z,_Z,N,2025-10,3.97,A,0,2,
OECD.SDD.STES:DSD_STES@DF_FINMARK(4.0),ISR,M,IRLT,PA,_Z,_Z,_Z,_Z,N,2025-11,3.96,A,0,2,
OECD.SDD.STES:DSD_STES@DF_FINMARK(4.0),ISR,M,IRLT,PA,_Z,_Z,_Z,_Z,N,2025-12,4.09,A,0,2,
OECD.SDD.STES:DSD_STES@DF_FINMARK(4.0),ISR,M,IRLT,PA,_Z,_Z,_Z,_Z,N,2026-01,3.94,A,0,2,
OECD.SDD.STES:DSD_STES@DF_FINMARK(4.0),ISR,M,IRLT,PA,_Z,_Z,_Z,_Z,N,2026-02,3.89,A,0,2,
OECD.SDD.STES:DSD_STES@DF_FINMARK(4.0),ISR,M,IRLT,PA,_Z,_Z,_Z,_Z,N,2026-03,4.04,A,0,2,
OECD.SDD.STES:DSD_STES@DF_FINMARK(4.0),ISR,M,IRLT,PA,_Z,_Z,_Z,_Z,N,2026-04,4.06,A,0,2,
OECD.SDD.STES:DSD_STES@DF_FINMARK(4.0),GRC,M,IRLT,PA,_Z,_Z,_Z,_Z,N,2015-01,9.48,A,0,2,
OECD.SDD.STES:DSD_STES@DF_FINMARK(4.0),GRC,M,IRLT,PA,_Z,_Z,_Z,_Z,N,2015-02,9.72,A,0,2,
OECD.SDD.STES:DSD_STES@DF_FINMARK(4.0),GRC,M,IRLT,PA,_Z,_Z,_Z,_Z,N,2015-03,10.52,A,0,2,
OECD.SDD.STES:DSD_STES@DF_FINMARK(4.0),GRC,M,IRLT,PA,_Z,_Z,_Z,_Z,N,2015-04,12,A,0,2,
OECD.SDD.STES:DSD_STES@DF_FINMARK(4.0),GRC,M,IRLT,PA,_Z,_Z,_Z,_Z,N,2015-05,10.95,A,0,2,
OECD.SDD.STES:DSD_STES@DF_FINMARK(4.0),GRC,M,IRLT,PA,_Z,_Z,_Z,_Z,N,2015-06,11.43,A,0,2,
OECD.SDD.STES:DSD_STES@DF_FINMARK(4.0),GRC,M,IRLT,PA,_Z,_Z,_Z,_Z,N,2015-08,10.26,A,0,2,
OECD.SDD.STES:DSD_STES@DF_FINMARK(4.0),GRC,M,IRLT,PA,_Z,_Z,_Z,_Z,N,2015-09,8.54,A,0,2,
OECD.SDD.STES:DSD_STES@DF_FINMARK(4.0),GRC,M,IRLT,PA,_Z,_Z,_Z,_Z,N,2015-10,7.81,A,0,2,
OECD.SDD.STES:DSD_STES@DF_FINMARK(4.0),GRC,M,IRLT,PA,_Z,_Z,_Z,_Z,N,2015-11,7.41,A,0,2,
OECD.SDD.STES:DSD_STES@DF_FINMARK(4.0),GRC,M,IRLT,PA,_Z,_Z,_Z,_Z,N,2015-12,8.21,A,0,2,
OECD.SDD.STES:DSD_STES@DF_FINMARK(4.0),GRC,M,IRLT,PA,_Z,_Z,_Z,_Z,N,2016-01,9.08,A,0,2,
OECD.SDD.STES:DSD_STES@DF_FINMARK(4.0),GRC,M,IRLT,PA,_Z,_Z,_Z,_Z,N,2016-02,10.41,A,0,2,
OECD.SDD.STES:DSD_STES@DF_FINMARK(4.0),GRC,M,IRLT,PA,_Z,_Z,_Z,_Z,N,2016-03,9.12,A,0,2,
OECD.SDD.STES:DSD_STES@DF_FINMARK(4.0),GRC,M,IRLT,PA,_Z,_Z,_Z,_Z,N,2016-04,9.03,A,0,2,
OECD.SDD.STES:DSD_STES@DF_FINMARK(4.0),GRC,M,IRLT,PA,_Z,_Z,_Z,_Z,N,2016-05,7.64,A,0,2,
OECD.SDD.STES:DSD_STES@DF_FINMARK(4.0),GRC,M,IRLT,PA,_Z,_Z,_Z,_Z,N,2016-06,7.92,A,0,2,
OECD.SDD.STES:DSD_STES@DF_FINMARK(4.0),GRC,M,IRLT,PA,_Z,_Z,_Z,_Z,N,2016-07,7.99,A,0,2,
OECD.SDD.STES:DSD_STES@DF_FINMARK(4.0),GRC,M,IRLT,PA,_Z,_Z,_Z,_Z,N,2016-08,8.19,A,0,2,
OECD.SDD.STES:DSD_STES@DF_FINMARK(4.0),GRC,M,IRLT,PA,_Z,_Z,_Z,_Z,N,2016-09,8.34,A,0,2,
OECD.SDD.STES:DSD_STES@DF_FINMARK(4.0),GRC,M,IRLT,PA,_Z,_Z,_Z,_Z,N,2016-10,8.33,A,0,2,
OECD.SDD.STES:DSD_STES@DF_FINMARK(4.0),GRC,M,IRLT,PA,_Z,_Z,_Z,_Z,N,2016-11,7.33,A,0,2,
OECD.SDD.STES:DSD_STES@DF_FINMARK(4.0),GRC,M,IRLT,PA,_Z,_Z,_Z,_Z,N,2016-12,6.94,A,0,2,
OECD.SDD.STES:DSD_STES@DF_FINMARK(4.0),GRC,M,IRLT,PA,_Z,_Z,_Z,_Z,N,2017-01,7.04,A,0,2,
OECD.SDD.STES:DSD_STES@DF_FINMARK(4.0),GRC,M,IRLT,PA,_Z,_Z,_Z,_Z,N,2017-02,7.52,A,0,2,
OECD.SDD.STES:DSD_STES@DF_FINMARK(4.0),GRC,M,IRLT,PA,_Z,_Z,_Z,_Z,N,2017-03,7.17,A,0,2,
OECD.SDD.STES:DSD_STES@DF_FINMARK(4.0),GRC,M,IRLT,PA,_Z,_Z,_Z,_Z,N,2017-04,6.7,A,0,2,
OECD.SDD.STES:DSD_STES@DF_FINMARK(4.0),GRC,M,IRLT,PA,_Z,_Z,_Z,_Z,N,2017-05,5.86,A,0,2,
OECD.SDD.STES:DSD_STES@DF_FINMARK(4.0),GRC,M,IRLT,PA,_Z,_Z,_Z,_Z,N,2017-06,5.76,A,0,2,
OECD.SDD.STES:DSD_STES@DF_FINMARK(4.0),GRC,M,IRLT,PA,_Z,_Z,_Z,_Z,N,2017-07,5.33,A,0,2,
OECD.SDD.STES:DSD_STES@DF_FINMARK(4.0),GRC,M,IRLT,PA,_Z,_Z,_Z,_Z,N,2017-08,5.55,A,0,2,
OECD.SDD.STES:DSD_STES@DF_FINMARK(4.0),GRC,M,IRLT,PA,_Z,_Z,_Z,_Z,N,2017-09,5.56,A,0,2,
OECD.SDD.STES:DSD_STES@DF_FINMARK(4.0),GRC,M,IRLT,PA,_Z,_Z,_Z,_Z,N,2017-10,5.59,A,0,2,
OECD.SDD.STES:DSD_STES@DF_FINMARK(4.0),GRC,M,IRLT,PA,_Z,_Z,_Z,_Z,N,2017-11,5.22,A,0,2,
OECD.SDD.STES:DSD_STES@DF_FINMARK(4.0),GRC,M,IRLT,PA,_Z,_Z,_Z,_Z,N,2017-12,4.44,A,0,2,
OECD.SDD.STES:DSD_STES@DF_FINMARK(4.0),GRC,M,IRLT,PA,_Z,_Z,_Z,_Z,N,2018-01,3.79,A,0,2,
OECD.SDD.STES:DSD_STES@DF_FINMARK(4.0),GRC,M,IRLT,PA,_Z,_Z,_Z,_Z,N,2018-02,4.14,A,0,2,
OECD.SDD.STES:DSD_STES@DF_FINMARK(4.0),GRC,M,IRLT,PA,_Z,_Z,_Z,_Z,N,2018-03,4.27,A,0,2,
OECD.SDD.STES:DSD_STES@DF_FINMARK(4.0),GRC,M,IRLT,PA,_Z,_Z,_Z,_Z,N,2018-04,4.04,A,0,2,
OECD.SDD.STES:DSD_STES@DF_FINMARK(4.0),GRC,M,IRLT,PA,_Z,_Z,_Z,_Z,N,2018-05,4.29,A,0,2,
OECD.SDD.STES:DSD_STES@DF_FINMARK(4.0),GRC,M,IRLT,PA,_Z,_Z,_Z,_Z,N,2018-06,4.39,A,0,2,
OECD.SDD.STES:DSD_STES@DF_FINMARK(4.0),GRC,M,IRLT,PA,_Z,_Z,_Z,_Z,N,2018-07,3.88,A,0,2,
OECD.SDD.STES:DSD_STES@DF_FINMARK(4.0),GRC,M,IRLT,PA,_Z,_Z,_Z,_Z,N,2018-08,4.18,A,0,2,
OECD.SDD.STES:DSD_STES@DF_FINMARK(4.0),GRC,M,IRLT,PA,_Z,_Z,_Z,_Z,N,2018-09,4.17,A,0,2,
OECD.SDD.STES:DSD_STES@DF_FINMARK(4.0),GRC,M,IRLT,PA,_Z,_Z,_Z,_Z,N,2018-10,4.37,A,0,2,
OECD.SDD.STES:DSD_STES@DF_FINMARK(4.0),GRC,M,IRLT,PA,_Z,_Z,_Z,_Z,N,2018-11,4.42,A,0,2,
OECD.SDD.STES:DSD_STES@DF_FINMARK(4.0),GRC,M,IRLT,PA,_Z,_Z,_Z,_Z,N,2018-12,4.28,A,0,2,
OECD.SDD.STES:DSD_STES@DF_FINMARK(4.0),GRC,M,IRLT,PA,_Z,_Z,_Z,_Z,N,2019-01,4.21,A,0,2,
OECD.SDD.STES:DSD_STES@DF_FINMARK(4.0),GRC,M,IRLT,PA,_Z,_Z,_Z,_Z,N,2019-02,3.84,A,0,2,
OECD.SDD.STES:DSD_STES@DF_FINMARK(4.0),GRC,M,IRLT,PA,_Z,_Z,_Z,_Z,N,2019-03,3.76,A,0,2,
OECD.SDD.STES:DSD_STES@DF_FINMARK(4.0),GRC,M,IRLT,PA,_Z,_Z,_Z,_Z,N,2019-04,3.42,A,0,2,
OECD.SDD.STES:DSD_STES@DF_FINMARK(4.0),GRC,M,IRLT,PA,_Z,_Z,_Z,_Z,N,2019-05,3.37,A,0,2,
OECD.SDD.STES:DSD_STES@DF_FINMARK(4.0),GRC,M,IRLT,PA,_Z,_Z,_Z,_Z,N,2019-06,2.67,A,0,2,
OECD.SDD.STES:DSD_STES@DF_FINMARK(4.0),GRC,M,IRLT,PA,_Z,_Z,_Z,_Z,N,2019-07,2.16,A,0,2,
OECD.SDD.STES:DSD_STES@DF_FINMARK(4.0),GRC,M,IRLT,PA,_Z,_Z,_Z,_Z,N,2019-08,1.98,A,0,2,
OECD.SDD.STES:DSD_STES@DF_FINMARK(4.0),GRC,M,IRLT,PA,_Z,_Z,_Z,_Z,N,2019-09,1.5,A,0,2,
OECD.SDD.STES:DSD_STES@DF_FINMARK(4.0),GRC,M,IRLT,PA,_Z,_Z,_Z,_Z,N,2019-10,1.34,A,0,2,
OECD.SDD.STES:DSD_STES@DF_FINMARK(4.0),GRC,M,IRLT,PA,_Z,_Z,_Z,_Z,N,2019-11,1.36,A,0,2,
OECD.SDD.STES:DSD_STES@DF_FINMARK(4.0),GRC,M,IRLT,PA,_Z,_Z,_Z,_Z,N,2019-12,1.42,A,0,2,
OECD.SDD.STES:DSD_STES@DF_FINMARK(4.0),GRC,M,IRLT,PA,_Z,_Z,_Z,_Z,N,2020-01,1.34,A,0,2,
OECD.SDD.STES:DSD_STES@DF_FINMARK(4.0),GRC,M,IRLT,PA,_Z,_Z,_Z,_Z,N,2020-02,1.07,A,0,2,
OECD.SDD.STES:DSD_STES@DF_FINMARK(4.0),GRC,M,IRLT,PA,_Z,_Z,_Z,_Z,N,2020-03,1.97,A,0,2,
OECD.SDD.STES:DSD_STES@DF_FINMARK(4.0),GRC,M,IRLT,PA,_Z,_Z,_Z,_Z,N,2020-04,2.05,A,0,2,
OECD.SDD.STES:DSD_STES@DF_FINMARK(4.0),GRC,M,IRLT,PA,_Z,_Z,_Z,_Z,N,2020-05,1.93,A,0,2,
OECD.SDD.STES:DSD_STES@DF_FINMARK(4.0),GRC,M,IRLT,PA,_Z,_Z,_Z,_Z,N,2020-06,1.32,A,0,2,
OECD.SDD.STES:DSD_STES@DF_FINMARK(4.0),GRC,M,IRLT,PA,_Z,_Z,_Z,_Z,N,2020-07,1.14,A,0,2,
OECD.SDD.STES:DSD_STES@DF_FINMARK(4.0),GRC,M,IRLT,PA,_Z,_Z,_Z,_Z,N,2020-08,1.08,A,0,2,
OECD.SDD.STES:DSD_STES@DF_FINMARK(4.0),GRC,M,IRLT,PA,_Z,_Z,_Z,_Z,N,2020-09,1.08,A,0,2,
OECD.SDD.STES:DSD_STES@DF_FINMARK(4.0),GRC,M,IRLT,PA,_Z,_Z,_Z,_Z,N,2020-10,0.9,A,0,2,
OECD.SDD.STES:DSD_STES@DF_FINMARK(4.0),GRC,M,IRLT,PA,_Z,_Z,_Z,_Z,N,2020-11,0.75,A,0,2,
OECD.SDD.STES:DSD_STES@DF_FINMARK(4.0),GRC,M,IRLT,PA,_Z,_Z,_Z,_Z,N,2020-12,0.63,A,0,2,
OECD.SDD.STES:DSD_STES@DF_FINMARK(4.0),GRC,M,IRLT,PA,_Z,_Z,_Z,_Z,N,2021-01,0.65,A,0,2,
OECD.SDD.STES:DSD_STES@DF_FINMARK(4.0),GRC,M,IRLT,PA,_Z,_Z,_Z,_Z,N,2021-02,0.81,A,0,2,
OECD.SDD.STES:DSD_STES@DF_FINMARK(4.0),GRC,M,IRLT,PA,_Z,_Z,_Z,_Z,N,2021-03,0.91,A,0,2,
OECD.SDD.STES:DSD_STES@DF_FINMARK(4.0),GRC,M,IRLT,PA,_Z,_Z,_Z,_Z,N,2021-04,0.88,A,0,2,
OECD.SDD.STES:DSD_STES@DF_FINMARK(4.0),GRC,M,IRLT,PA,_Z,_Z,_Z,_Z,N,2021-05,0.99,A,0,2,
OECD.SDD.STES:DSD_STES@DF_FINMARK(4.0),GRC,M,IRLT,PA,_Z,_Z,_Z,_Z,N,2021-06,0.81,A,0,2,
OECD.SDD.STES:DSD_STES@DF_FINMARK(4.0),GRC,M,IRLT,PA,_Z,_Z,_Z,_Z,N,2021-07,0.7,A,0,2,
OECD.SDD.STES:DSD_STES@DF_FINMARK(4.0),GRC,M,IRLT,PA,_Z,_Z,_Z,_Z,N,2021-08,0.59,A,0,2,
OECD.SDD.STES:DSD_STES@DF_FINMARK(4.0),GRC,M,IRLT,PA,_Z,_Z,_Z,_Z,N,2021-09,0.8,A,0,2,
OECD.SDD.STES:DSD_STES@DF_FINMARK(4.0),GRC,M,IRLT,PA,_Z,_Z,_Z,_Z,N,2021-10,0.96,A,0,2,
OECD.SDD.STES:DSD_STES@DF_FINMARK(4.0),GRC,M,IRLT,PA,_Z,_Z,_Z,_Z,N,2021-11,1.22,A,0,2,
OECD.SDD.STES:DSD_STES@DF_FINMARK(4.0),GRC,M,IRLT,PA,_Z,_Z,_Z,_Z,N,2021-12,1.29,A,0,2,
OECD.SDD.STES:DSD_STES@DF_FINMARK(4.0),GRC,M,IRLT,PA,_Z,_Z,_Z,_Z,N,2022-01,1.62,A,0,2,
OECD.SDD.STES:DSD_STES@DF_FINMARK(4.0),GRC,M,IRLT,PA,_Z,_Z,_Z,_Z,N,2022-02,2.46,A,0,2,
OECD.SDD.STES:DSD_STES@DF_FINMARK(4.0),GRC,M,IRLT,PA,_Z,_Z,_Z,_Z,N,2022-03,2.61,A,0,2,
OECD.SDD.STES:DSD_STES@DF_FINMARK(4.0),GRC,M,IRLT,PA,_Z,_Z,_Z,_Z,N,2022-04,2.89,A,0,2,
OECD.SDD.STES:DSD_STES@DF_FINMARK(4.0),GRC,M,IRLT,PA,_Z,_Z,_Z,_Z,N,2022-05,3.54,A,0,2,
OECD.SDD.STES:DSD_STES@DF_FINMARK(4.0),GRC,M,IRLT,PA,_Z,_Z,_Z,_Z,N,2022-06,3.93,A,0,2,
OECD.SDD.STES:DSD_STES@DF_FINMARK(4.0),GRC,M,IRLT,PA,_Z,_Z,_Z,_Z,N,2022-07,3.38,A,0,2,
OECD.SDD.STES:DSD_STES@DF_FINMARK(4.0),GRC,M,IRLT,PA,_Z,_Z,_Z,_Z,N,2022-08,3.46,A,0,2,
OECD.SDD.STES:DSD_STES@DF_FINMARK(4.0),GRC,M,IRLT,PA,_Z,_Z,_Z,_Z,N,2022-09,4.44,A,0,2,
OECD.SDD.STES:DSD_STES@DF_FINMARK(4.0),GRC,M,IRLT,PA,_Z,_Z,_Z,_Z,N,2022-10,4.87,A,0,2,
OECD.SDD.STES:DSD_STES@DF_FINMARK(4.0),GRC,M,IRLT,PA,_Z,_Z,_Z,_Z,N,2022-11,4.42,A,0,2,
OECD.SDD.STES:DSD_STES@DF_FINMARK(4.0),GRC,M,IRLT,PA,_Z,_Z,_Z,_Z,N,2022-12,4.22,A,0,2,
OECD.SDD.STES:DSD_STES@DF_FINMARK(4.0),GRC,M,IRLT,PA,_Z,_Z,_Z,_Z,N,2023-01,4.29,A,0,2,
OECD.SDD.STES:DSD_STES@DF_FINMARK(4.0),GRC,M,IRLT,PA,_Z,_Z,_Z,_Z,N,2023-02,4.26,A,0,2,
OECD.SDD.STES:DSD_STES@DF_FINMARK(4.0),GRC,M,IRLT,PA,_Z,_Z,_Z,_Z,N,2023-03,4.29,A,0,2,
OECD.SDD.STES:DSD_STES@DF_FINMARK(4.0),GRC,M,IRLT,PA,_Z,_Z,_Z,_Z,N,2023-04,4.22,A,0,2,
OECD.SDD.STES:DSD_STES@DF_FINMARK(4.0),GRC,M,IRLT,PA,_Z,_Z,_Z,_Z,N,2023-05,3.98,A,0,2,
OECD.SDD.STES:DSD_STES@DF_FINMARK(4.0),GRC,M,IRLT,PA,_Z,_Z,_Z,_Z,N,2023-06,3.71,A,0,2,
OECD.SDD.STES:DSD_STES@DF_FINMARK(4.0),GRC,M,IRLT,PA,_Z,_Z,_Z,_Z,N,2023-07,3.85,A,0,2,
OECD.SDD.STES:DSD_STES@DF_FINMARK(4.0),GRC,M,IRLT,PA,_Z,_Z,_Z,_Z,N,2023-08,3.88,A,0,2,
OECD.SDD.STES:DSD_STES@DF_FINMARK(4.0),GRC,M,IRLT,PA,_Z,_Z,_Z,_Z,N,2023-09,4.08,A,0,2,
OECD.SDD.STES:DSD_STES@DF_FINMARK(4.0),GRC,M,IRLT,PA,_Z,_Z,_Z,_Z,N,2023-10,4.3,A,0,2,
OECD.SDD.STES:DSD_STES@DF_FINMARK(4.0),GRC,M,IRLT,PA,_Z,_Z,_Z,_Z,N,2023-11,3.88,A,0,2,
OECD.SDD.STES:DSD_STES@DF_FINMARK(4.0),GRC,M,IRLT,PA,_Z,_Z,_Z,_Z,N,2023-12,3.28,A,0,2,
OECD.SDD.STES:DSD_STES@DF_FINMARK(4.0),GRC,M,IRLT,PA,_Z,_Z,_Z,_Z,N,2024-01,3.29,A,0,2,
OECD.SDD.STES:DSD_STES@DF_FINMARK(4.0),GRC,M,IRLT,PA,_Z,_Z,_Z,_Z,N,2024-02,3.45,A,0,2,
OECD.SDD.STES:DSD_STES@DF_FINMARK(4.0),GRC,M,IRLT,PA,_Z,_Z,_Z,_Z,N,2024-03,3.37,A,0,2,
OECD.SDD.STES:DSD_STES@DF_FINMARK(4.0),GRC,M,IRLT,PA,_Z,_Z,_Z,_Z,N,2024-04,3.49,A,0,2,
OECD.SDD.STES:DSD_STES@DF_FINMARK(4.0),GRC,M,IRLT,PA,_Z,_Z,_Z,_Z,N,2024-05,3.55,A,0,2,
OECD.SDD.STES:DSD_STES@DF_FINMARK(4.0),GRC,M,IRLT,PA,_Z,_Z,_Z,_Z,N,2024-06,3.65,A,0,2,
OECD.SDD.STES:DSD_STES@DF_FINMARK(4.0),GRC,M,IRLT,PA,_Z,_Z,_Z,_Z,N,2024-07,3.5,A,0,2,
OECD.SDD.STES:DSD_STES@DF_FINMARK(4.0),GRC,M,IRLT,PA,_Z,_Z,_Z,_Z,N,2024-08,3.31,A,0,2,
OECD.SDD.STES:DSD_STES@DF_FINMARK(4.0),GRC,M,IRLT,PA,_Z,_Z,_Z,_Z,N,2024-09,3.19,A,0,2,
OECD.SDD.STES:DSD_STES@DF_FINMARK(4.0),GRC,M,IRLT,PA,_Z,_Z,_Z,_Z,N,2024-10,3.16,A,0,2,
OECD.SDD.STES:DSD_STES@DF_FINMARK(4.0),GRC,M,IRLT,PA,_Z,_Z,_Z,_Z,N,2024-11,3.19,A,0,2,
OECD.SDD.STES:DSD_STES@DF_FINMARK(4.0),GRC,M,IRLT,PA,_Z,_Z,_Z,_Z,N,2024-12,3.05,A,0,2,
OECD.SDD.STES:DSD_STES@DF_FINMARK(4.0),GRC,M,IRLT,PA,_Z,_Z,_Z,_Z,N,2025-01,3.35,A,0,2,
OECD.SDD.STES:DSD_STES@DF_FINMARK(4.0),GRC,M,IRLT,PA,_Z,_Z,_Z,_Z,N,2025-02,3.29,A,0,2,
OECD.SDD.STES:DSD_STES@DF_FINMARK(4.0),GRC,M,IRLT,PA,_Z,_Z,_Z,_Z,N,2025-03,3.6,A,0,2,
OECD.SDD.STES:DSD_STES@DF_FINMARK(4.0),GRC,M,IRLT,PA,_Z,_Z,_Z,_Z,N,2025-04,3.44,A,0,2,
OECD.SDD.STES:DSD_STES@DF_FINMARK(4.0),GRC,M,IRLT,PA,_Z,_Z,_Z,_Z,N,2025-05,3.37,A,0,2,
OECD.SDD.STES:DSD_STES@DF_FINMARK(4.0),GRC,M,IRLT,PA,_Z,_Z,_Z,_Z,N,2025-06,3.29,A,0,2,
OECD.SDD.STES:DSD_STES@DF_FINMARK(4.0),GRC,M,IRLT,PA,_Z,_Z,_Z,_Z,N,2025-07,3.36,A,0,2,
OECD.SDD.STES:DSD_STES@DF_FINMARK(4.0),GRC,M,IRLT,PA,_Z,_Z,_Z,_Z,N,2025-08,3.37,A,0,2,
OECD.SDD.STES:DSD_STES@DF_FINMARK(4.0),GRC,M,IRLT,PA,_Z,_Z,_Z,_Z,N,2025-09,3.39,A,0,2,
OECD.SDD.STES:DSD_STES@DF_FINMARK(4.0),GRC,M,IRLT,PA,_Z,_Z,_Z,_Z,N,2025-10,3.3,A,0,2,
OECD.SDD.STES:DSD_STES@DF_FINMARK(4.0),GRC,M,IRLT,PA,_Z,_Z,_Z,_Z,N,2025-11,3.3,A,0,2,
OECD.SDD.STES:DSD_STES@DF_FINMARK(4.0),GRC,M,IRLT,PA,_Z,_Z,_Z,_Z,N,2025-12,3.44,A,0,2,
OECD.SDD.STES:DSD_STES@DF_FINMARK(4.0),GRC,M,IRLT,PA,_Z,_Z,_Z,_Z,N,2026-01,3.42,A,0,2,
OECD.SDD.STES:DSD_STES@DF_FINMARK(4.0),GRC,M,IRLT,PA,_Z,_Z,_Z,_Z,N,2026-02,3.39,A,0,2,
OECD.SDD.STES:DSD_STES@DF_FINMARK(4.0),GRC,M,IRLT,PA,_Z,_Z,_Z,_Z,N,2026-03,3.71,A,0,2,
OECD.SDD.STES:DSD_STES@DF_FINMARK(4.0),GRC,M,IRLT,PA,_Z,_Z,_Z,_Z,N,2026-04,3.78,A,0,2,
OECD.SDD.STES:DSD_STES@DF_FINMARK(4.0),GRC,M,IRLT,PA,_Z,_Z,_Z,_Z,N,2026-05,3.75,A,0,2,
OECD.SDD.STES:DSD_STES@DF_FINMARK(4.0),ISL,M,IRLT,PA,_Z,_Z,_Z,_Z,N,2015-01,5.87,A,0,2,
OECD.SDD.STES:DSD_STES@DF_FINMARK(4.0),ISL,M,IRLT,PA,_Z,_Z,_Z,_Z,N,2015-02,5.84,A,0,2,
OECD.SDD.STES:DSD_STES@DF_FINMARK(4.0),ISL,M,IRLT,PA,_Z,_Z,_Z,_Z,N,2015-03,6.68,A,0,2,
OECD.SDD.STES:DSD_STES@DF_FINMARK(4.0),ISL,M,IRLT,PA,_Z,_Z,_Z,_Z,N,2015-04,6.83,A,0,2,
OECD.SDD.STES:DSD_STES@DF_FINMARK(4.0),ISL,M,IRLT,PA,_Z,_Z,_Z,_Z,N,2015-05,7.29,A,0,2,
OECD.SDD.STES:DSD_STES@DF_FINMARK(4.0),ISL,M,IRLT,PA,_Z,_Z,_Z,_Z,N,2015-06,6.98,A,0,2,
OECD.SDD.STES:DSD_STES@DF_FINMARK(4.0),ISL,M,IRLT,PA,_Z,_Z,_Z,_Z,N,2015-07,6.62,A,0,2,
OECD.SDD.STES:DSD_STES@DF_FINMARK(4.0),ISL,M,IRLT,PA,_Z,_Z,_Z,_Z,N,2015-08,6.11,A,0,2,
OECD.SDD.STES:DSD_STES@DF_FINMARK(4.0),ISL,M,IRLT,PA,_Z,_Z,_Z,_Z,N,2015-09,5.73,A,0,2,
OECD.SDD.STES:DSD_STES@DF_FINMARK(4.0),ISL,M,IRLT,PA,_Z,_Z,_Z,_Z,N,2015-10,5.32,A,0,2,
OECD.SDD.STES:DSD_STES@DF_FINMARK(4.0),ISL,M,IRLT,PA,_Z,_Z,_Z,_Z,N,2015-11,6.01,A,0,2,
OECD.SDD.STES:DSD_STES@DF_FINMARK(4.0),ISL,M,IRLT,PA,_Z,_Z,_Z,_Z,N,2015-12,5.83,A,0,2,
OECD.SDD.STES:DSD_STES@DF_FINMARK(4.0),ISL,M,IRLT,PA,_Z,_Z,_Z,_Z,N,2016-01,6,A,0,2,
OECD.SDD.STES:DSD_STES@DF_FINMARK(4.0),ISL,M,IRLT,PA,_Z,_Z,_Z,_Z,N,2016-02,5.82,A,0,2,
OECD.SDD.STES:DSD_STES@DF_FINMARK(4.0),ISL,M,IRLT,PA,_Z,_Z,_Z,_Z,N,2016-03,5.79,A,0,2,
OECD.SDD.STES:DSD_STES@DF_FINMARK(4.0),ISL,M,IRLT,PA,_Z,_Z,_Z,_Z,N,2016-04,5.84,A,0,2,
OECD.SDD.STES:DSD_STES@DF_FINMARK(4.0),ISL,M,IRLT,PA,_Z,_Z,_Z,_Z,N,2016-05,5.94,A,0,2,
OECD.SDD.STES:DSD_STES@DF_FINMARK(4.0),ISL,M,IRLT,PA,_Z,_Z,_Z,_Z,N,2016-06,6.17,A,0,2,
OECD.SDD.STES:DSD_STES@DF_FINMARK(4.0),ISL,M,IRLT,PA,_Z,_Z,_Z,_Z,N,2016-07,5.89,A,0,2,
OECD.SDD.STES:DSD_STES@DF_FINMARK(4.0),ISL,M,IRLT,PA,_Z,_Z,_Z,_Z,N,2016-08,5.17,A,0,2,
OECD.SDD.STES:DSD_STES@DF_FINMARK(4.0),ISL,M,IRLT,PA,_Z,_Z,_Z,_Z,N,2016-09,5.3,A,0,2,
OECD.SDD.STES:DSD_STES@DF_FINMARK(4.0),ISL,M,IRLT,PA,_Z,_Z,_Z,_Z,N,2016-10,5.16,A,0,2,
OECD.SDD.STES:DSD_STES@DF_FINMARK(4.0),ISL,M,IRLT,PA,_Z,_Z,_Z,_Z,N,2016-11,5.19,A,0,2,
OECD.SDD.STES:DSD_STES@DF_FINMARK(4.0),ISL,M,IRLT,PA,_Z,_Z,_Z,_Z,N,2016-12,4.97,A,0,2,
OECD.SDD.STES:DSD_STES@DF_FINMARK(4.0),ISL,M,IRLT,PA,_Z,_Z,_Z,_Z,N,2017-01,5.21,A,0,2,
OECD.SDD.STES:DSD_STES@DF_FINMARK(4.0),ISL,M,IRLT,PA,_Z,_Z,_Z,_Z,N,2017-02,4.91,A,0,2,
OECD.SDD.STES:DSD_STES@DF_FINMARK(4.0),ISL,M,IRLT,PA,_Z,_Z,_Z,_Z,N,2017-03,4.87,A,0,2,
OECD.SDD.STES:DSD_STES@DF_FINMARK(4.0),ISL,M,IRLT,PA,_Z,_Z,_Z,_Z,N,2017-04,4.89,A,0,2,
OECD.SDD.STES:DSD_STES@DF_FINMARK(4.0),ISL,M,IRLT,PA,_Z,_Z,_Z,_Z,N,2017-05,4.65,A,0,2,
OECD.SDD.STES:DSD_STES@DF_FINMARK(4.0),ISL,M,IRLT,PA,_Z,_Z,_Z,_Z,N,2017-06,4.63,A,0,2,
OECD.SDD.STES:DSD_STES@DF_FINMARK(4.0),ISL,M,IRLT,PA,_Z,_Z,_Z,_Z,N,2017-07,4.74,A,0,2,
OECD.SDD.STES:DSD_STES@DF_FINMARK(4.0),ISL,M,IRLT,PA,_Z,_Z,_Z,_Z,N,2017-08,4.88,A,0,2,
OECD.SDD.STES:DSD_STES@DF_FINMARK(4.0),ISL,M,IRLT,PA,_Z,_Z,_Z,_Z,N,2017-09,5.14,A,0,2,
OECD.SDD.STES:DSD_STES@DF_FINMARK(4.0),ISL,M,IRLT,PA,_Z,_Z,_Z,_Z,N,2017-10,4.83,A,0,2,
OECD.SDD.STES:DSD_STES@DF_FINMARK(4.0),ISL,M,IRLT,PA,_Z,_Z,_Z,_Z,N,2017-11,4.7,A,0,2,
OECD.SDD.STES:DSD_STES@DF_FINMARK(4.0),ISL,M,IRLT,PA,_Z,_Z,_Z,_Z,N,2017-12,4.85,A,0,2,
OECD.SDD.STES:DSD_STES@DF_FINMARK(4.0),ISL,M,IRLT,PA,_Z,_Z,_Z,_Z,N,2018-01,4.96,A,0,2,
OECD.SDD.STES:DSD_STES@DF_FINMARK(4.0),ISL,M,IRLT,PA,_Z,_Z,_Z,_Z,N,2018-02,4.97,A,0,2,
OECD.SDD.STES:DSD_STES@DF_FINMARK(4.0),ISL,M,IRLT,PA,_Z,_Z,_Z,_Z,N,2018-03,5.03,A,0,2,
OECD.SDD.STES:DSD_STES@DF_FINMARK(4.0),ISL,M,IRLT,PA,_Z,_Z,_Z,_Z,N,2018-04,5.13,A,0,2,
OECD.SDD.STES:DSD_STES@DF_FINMARK(4.0),ISL,M,IRLT,PA,_Z,_Z,_Z,_Z,N,2018-05,5.09,A,0,2,
OECD.SDD.STES:DSD_STES@DF_FINMARK(4.0),ISL,M,IRLT,PA,_Z,_Z,_Z,_Z,N,2018-06,5.19,A,0,2,
OECD.SDD.STES:DSD_STES@DF_FINMARK(4.0),ISL,M,IRLT,PA,_Z,_Z,_Z,_Z,N,2018-07,5.27,A,0,2,
OECD.SDD.STES:DSD_STES@DF_FINMARK(4.0),ISL,M,IRLT,PA,_Z,_Z,_Z,_Z,N,2018-08,5.51,A,0,2,
OECD.SDD.STES:DSD_STES@DF_FINMARK(4.0),ISL,M,IRLT,PA,_Z,_Z,_Z,_Z,N,2018-09,5.67,A,0,2,
OECD.SDD.STES:DSD_STES@DF_FINMARK(4.0),ISL,M,IRLT,PA,_Z,_Z,_Z,_Z,N,2018-10,5.99,A,0,2,
OECD.SDD.STES:DSD_STES@DF_FINMARK(4.0),ISL,M,IRLT,PA,_Z,_Z,_Z,_Z,N,2018-11,5.74,A,0,2,
OECD.SDD.STES:DSD_STES@DF_FINMARK(4.0),ISL,M,IRLT,PA,_Z,_Z,_Z,_Z,N,2018-12,5.42,A,0,2,
OECD.SDD.STES:DSD_STES@DF_FINMARK(4.0),ISL,M,IRLT,PA,_Z,_Z,_Z,_Z,N,2019-01,5.18,A,0,2,
OECD.SDD.STES:DSD_STES@DF_FINMARK(4.0),ISL,M,IRLT,PA,_Z,_Z,_Z,_Z,N,2019-02,5.22,A,0,2,
OECD.SDD.STES:DSD_STES@DF_FINMARK(4.0),ISL,M,IRLT,PA,_Z,_Z,_Z,_Z,N,2019-03,4.52,A,0,2,
OECD.SDD.STES:DSD_STES@DF_FINMARK(4.0),ISL,M,IRLT,PA,_Z,_Z,_Z,_Z,N,2019-04,4.14,A,0,2,
OECD.SDD.STES:DSD_STES@DF_FINMARK(4.0),ISL,M,IRLT,PA,_Z,_Z,_Z,_Z,N,2019-05,3.9,A,0,2,
OECD.SDD.STES:DSD_STES@DF_FINMARK(4.0),ISL,M,IRLT,PA,_Z,_Z,_Z,_Z,N,2019-06,3.79,A,0,2,
OECD.SDD.STES:DSD_STES@DF_FINMARK(4.0),ISL,M,IRLT,PA,_Z,_Z,_Z,_Z,N,2019-07,3.78,A,0,2,
OECD.SDD.STES:DSD_STES@DF_FINMARK(4.0),ISL,M,IRLT,PA,_Z,_Z,_Z,_Z,N,2019-08,3.63,A,0,2,
OECD.SDD.STES:DSD_STES@DF_FINMARK(4.0),ISL,M,IRLT,PA,_Z,_Z,_Z,_Z,N,2019-09,3.3,A,0,2,
OECD.SDD.STES:DSD_STES@DF_FINMARK(4.0),ISL,M,IRLT,PA,_Z,_Z,_Z,_Z,N,2019-10,3.26,A,0,2,
OECD.SDD.STES:DSD_STES@DF_FINMARK(4.0),ISL,M,IRLT,PA,_Z,_Z,_Z,_Z,N,2019-11,3.59,A,0,2,
OECD.SDD.STES:DSD_STES@DF_FINMARK(4.0),ISL,M,IRLT,PA,_Z,_Z,_Z,_Z,N,2019-12,3.38,A,0,2,
OECD.SDD.STES:DSD_STES@DF_FINMARK(4.0),ISL,M,IRLT,PA,_Z,_Z,_Z,_Z,N,2020-01,3.09,A,0,2,
OECD.SDD.STES:DSD_STES@DF_FINMARK(4.0),ISL,M,IRLT,PA,_Z,_Z,_Z,_Z,N,2020-02,2.83,A,0,2,
OECD.SDD.STES:DSD_STES@DF_FINMARK(4.0),ISL,M,IRLT,PA,_Z,_Z,_Z,_Z,N,2020-03,2.42,A,0,2,
OECD.SDD.STES:DSD_STES@DF_FINMARK(4.0),ISL,M,IRLT,PA,_Z,_Z,_Z,_Z,N,2020-04,2.18,A,0,2,
OECD.SDD.STES:DSD_STES@DF_FINMARK(4.0),ISL,M,IRLT,PA,_Z,_Z,_Z,_Z,N,2020-05,1.94,A,0,2,
OECD.SDD.STES:DSD_STES@DF_FINMARK(4.0),ISL,M,IRLT,PA,_Z,_Z,_Z,_Z,N,2020-06,2.15,A,0,2,
OECD.SDD.STES:DSD_STES@DF_FINMARK(4.0),ISL,M,IRLT,PA,_Z,_Z,_Z,_Z,N,2020-07,2.14,A,0,2,
OECD.SDD.STES:DSD_STES@DF_FINMARK(4.0),ISL,M,IRLT,PA,_Z,_Z,_Z,_Z,N,2020-08,2.43,A,0,2,
OECD.SDD.STES:DSD_STES@DF_FINMARK(4.0),ISL,M,IRLT,PA,_Z,_Z,_Z,_Z,N,2020-09,2.47,A,0,2,
OECD.SDD.STES:DSD_STES@DF_FINMARK(4.0),ISL,M,IRLT,PA,_Z,_Z,_Z,_Z,N,2020-10,2.63,A,0,2,
OECD.SDD.STES:DSD_STES@DF_FINMARK(4.0),ISL,M,IRLT,PA,_Z,_Z,_Z,_Z,N,2020-11,2.66,A,0,2,
OECD.SDD.STES:DSD_STES@DF_FINMARK(4.0),ISL,M,IRLT,PA,_Z,_Z,_Z,_Z,N,2020-12,2.66,A,0,2,
OECD.SDD.STES:DSD_STES@DF_FINMARK(4.0),ISL,M,IRLT,PA,_Z,_Z,_Z,_Z,N,2021-01,2.86,A,0,2,
OECD.SDD.STES:DSD_STES@DF_FINMARK(4.0),ISL,M,IRLT,PA,_Z,_Z,_Z,_Z,N,2021-02,3.08,A,0,2,
OECD.SDD.STES:DSD_STES@DF_FINMARK(4.0),ISL,M,IRLT,PA,_Z,_Z,_Z,_Z,N,2021-03,3.04,A,0,2,
OECD.SDD.STES:DSD_STES@DF_FINMARK(4.0),ISL,M,IRLT,PA,_Z,_Z,_Z,_Z,N,2021-04,3.23,A,0,2,
OECD.SDD.STES:DSD_STES@DF_FINMARK(4.0),ISL,M,IRLT,PA,_Z,_Z,_Z,_Z,N,2021-05,3.4,A,0,2,
OECD.SDD.STES:DSD_STES@DF_FINMARK(4.0),ISL,M,IRLT,PA,_Z,_Z,_Z,_Z,N,2021-06,3.21,A,0,2,
OECD.SDD.STES:DSD_STES@DF_FINMARK(4.0),ISL,M,IRLT,PA,_Z,_Z,_Z,_Z,N,2021-07,3.2,A,0,2,
OECD.SDD.STES:DSD_STES@DF_FINMARK(4.0),ISL,M,IRLT,PA,_Z,_Z,_Z,_Z,N,2021-08,3.32,A,0,2,
OECD.SDD.STES:DSD_STES@DF_FINMARK(4.0),ISL,M,IRLT,PA,_Z,_Z,_Z,_Z,N,2021-09,3.65,A,0,2,
OECD.SDD.STES:DSD_STES@DF_FINMARK(4.0),ISL,M,IRLT,PA,_Z,_Z,_Z,_Z,N,2021-10,3.86,A,0,2,
OECD.SDD.STES:DSD_STES@DF_FINMARK(4.0),ISL,M,IRLT,PA,_Z,_Z,_Z,_Z,N,2021-11,3.86,A,0,2,
OECD.SDD.STES:DSD_STES@DF_FINMARK(4.0),ISL,M,IRLT,PA,_Z,_Z,_Z,_Z,N,2021-12,3.94,A,0,2,
OECD.SDD.STES:DSD_STES@DF_FINMARK(4.0),ISL,M,IRLT,PA,_Z,_Z,_Z,_Z,N,2022-01,4.48,A,0,2,
OECD.SDD.STES:DSD_STES@DF_FINMARK(4.0),ISL,M,IRLT,PA,_Z,_Z,_Z,_Z,N,2022-02,4.51,A,0,2,
OECD.SDD.STES:DSD_STES@DF_FINMARK(4.0),ISL,M,IRLT,PA,_Z,_Z,_Z,_Z,N,2022-03,5.08,A,0,2,
OECD.SDD.STES:DSD_STES@DF_FINMARK(4.0),ISL,M,IRLT,PA,_Z,_Z,_Z,_Z,N,2022-04,5.19,A,0,2,
OECD.SDD.STES:DSD_STES@DF_FINMARK(4.0),ISL,M,IRLT,PA,_Z,_Z,_Z,_Z,N,2022-05,5.48,A,0,2,
OECD.SDD.STES:DSD_STES@DF_FINMARK(4.0),ISL,M,IRLT,PA,_Z,_Z,_Z,_Z,N,2022-06,5.75,A,0,2,
OECD.SDD.STES:DSD_STES@DF_FINMARK(4.0),ISL,M,IRLT,PA,_Z,_Z,_Z,_Z,N,2022-07,5.74,A,0,2,
OECD.SDD.STES:DSD_STES@DF_FINMARK(4.0),ISL,M,IRLT,PA,_Z,_Z,_Z,_Z,N,2022-08,5.87,A,0,2,
OECD.SDD.STES:DSD_STES@DF_FINMARK(4.0),FRA,M,IRLT,PA,_Z,_Z,_Z,_Z,N,2016-04,0.51,A,0,2,
OECD.SDD.STES:DSD_STES@DF_FINMARK(4.0),FRA,M,IRLT,PA,_Z,_Z,_Z,_Z,N,2017-09,0.7,A,0,2,
OECD.SDD.STES:DSD_STES@DF_FINMARK(4.0),FRA,M,IRLT,PA,_Z,_Z,_Z,_Z,N,2023-01,2.69,A,0,2,
OECD.SDD.STES:DSD_STES@DF_FINMARK(4.0),HUN,M,IRLT,PA,_Z,_Z,_Z,_Z,N,2015-01,3.18,A,0,2,
OECD.SDD.STES:DSD_STES@DF_FINMARK(4.0),HUN,M,IRLT,PA,_Z,_Z,_Z,_Z,N,2015-02,3.07,A,0,2,
OECD.SDD.STES:DSD_STES@DF_FINMARK(4.0),HUN,M,IRLT,PA,_Z,_Z,_Z,_Z,N,2015-03,3.29,A,0,2,
OECD.SDD.STES:DSD_STES@DF_FINMARK(4.0),HUN,M,IRLT,PA,_Z,_Z,_Z,_Z,N,2015-04,3.28,A,0,2,
OECD.SDD.STES:DSD_STES@DF_FINMARK(4.0),HUN,M,IRLT,PA,_Z,_Z,_Z,_Z,N,2015-05,3.59,A,0,2,
OECD.SDD.STES:DSD_STES@DF_FINMARK(4.0),HUN,M,IRLT,PA,_Z,_Z,_Z,_Z,N,2015-06,3.86,A,0,2,
OECD.SDD.STES:DSD_STES@DF_FINMARK(4.0),HUN,M,IRLT,PA,_Z,_Z,_Z,_Z,N,2015-07,3.72,A,0,2,
OECD.SDD.STES:DSD_STES@DF_FINMARK(4.0),HUN,M,IRLT,PA,_Z,_Z,_Z,_Z,N,2015-08,3.61,A,0,2,
OECD.SDD.STES:DSD_STES@DF_FINMARK(4.0),HUN,M,IRLT,PA,_Z,_Z,_Z,_Z,N,2015-09,3.5,A,0,2,
OECD.SDD.STES:DSD_STES@DF_FINMARK(4.0),HUN,M,IRLT,PA,_Z,_Z,_Z,_Z,N,2015-10,3.28,A,0,2,
OECD.SDD.STES:DSD_STES@DF_FINMARK(4.0),HUN,M,IRLT,PA,_Z,_Z,_Z,_Z,N,2015-11,3.34,A,0,2,
OECD.SDD.STES:DSD_STES@DF_FINMARK(4.0),HUN,M,IRLT,PA,_Z,_Z,_Z,_Z,N,2015-12,3.47,A,0,2,
OECD.SDD.STES:DSD_STES@DF_FINMARK(4.0),HUN,M,IRLT,PA,_Z,_Z,_Z,_Z,N,2016-01,3.36,A,0,2,
OECD.SDD.STES:DSD_STES@DF_FINMARK(4.0),HUN,M,IRLT,PA,_Z,_Z,_Z,_Z,N,2016-02,3.36,A,0,2,
OECD.SDD.STES:DSD_STES@DF_FINMARK(4.0),HUN,M,IRLT,PA,_Z,_Z,_Z,_Z,N,2016-03,3.13,A,0,2,
OECD.SDD.STES:DSD_STES@DF_FINMARK(4.0),HUN,M,IRLT,PA,_Z,_Z,_Z,_Z,N,2016-04,3.02,A,0,2,
OECD.SDD.STES:DSD_STES@DF_FINMARK(4.0),HUN,M,IRLT,PA,_Z,_Z,_Z,_Z,N,2016-05,3.35,A,0,2,
OECD.SDD.STES:DSD_STES@DF_FINMARK(4.0),HUN,M,IRLT,PA,_Z,_Z,_Z,_Z,N,2016-06,3.31,A,0,2,
OECD.SDD.STES:DSD_STES@DF_FINMARK(4.0),HUN,M,IRLT,PA,_Z,_Z,_Z,_Z,N,2016-07,2.88,A,0,2,
OECD.SDD.STES:DSD_STES@DF_FINMARK(4.0),HUN,M,IRLT,PA,_Z,_Z,_Z,_Z,N,2016-08,2.83,A,0,2,
OECD.SDD.STES:DSD_STES@DF_FINMARK(4.0),HUN,M,IRLT,PA,_Z,_Z,_Z,_Z,N,2016-09,2.88,A,0,2,
OECD.SDD.STES:DSD_STES@DF_FINMARK(4.0),HUN,M,IRLT,PA,_Z,_Z,_Z,_Z,N,2016-10,2.93,A,0,2,
OECD.SDD.STES:DSD_STES@DF_FINMARK(4.0),HUN,M,IRLT,PA,_Z,_Z,_Z,_Z,N,2016-11,3.36,A,0,2,
OECD.SDD.STES:DSD_STES@DF_FINMARK(4.0),HUN,M,IRLT,PA,_Z,_Z,_Z,_Z,N,2016-12,3.31,A,0,2,
OECD.SDD.STES:DSD_STES@DF_FINMARK(4.0),HUN,M,IRLT,PA,_Z,_Z,_Z,_Z,N,2017-01,3.4,A,0,2,
OECD.SDD.STES:DSD_STES@DF_FINMARK(4.0),HUN,M,IRLT,PA,_Z,_Z,_Z,_Z,N,2017-02,3.52,A,0,2,
OECD.SDD.STES:DSD_STES@DF_FINMARK(4.0),HUN,M,IRLT,PA,_Z,_Z,_Z,_Z,N,2017-03,3.48,A,0,2,
OECD.SDD.STES:DSD_STES@DF_FINMARK(4.0),HUN,M,IRLT,PA,_Z,_Z,_Z,_Z,N,2017-04,3.28,A,0,2,
OECD.SDD.STES:DSD_STES@DF_FINMARK(4.0),HUN,M,IRLT,PA,_Z,_Z,_Z,_Z,N,2017-05,3.1,A,0,2,
OECD.SDD.STES:DSD_STES@DF_FINMARK(4.0),HUN,M,IRLT,PA,_Z,_Z,_Z,_Z,N,2017-06,2.99,A,0,2,
OECD.SDD.STES:DSD_STES@DF_FINMARK(4.0),HUN,M,IRLT,PA,_Z,_Z,_Z,_Z,N,2017-07,3.1,A,0,2,
OECD.SDD.STES:DSD_STES@DF_FINMARK(4.0),HUN,M,IRLT,PA,_Z,_Z,_Z,_Z,N,2017-08,3.05,A,0,2,
OECD.SDD.STES:DSD_STES@DF_FINMARK(4.0),HUN,M,IRLT,PA,_Z,_Z,_Z,_Z,N,2017-09,2.76,A,0,2,
OECD.SDD.STES:DSD_STES@DF_FINMARK(4.0),HUN,M,IRLT,PA,_Z,_Z,_Z,_Z,N,2017-10,2.57,A,0,2,
OECD.SDD.STES:DSD_STES@DF_FINMARK(4.0),HUN,M,IRLT,PA,_Z,_Z,_Z,_Z,N,2017-11,2.23,A,0,2,
OECD.SDD.STES:DSD_STES@DF_FINMARK(4.0),HUN,M,IRLT,PA,_Z,_Z,_Z,_Z,N,2017-12,2.07,A,0,2,
OECD.SDD.STES:DSD_STES@DF_FINMARK(4.0),HUN,M,IRLT,PA,_Z,_Z,_Z,_Z,N,2018-01,2.06,A,0,2,
OECD.SDD.STES:DSD_STES@DF_FINMARK(4.0),HUN,M,IRLT,PA,_Z,_Z,_Z,_Z,N,2018-02,2.55,A,0,2,
OECD.SDD.STES:DSD_STES@DF_FINMARK(4.0),HUN,M,IRLT,PA,_Z,_Z,_Z,_Z,N,2018-03,2.6,A,0,2,
OECD.SDD.STES:DSD_STES@DF_FINMARK(4.0),HUN,M,IRLT,PA,_Z,_Z,_Z,_Z,N,2018-04,2.47,A,0,2,
OECD.SDD.STES:DSD_STES@DF_FINMARK(4.0),HUN,M,IRLT,PA,_Z,_Z,_Z,_Z,N,2018-05,2.92,A,0,2,
OECD.SDD.STES:DSD_STES@DF_FINMARK(4.0),HUN,M,IRLT,PA,_Z,_Z,_Z,_Z,N,2018-06,3.37,A,0,2,
OECD.SDD.STES:DSD_STES@DF_FINMARK(4.0),HUN,M,IRLT,PA,_Z,_Z,_Z,_Z,N,2018-07,3.39,A,0,2,
OECD.SDD.STES:DSD_STES@DF_FINMARK(4.0),HUN,M,IRLT,PA,_Z,_Z,_Z,_Z,N,2018-08,3.41,A,0,2,
OECD.SDD.STES:DSD_STES@DF_FINMARK(4.0),HUN,M,IRLT,PA,_Z,_Z,_Z,_Z,N,2018-09,3.57,A,0,2,
OECD.SDD.STES:DSD_STES@DF_FINMARK(4.0),HUN,M,IRLT,PA,_Z,_Z,_Z,_Z,N,2018-10,3.74,A,0,2,
OECD.SDD.STES:DSD_STES@DF_FINMARK(4.0),HUN,M,IRLT,PA,_Z,_Z,_Z,_Z,N,2018-11,3.47,A,0,2,
OECD.SDD.STES:DSD_STES@DF_FINMARK(4.0),HUN,M,IRLT,PA,_Z,_Z,_Z,_Z,N,2018-12,3.15,A,0,2,
OECD.SDD.STES:DSD_STES@DF_FINMARK(4.0),HUN,M,IRLT,PA,_Z,_Z,_Z,_Z,N,2019-01,2.85,A,0,2,
OECD.SDD.STES:DSD_STES@DF_FINMARK(4.0),HUN,M,IRLT,PA,_Z,_Z,_Z,_Z,N,2019-02,2.68,A,0,2,
OECD.SDD.STES:DSD_STES@DF_FINMARK(4.0),HUN,M,IRLT,PA,_Z,_Z,_Z,_Z,N,2019-03,3.03,A,0,2,
OECD.SDD.STES:DSD_STES@DF_FINMARK(4.0),HUN,M,IRLT,PA,_Z,_Z,_Z,_Z,N,2019-04,3.14,A,0,2,
OECD.SDD.STES:DSD_STES@DF_FINMARK(4.0),HUN,M,IRLT,PA,_Z,_Z,_Z,_Z,N,2019-05,3.19,A,0,2,
OECD.SDD.STES:DSD_STES@DF_FINMARK(4.0),HUN,M,IRLT,PA,_Z,_Z,_Z,_Z,N,2019-06,2.74,A,0,2,
OECD.SDD.STES:DSD_STES@DF_FINMARK(4.0),HUN,M,IRLT,PA,_Z,_Z,_Z,_Z,N,2019-07,2.33,A,0,2,
OECD.SDD.STES:DSD_STES@DF_FINMARK(4.0),HUN,M,IRLT,PA,_Z,_Z,_Z,_Z,N,2019-08,1.83,A,0,2,
OECD.SDD.STES:DSD_STES@DF_FINMARK(4.0),HUN,M,IRLT,PA,_Z,_Z,_Z,_Z,N,2019-09,2.02,A,0,2,
OECD.SDD.STES:DSD_STES@DF_FINMARK(4.0),HUN,M,IRLT,PA,_Z,_Z,_Z,_Z,N,2019-10,1.94,A,0,2,
OECD.SDD.STES:DSD_STES@DF_FINMARK(4.0),HUN,M,IRLT,PA,_Z,_Z,_Z,_Z,N,2019-11,1.95,A,0,2,
OECD.SDD.STES:DSD_STES@DF_FINMARK(4.0),HUN,M,IRLT,PA,_Z,_Z,_Z,_Z,N,2019-12,1.88,A,0,2,
OECD.SDD.STES:DSD_STES@DF_FINMARK(4.0),HUN,M,IRLT,PA,_Z,_Z,_Z,_Z,N,2020-01,2.08,A,0,2,
OECD.SDD.STES:DSD_STES@DF_FINMARK(4.0),HUN,M,IRLT,PA,_Z,_Z,_Z,_Z,N,2020-02,2.15,A,0,2,
OECD.SDD.STES:DSD_STES@DF_FINMARK(4.0),HUN,M,IRLT,PA,_Z,_Z,_Z,_Z,N,2020-03,2.43,A,0,2,
OECD.SDD.STES:DSD_STES@DF_FINMARK(4.0),HUN,M,IRLT,PA,_Z,_Z,_Z,_Z,N,2020-04,2.49,A,0,2,
OECD.SDD.STES:DSD_STES@DF_FINMARK(4.0),HUN,M,IRLT,PA,_Z,_Z,_Z,_Z,N,2020-05,1.99,A,0,2,
OECD.SDD.STES:DSD_STES@DF_FINMARK(4.0),HUN,M,IRLT,PA,_Z,_Z,_Z,_Z,N,2020-06,2.18,A,0,2,
OECD.SDD.STES:DSD_STES@DF_FINMARK(4.0),HUN,M,IRLT,PA,_Z,_Z,_Z,_Z,N,2020-07,2.23,A,0,2,
OECD.SDD.STES:DSD_STES@DF_FINMARK(4.0),HUN,M,IRLT,PA,_Z,_Z,_Z,_Z,N,2020-08,2.18,A,0,2,
OECD.SDD.STES:DSD_STES@DF_FINMARK(4.0),HUN,M,IRLT,PA,_Z,_Z,_Z,_Z,N,2020-09,2.39,A,0,2,
OECD.SDD.STES:DSD_STES@DF_FINMARK(4.0),HUN,M,IRLT,PA,_Z,_Z,_Z,_Z,N,2020-10,2.27,A,0,2,
OECD.SDD.STES:DSD_STES@DF_FINMARK(4.0),HUN,M,IRLT,PA,_Z,_Z,_Z,_Z,N,2020-11,2.15,A,0,2,
OECD.SDD.STES:DSD_STES@DF_FINMARK(4.0),HUN,M,IRLT,PA,_Z,_Z,_Z,_Z,N,2020-12,2.16,A,0,2,
OECD.SDD.STES:DSD_STES@DF_FINMARK(4.0),HUN,M,IRLT,PA,_Z,_Z,_Z,_Z,N,2021-01,2.22,A,0,2,
OECD.SDD.STES:DSD_STES@DF_FINMARK(4.0),HUN,M,IRLT,PA,_Z,_Z,_Z,_Z,N,2021-02,2.43,A,0,2,
OECD.SDD.STES:DSD_STES@DF_FINMARK(4.0),HUN,M,IRLT,PA,_Z,_Z,_Z,_Z,N,2021-03,2.68,A,0,2,
OECD.SDD.STES:DSD_STES@DF_FINMARK(4.0),HUN,M,IRLT,PA,_Z,_Z,_Z,_Z,N,2021-04,2.69,A,0,2,
OECD.SDD.STES:DSD_STES@DF_FINMARK(4.0),HUN,M,IRLT,PA,_Z,_Z,_Z,_Z,N,2021-05,2.94,A,0,2,
OECD.SDD.STES:DSD_STES@DF_FINMARK(4.0),HUN,M,IRLT,PA,_Z,_Z,_Z,_Z,N,2021-06,2.85,A,0,2,
OECD.SDD.STES:DSD_STES@DF_FINMARK(4.0),HUN,M,IRLT,PA,_Z,_Z,_Z,_Z,N,2021-07,2.83,A,0,2,
OECD.SDD.STES:DSD_STES@DF_FINMARK(4.0),HUN,M,IRLT,PA,_Z,_Z,_Z,_Z,N,2021-08,2.84,A,0,2,
OECD.SDD.STES:DSD_STES@DF_FINMARK(4.0),HUN,M,IRLT,PA,_Z,_Z,_Z,_Z,N,2021-09,3.09,A,0,2,
OECD.SDD.STES:DSD_STES@DF_FINMARK(4.0),HUN,M,IRLT,PA,_Z,_Z,_Z,_Z,N,2021-10,3.69,A,0,2,
OECD.SDD.STES:DSD_STES@DF_FINMARK(4.0),HUN,M,IRLT,PA,_Z,_Z,_Z,_Z,N,2021-11,4.07,A,0,2,
OECD.SDD.STES:DSD_STES@DF_FINMARK(4.0),HUN,M,IRLT,PA,_Z,_Z,_Z,_Z,N,2021-12,4.4,A,0,2,
OECD.SDD.STES:DSD_STES@DF_FINMARK(4.0),HUN,M,IRLT,PA,_Z,_Z,_Z,_Z,N,2022-01,4.71,A,0,2,
OECD.SDD.STES:DSD_STES@DF_FINMARK(4.0),HUN,M,IRLT,PA,_Z,_Z,_Z,_Z,N,2022-02,4.86,A,0,2,
OECD.SDD.STES:DSD_STES@DF_FINMARK(4.0),HUN,M,IRLT,PA,_Z,_Z,_Z,_Z,N,2022-03,5.92,A,0,2,
OECD.SDD.STES:DSD_STES@DF_FINMARK(4.0),HUN,M,IRLT,PA,_Z,_Z,_Z,_Z,N,2022-04,6.59,A,0,2,
OECD.SDD.STES:DSD_STES@DF_FINMARK(4.0),HUN,M,IRLT,PA,_Z,_Z,_Z,_Z,N,2022-05,7.2,A,0,2,
OECD.SDD.STES:DSD_STES@DF_FINMARK(4.0),HUN,M,IRLT,PA,_Z,_Z,_Z,_Z,N,2022-06,7.95,A,0,2,
OECD.SDD.STES:DSD_STES@DF_FINMARK(4.0),HUN,M,IRLT,PA,_Z,_Z,_Z,_Z,N,2022-07,8.51,A,0,2,
OECD.SDD.STES:DSD_STES@DF_FINMARK(4.0),HUN,M,IRLT,PA,_Z,_Z,_Z,_Z,N,2022-08,8.19,A,0,2,
OECD.SDD.STES:DSD_STES@DF_FINMARK(4.0),HUN,M,IRLT,PA,_Z,_Z,_Z,_Z,N,2022-09,9.23,A,0,2,
OECD.SDD.STES:DSD_STES@DF_FINMARK(4.0),HUN,M,IRLT,PA,_Z,_Z,_Z,_Z,N,2022-10,10.25,A,0,2,
OECD.SDD.STES:DSD_STES@DF_FINMARK(4.0),HUN,M,IRLT,PA,_Z,_Z,_Z,_Z,N,2022-11,8.81,A,0,2,
OECD.SDD.STES:DSD_STES@DF_FINMARK(4.0),HUN,M,IRLT,PA,_Z,_Z,_Z,_Z,N,2022-12,8.63,A,0,2,
OECD.SDD.STES:DSD_STES@DF_FINMARK(4.0),HUN,M,IRLT,PA,_Z,_Z,_Z,_Z,N,2023-01,7.76,A,0,2,
OECD.SDD.STES:DSD_STES@DF_FINMARK(4.0),HUN,M,IRLT,PA,_Z,_Z,_Z,_Z,N,2023-02,8.23,A,0,2,
OECD.SDD.STES:DSD_STES@DF_FINMARK(4.0),HUN,M,IRLT,PA,_Z,_Z,_Z,_Z,N,2023-03,8.54,A,0,2,
OECD.SDD.STES:DSD_STES@DF_FINMARK(4.0),HUN,M,IRLT,PA,_Z,_Z,_Z,_Z,N,2023-04,8.35,A,0,2,
OECD.SDD.STES:DSD_STES@DF_FINMARK(4.0),HUN,M,IRLT,PA,_Z,_Z,_Z,_Z,N,2023-05,7.78,A,0,2,
OECD.SDD.STES:DSD_STES@DF_FINMARK(4.0),HUN,M,IRLT,PA,_Z,_Z,_Z,_Z,N,2023-06,7.2,A,0,2,
OECD.SDD.STES:DSD_STES@DF_FINMARK(4.0),HUN,M,IRLT,PA,_Z,_Z,_Z,_Z,N,2023-07,7.1,A,0,2,
OECD.SDD.STES:DSD_STES@DF_FINMARK(4.0),HUN,M,IRLT,PA,_Z,_Z,_Z,_Z,N,2023-08,7.4,A,0,2,
OECD.SDD.STES:DSD_STES@DF_FINMARK(4.0),HUN,M,IRLT,PA,_Z,_Z,_Z,_Z,N,2023-09,7.08,A,0,2,
OECD.SDD.STES:DSD_STES@DF_FINMARK(4.0),HUN,M,IRLT,PA,_Z,_Z,_Z,_Z,N,2023-10,7.53,A,0,2,
OECD.SDD.STES:DSD_STES@DF_FINMARK(4.0),HUN,M,IRLT,PA,_Z,_Z,_Z,_Z,N,2023-11,7.01,A,0,2,
OECD.SDD.STES:DSD_STES@DF_FINMARK(4.0),HUN,M,IRLT,PA,_Z,_Z,_Z,_Z,N,2023-12,6.17,A,0,2,
OECD.SDD.STES:DSD_STES@DF_FINMARK(4.0),HUN,M,IRLT,PA,_Z,_Z,_Z,_Z,N,2024-01,5.98,A,0,2,
OECD.SDD.STES:DSD_STES@DF_FINMARK(4.0),HUN,M,IRLT,PA,_Z,_Z,_Z,_Z,N,2024-02,6.22,A,0,2,
OECD.SDD.STES:DSD_STES@DF_FINMARK(4.0),HUN,M,IRLT,PA,_Z,_Z,_Z,_Z,N,2024-03,6.48,A,0,2,
OECD.SDD.STES:DSD_STES@DF_FINMARK(4.0),HUN,M,IRLT,PA,_Z,_Z,_Z,_Z,N,2024-04,6.97,A,0,2,
OECD.SDD.STES:DSD_STES@DF_FINMARK(4.0),HUN,M,IRLT,PA,_Z,_Z,_Z,_Z,N,2024-05,6.79,A,0,2,
OECD.SDD.STES:DSD_STES@DF_FINMARK(4.0),HUN,M,IRLT,PA,_Z,_Z,_Z,_Z,N,2024-06,6.8,A,0,2,
OECD.SDD.STES:DSD_STES@DF_FINMARK(4.0),HUN,M,IRLT,PA,_Z,_Z,_Z,_Z,N,2024-07,6.61,A,0,2,
OECD.SDD.STES:DSD_STES@DF_FINMARK(4.0),HUN,M,IRLT,PA,_Z,_Z,_Z,_Z,N,2024-08,6.3,A,0,2,
OECD.SDD.STES:DSD_STES@DF_FINMARK(4.0),HUN,M,IRLT,PA,_Z,_Z,_Z,_Z,N,2024-09,6.22,A,0,2,
OECD.SDD.STES:DSD_STES@DF_FINMARK(4.0),HUN,M,IRLT,PA,_Z,_Z,_Z,_Z,N,2024-10,6.57,A,0,2,
OECD.SDD.STES:DSD_STES@DF_FINMARK(4.0),HUN,M,IRLT,PA,_Z,_Z,_Z,_Z,N,2024-11,6.63,A,0,2,
OECD.SDD.STES:DSD_STES@DF_FINMARK(4.0),HUN,M,IRLT,PA,_Z,_Z,_Z,_Z,N,2024-12,6.44,A,0,2,
OECD.SDD.STES:DSD_STES@DF_FINMARK(4.0),HUN,M,IRLT,PA,_Z,_Z,_Z,_Z,N,2025-01,6.82,A,0,2,
OECD.SDD.STES:DSD_STES@DF_FINMARK(4.0),HUN,M,IRLT,PA,_Z,_Z,_Z,_Z,N,2025-02,6.67,A,0,2,
OECD.SDD.STES:DSD_STES@DF_FINMARK(4.0),HUN,M,IRLT,PA,_Z,_Z,_Z,_Z,N,2025-03,7.04,A,0,2,
OECD.SDD.STES:DSD_STES@DF_FINMARK(4.0),HUN,M,IRLT,PA,_Z,_Z,_Z,_Z,N,2025-04,6.99,A,0,2,
OECD.SDD.STES:DSD_STES@DF_FINMARK(4.0),HUN,M,IRLT,PA,_Z,_Z,_Z,_Z,N,2025-05,6.95,A,0,2,
OECD.SDD.STES:DSD_STES@DF_FINMARK(4.0),HUN,M,IRLT,PA,_Z,_Z,_Z,_Z,N,2025-06,7.08,A,0,2,
OECD.SDD.STES:DSD_STES@DF_FINMARK(4.0),HUN,M,IRLT,PA,_Z,_Z,_Z,_Z,N,2025-07,7.02,A,0,2,
OECD.SDD.STES:DSD_STES@DF_FINMARK(4.0),HUN,M,IRLT,PA,_Z,_Z,_Z,_Z,N,2025-08,7.03,A,0,2,
OECD.SDD.STES:DSD_STES@DF_FINMARK(4.0),HUN,M,IRLT,PA,_Z,_Z,_Z,_Z,N,2025-09,6.96,A,0,2,
OECD.SDD.STES:DSD_STES@DF_FINMARK(4.0),HUN,M,IRLT,PA,_Z,_Z,_Z,_Z,N,2025-10,6.79,A,0,2,
OECD.SDD.STES:DSD_STES@DF_FINMARK(4.0),HUN,M,IRLT,PA,_Z,_Z,_Z,_Z,N,2025-11,6.97,A,0,2,
OECD.SDD.STES:DSD_STES@DF_FINMARK(4.0),HUN,M,IRLT,PA,_Z,_Z,_Z,_Z,N,2025-12,6.89,A,0,2,
OECD.SDD.STES:DSD_STES@DF_FINMARK(4.0),HUN,M,IRLT,PA,_Z,_Z,_Z,_Z,N,2026-01,6.67,A,0,2,
OECD.SDD.STES:DSD_STES@DF_FINMARK(4.0),HUN,M,IRLT,PA,_Z,_Z,_Z,_Z,N,2026-02,6.48,A,0,2,
OECD.SDD.STES:DSD_STES@DF_FINMARK(4.0),HUN,M,IRLT,PA,_Z,_Z,_Z,_Z,N,2026-03,7.13,A,0,2,
OECD.SDD.STES:DSD_STES@DF_FINMARK(4.0),HUN,M,IRLT,PA,_Z,_Z,_Z,_Z,N,2026-04,6.27,A,0,2,
OECD.SDD.STES:DSD_STES@DF_FINMARK(4.0),HUN,M,IRLT,PA,_Z,_Z,_Z,_Z,N,2026-05,5.65,A,0,2,
OECD.SDD.STES:DSD_STES@DF_FINMARK(4.0),SVK,M,IRLT,PA,_Z,_Z,_Z,_Z,N,2015-01,1.1,A,0,2,
OECD.SDD.STES:DSD_STES@DF_FINMARK(4.0),SVK,M,IRLT,PA,_Z,_Z,_Z,_Z,N,2015-02,0.66,A,0,2,
OECD.SDD.STES:DSD_STES@DF_FINMARK(4.0),SVK,M,IRLT,PA,_Z,_Z,_Z,_Z,N,2015-03,0.52,A,0,2,
OECD.SDD.STES:DSD_STES@DF_FINMARK(4.0),SVK,M,IRLT,PA,_Z,_Z,_Z,_Z,N,2015-04,0.96,A,0,2,
OECD.SDD.STES:DSD_STES@DF_FINMARK(4.0),SVK,M,IRLT,PA,_Z,_Z,_Z,_Z,N,2015-05,0.92,A,0,2,
OECD.SDD.STES:DSD_STES@DF_FINMARK(4.0),SVK,M,IRLT,PA,_Z,_Z,_Z,_Z,N,2015-06,1.15,A,0,2,
OECD.SDD.STES:DSD_STES@DF_FINMARK(4.0),SVK,M,IRLT,PA,_Z,_Z,_Z,_Z,N,2015-07,1.25,A,0,2,
OECD.SDD.STES:DSD_STES@DF_FINMARK(4.0),SVK,M,IRLT,PA,_Z,_Z,_Z,_Z,N,2015-08,0.99,A,0,2,
OECD.SDD.STES:DSD_STES@DF_FINMARK(4.0),SVK,M,IRLT,PA,_Z,_Z,_Z,_Z,N,2015-09,0.894,A,0,2,
OECD.SDD.STES:DSD_STES@DF_FINMARK(4.0),SVK,M,IRLT,PA,_Z,_Z,_Z,_Z,N,2015-10,0.752,A,0,2,
OECD.SDD.STES:DSD_STES@DF_FINMARK(4.0),SVK,M,IRLT,PA,_Z,_Z,_Z,_Z,N,2015-11,0.707,A,0,2,
OECD.SDD.STES:DSD_STES@DF_FINMARK(4.0),SVK,M,IRLT,PA,_Z,_Z,_Z,_Z,N,2015-12,0.72,A,0,2,
OECD.SDD.STES:DSD_STES@DF_FINMARK(4.0),SVK,M,IRLT,PA,_Z,_Z,_Z,_Z,N,2016-01,0.713,A,0,2,
OECD.SDD.STES:DSD_STES@DF_FINMARK(4.0),SVK,M,IRLT,PA,_Z,_Z,_Z,_Z,N,2016-02,0.55669,A,0,2,
OECD.SDD.STES:DSD_STES@DF_FINMARK(4.0),SVK,M,IRLT,PA,_Z,_Z,_Z,_Z,N,2016-03,0.434271,A,0,2,
OECD.SDD.STES:DSD_STES@DF_FINMARK(4.0),SVK,M,IRLT,PA,_Z,_Z,_Z,_Z,N,2016-04,0.381857,A,0,2,
OECD.SDD.STES:DSD_STES@DF_FINMARK(4.0),SVK,M,IRLT,PA,_Z,_Z,_Z,_Z,N,2016-05,0.414336,A,0,2,
OECD.SDD.STES:DSD_STES@DF_FINMARK(4.0),SVK,M,IRLT,PA,_Z,_Z,_Z,_Z,N,2016-06,0.772545,A,0,2,
OECD.SDD.STES:DSD_STES@DF_FINMARK(4.0),SVK,M,IRLT,PA,_Z,_Z,_Z,_Z,N,2016-07,0.487085,A,0,2,
OECD.SDD.STES:DSD_STES@DF_FINMARK(4.0),SVK,M,IRLT,PA,_Z,_Z,_Z,_Z,N,2016-08,0.300682,A,0,2,
OECD.SDD.STES:DSD_STES@DF_FINMARK(4.0),SVK,M,IRLT,PA,_Z,_Z,_Z,_Z,N,2016-09,0.3188,A,0,2,
OECD.SDD.STES:DSD_STES@DF_FINMARK(4.0),SVK,M,IRLT,PA,_Z,_Z,_Z,_Z,N,2016-10,0.422162,A,0,2,
OECD.SDD.STES:DSD_STES@DF_FINMARK(4.0),SVK,M,IRLT,PA,_Z,_Z,_Z,_Z,N,2016-11,0.7229,A,0,2,
OECD.SDD.STES:DSD_STES@DF_FINMARK(4.0),SVK,M,IRLT,PA,_Z,_Z,_Z,_Z,N,2016-12,1.008583,A,0,2,
OECD.SDD.STES:DSD_STES@DF_FINMARK(4.0),SVK,M,IRLT,PA,_Z,_Z,_Z,_Z,N,2017-01,1.027979,A,0,2,
OECD.SDD.STES:DSD_STES@DF_FINMARK(4.0),SVK,M,IRLT,PA,_Z,_Z,_Z,_Z,N,2017-02,1.091955,A,0,2,
OECD.SDD.STES:DSD_STES@DF_FINMARK(4.0),SVK,M,IRLT,PA,_Z,_Z,_Z,_Z,N,2017-03,1.086437,A,0,2,
OECD.SDD.STES:DSD_STES@DF_FINMARK(4.0),SVK,M,IRLT,PA,_Z,_Z,_Z,_Z,N,2017-04,1.058,A,0,2,
OECD.SDD.STES:DSD_STES@DF_FINMARK(4.0),SVK,M,IRLT,PA,_Z,_Z,_Z,_Z,N,2017-05,1.034762,A,0,2,
OECD.SDD.STES:DSD_STES@DF_FINMARK(4.0),SVK,M,IRLT,PA,_Z,_Z,_Z,_Z,N,2017-06,0.860195,A,0,2,
OECD.SDD.STES:DSD_STES@DF_FINMARK(4.0),SVK,M,IRLT,PA,_Z,_Z,_Z,_Z,N,2017-07,0.92725,A,0,2,
OECD.SDD.STES:DSD_STES@DF_FINMARK(4.0),SVK,M,IRLT,PA,_Z,_Z,_Z,_Z,N,2017-08,0.827727,A,0,2,
OECD.SDD.STES:DSD_STES@DF_FINMARK(4.0),SVK,M,IRLT,PA,_Z,_Z,_Z,_Z,N,2017-09,0.816,A,0,2,
OECD.SDD.STES:DSD_STES@DF_FINMARK(4.0),SVK,M,IRLT,PA,_Z,_Z,_Z,_Z,N,2017-10,0.828773,A,0,2,
OECD.SDD.STES:DSD_STES@DF_FINMARK(4.0),SVK,M,IRLT,PA,_Z,_Z,_Z,_Z,N,2017-11,0.759413,A,0,2,
OECD.SDD.STES:DSD_STES@DF_FINMARK(4.0),SVK,M,IRLT,PA,_Z,_Z,_Z,_Z,N,2017-12,0.665837,A,0,2,
OECD.SDD.STES:DSD_STES@DF_FINMARK(4.0),SVK,M,IRLT,PA,_Z,_Z,_Z,_Z,N,2018-01,0.689,A,0,2,
OECD.SDD.STES:DSD_STES@DF_FINMARK(4.0),SVK,M,IRLT,PA,_Z,_Z,_Z,_Z,N,2018-02,0.76515,A,0,2,
OECD.SDD.STES:DSD_STES@DF_FINMARK(4.0),SVK,M,IRLT,PA,_Z,_Z,_Z,_Z,N,2018-03,0.80281,A,0,2,
OECD.SDD.STES:DSD_STES@DF_FINMARK(4.0),SVK,M,IRLT,PA,_Z,_Z,_Z,_Z,N,2018-04,0.7495,A,0,2,
OECD.SDD.STES:DSD_STES@DF_FINMARK(4.0),SVK,M,IRLT,PA,_Z,_Z,_Z,_Z,N,2018-05,0.75219,A,0,2,
OECD.SDD.STES:DSD_STES@DF_FINMARK(4.0),SVK,M,IRLT,PA,_Z,_Z,_Z,_Z,N,2018-06,1.013524,A,0,2,
OECD.SDD.STES:DSD_STES@DF_FINMARK(4.0),SVK,M,IRLT,PA,_Z,_Z,_Z,_Z,N,2018-07,0.943429,A,0,2,
OECD.SDD.STES:DSD_STES@DF_FINMARK(4.0),SVK,M,IRLT,PA,_Z,_Z,_Z,_Z,N,2018-08,0.923864,A,0,2,
OECD.SDD.STES:DSD_STES@DF_FINMARK(4.0),SVK,M,IRLT,PA,_Z,_Z,_Z,_Z,N,2018-09,0.977,A,0,2,
OECD.SDD.STES:DSD_STES@DF_FINMARK(4.0),SVK,M,IRLT,PA,_Z,_Z,_Z,_Z,N,2018-10,1.066348,A,0,2,
OECD.SDD.STES:DSD_STES@DF_FINMARK(4.0),SVK,M,IRLT,PA,_Z,_Z,_Z,_Z,N,2018-11,1.005095,A,0,2,
OECD.SDD.STES:DSD_STES@DF_FINMARK(4.0),SVK,M,IRLT,PA,_Z,_Z,_Z,_Z,N,2018-12,0.938222,A,0,2,
OECD.SDD.STES:DSD_STES@DF_FINMARK(4.0),SVK,M,IRLT,PA,_Z,_Z,_Z,_Z,N,2019-01,0.877455,A,0,2,
OECD.SDD.STES:DSD_STES@DF_FINMARK(4.0),SVK,M,IRLT,PA,_Z,_Z,_Z,_Z,N,2019-02,0.78095,A,0,2,
OECD.SDD.STES:DSD_STES@DF_FINMARK(4.0),SVK,M,IRLT,PA,_Z,_Z,_Z,_Z,N,2019-03,0.675429,A,0,2,
OECD.SDD.STES:DSD_STES@DF_FINMARK(4.0),SVK,M,IRLT,PA,_Z,_Z,_Z,_Z,N,2019-04,0.5668,A,0,2,
OECD.SDD.STES:DSD_STES@DF_FINMARK(4.0),SVK,M,IRLT,PA,_Z,_Z,_Z,_Z,N,2019-05,0.448762,A,0,2,
OECD.SDD.STES:DSD_STES@DF_FINMARK(4.0),SVK,M,IRLT,PA,_Z,_Z,_Z,_Z,N,2019-06,0.2492,A,0,2,
OECD.SDD.STES:DSD_STES@DF_FINMARK(4.0),SVK,M,IRLT,PA,_Z,_Z,_Z,_Z,N,2019-07,0.018045,A,0,2,
OECD.SDD.STES:DSD_STES@DF_FINMARK(4.0),SVK,M,IRLT,PA,_Z,_Z,_Z,_Z,N,2019-08,-0.34119,A,0,2,
OECD.SDD.STES:DSD_STES@DF_FINMARK(4.0),SVK,M,IRLT,PA,_Z,_Z,_Z,_Z,N,2019-09,-0.3364,A,0,2,
OECD.SDD.STES:DSD_STES@DF_FINMARK(4.0),SVK,M,IRLT,PA,_Z,_Z,_Z,_Z,N,2019-10,-0.196435,A,0,2,
OECD.SDD.STES:DSD_STES@DF_FINMARK(4.0),SVK,M,IRLT,PA,_Z,_Z,_Z,_Z,N,2019-11,0.08785,A,0,2,
OECD.SDD.STES:DSD_STES@DF_FINMARK(4.0),SVK,M,IRLT,PA,_Z,_Z,_Z,_Z,N,2019-12,0.125263,A,0,2,
OECD.SDD.STES:DSD_STES@DF_FINMARK(4.0),SVK,M,IRLT,PA,_Z,_Z,_Z,_Z,N,2020-01,0.133286,A,0,2,
OECD.SDD.STES:DSD_STES@DF_FINMARK(4.0),SVK,M,IRLT,PA,_Z,_Z,_Z,_Z,N,2020-02,-0.0018,A,0,2,
OECD.SDD.STES:DSD_STES@DF_FINMARK(4.0),SVK,M,IRLT,PA,_Z,_Z,_Z,_Z,N,2020-03,0.035273,A,0,2,
OECD.SDD.STES:DSD_STES@DF_FINMARK(4.0),SVK,M,IRLT,PA,_Z,_Z,_Z,_Z,N,2020-04,0.69165,A,0,2,
OECD.SDD.STES:DSD_STES@DF_FINMARK(4.0),SVK,M,IRLT,PA,_Z,_Z,_Z,_Z,N,2020-05,0.559684,A,0,2,
OECD.SDD.STES:DSD_STES@DF_FINMARK(4.0),SVK,M,IRLT,PA,_Z,_Z,_Z,_Z,N,2020-06,0.040227,A,0,2,
OECD.SDD.STES:DSD_STES@DF_FINMARK(4.0),SVK,M,IRLT,PA,_Z,_Z,_Z,_Z,N,2020-07,-0.159,A,0,2,
OECD.SDD.STES:DSD_STES@DF_FINMARK(4.0),SVK,M,IRLT,PA,_Z,_Z,_Z,_Z,N,2020-08,-0.224,A,0,2,
OECD.SDD.STES:DSD_STES@DF_FINMARK(4.0),SVK,M,IRLT,PA,_Z,_Z,_Z,_Z,N,2020-09,-0.2692,A,0,2,
OECD.SDD.STES:DSD_STES@DF_FINMARK(4.0),SVK,M,IRLT,PA,_Z,_Z,_Z,_Z,N,2020-10,-0.347409,A,0,2,
OECD.SDD.STES:DSD_STES@DF_FINMARK(4.0),SVK,M,IRLT,PA,_Z,_Z,_Z,_Z,N,2020-11,-0.39345,A,0,2,
OECD.SDD.STES:DSD_STES@DF_FINMARK(4.0),SVK,M,IRLT,PA,_Z,_Z,_Z,_Z,N,2020-12,-0.524714,A,0,2,
OECD.SDD.STES:DSD_STES@DF_FINMARK(4.0),SVK,M,IRLT,PA,_Z,_Z,_Z,_Z,N,2021-01,-0.434316,A,0,2,
OECD.SDD.STES:DSD_STES@DF_FINMARK(4.0),SVK,M,IRLT,PA,_Z,_Z,_Z,_Z,N,2021-02,-0.18255,A,0,2,
OECD.SDD.STES:DSD_STES@DF_FINMARK(4.0),SVK,M,IRLT,PA,_Z,_Z,_Z,_Z,N,2021-03,-0.054826,A,0,2,
OECD.SDD.STES:DSD_STES@DF_FINMARK(4.0),SVK,M,IRLT,PA,_Z,_Z,_Z,_Z,N,2021-04,-0.0554,A,0,2,
OECD.SDD.STES:DSD_STES@DF_FINMARK(4.0),SVK,M,IRLT,PA,_Z,_Z,_Z,_Z,N,2021-05,0.068333,A,0,2,
OECD.SDD.STES:DSD_STES@DF_FINMARK(4.0),SVK,M,IRLT,PA,_Z,_Z,_Z,_Z,N,2021-06,0.025591,A,0,2,
OECD.SDD.STES:DSD_STES@DF_FINMARK(4.0),SVK,M,IRLT,PA,_Z,_Z,_Z,_Z,N,2021-07,-0.13819,A,0,2,
OECD.SDD.STES:DSD_STES@DF_FINMARK(4.0),SVK,M,IRLT,PA,_Z,_Z,_Z,_Z,N,2021-08,-0.249045,A,0,2,
OECD.SDD.STES:DSD_STES@DF_FINMARK(4.0),SVK,M,IRLT,PA,_Z,_Z,_Z,_Z,N,2021-09,-0.07575,A,0,2,
OECD.SDD.STES:DSD_STES@DF_FINMARK(4.0),SVK,M,IRLT,PA,_Z,_Z,_Z,_Z,N,2021-10,0.134095,A,0,2,
OECD.SDD.STES:DSD_STES@DF_FINMARK(4.0),SVK,M,IRLT,PA,_Z,_Z,_Z,_Z,N,2021-11,0.0186,A,0,2,
OECD.SDD.STES:DSD_STES@DF_FINMARK(4.0),SVK,M,IRLT,PA,_Z,_Z,_Z,_Z,N,2021-12,-0.019364,A,0,2,
OECD.SDD.STES:DSD_STES@DF_FINMARK(4.0),SVK,M,IRLT,PA,_Z,_Z,_Z,_Z,N,2022-01,0.25235,A,0,2,
OECD.SDD.STES:DSD_STES@DF_FINMARK(4.0),SVK,M,IRLT,PA,_Z,_Z,_Z,_Z,N,2022-02,0.7126,A,0,2,
OECD.SDD.STES:DSD_STES@DF_FINMARK(4.0),SVK,M,IRLT,PA,_Z,_Z,_Z,_Z,N,2022-03,0.993,A,0,2,
OECD.SDD.STES:DSD_STES@DF_FINMARK(4.0),SVK,M,IRLT,PA,_Z,_Z,_Z,_Z,N,2022-04,1.528526,A,0,2,
OECD.SDD.STES:DSD_STES@DF_FINMARK(4.0),SVK,M,IRLT,PA,_Z,_Z,_Z,_Z,N,2022-05,1.865909,A,0,2,
OECD.SDD.STES:DSD_STES@DF_FINMARK(4.0),SVK,M,IRLT,PA,_Z,_Z,_Z,_Z,N,2022-06,2.381773,A,0,2,
OECD.SDD.STES:DSD_STES@DF_FINMARK(4.0),SVK,M,IRLT,PA,_Z,_Z,_Z,_Z,N,2022-07,2.1442,A,0,2,
OECD.SDD.STES:DSD_STES@DF_FINMARK(4.0),SVK,M,IRLT,PA,_Z,_Z,_Z,_Z,N,2022-08,2.028045,A,0,2,
OECD.SDD.STES:DSD_STES@DF_FINMARK(4.0),SVK,M,IRLT,PA,_Z,_Z,_Z,_Z,N,2022-09,2.87195,A,0,2,
OECD.SDD.STES:DSD_STES@DF_FINMARK(4.0),SVK,M,IRLT,PA,_Z,_Z,_Z,_Z,N,2022-10,3.548238,A,0,2,
OECD.SDD.STES:DSD_STES@DF_FINMARK(4.0),SVK,M,IRLT,PA,_Z,_Z,_Z,_Z,N,2022-11,3.36635,A,0,2,
OECD.SDD.STES:DSD_STES@DF_FINMARK(4.0),SVK,M,IRLT,PA,_Z,_Z,_Z,_Z,N,2022-12,3.195714,A,0,2,
OECD.SDD.STES:DSD_STES@DF_FINMARK(4.0),SVK,M,IRLT,PA,_Z,_Z,_Z,_Z,N,2023-01,3.25181,A,0,2,
OECD.SDD.STES:DSD_STES@DF_FINMARK(4.0),SVK,M,IRLT,PA,_Z,_Z,_Z,_Z,N,2023-02,3.40105,A,0,2,
OECD.SDD.STES:DSD_STES@DF_FINMARK(4.0),SVK,M,IRLT,PA,_Z,_Z,_Z,_Z,N,2023-03,3.580435,A,0,2,
OECD.SDD.STES:DSD_STES@DF_FINMARK(4.0),SVK,M,IRLT,PA,_Z,_Z,_Z,_Z,N,2023-04,3.655833,A,0,2,
OECD.SDD.STES:DSD_STES@DF_FINMARK(4.0),SVK,M,IRLT,PA,_Z,_Z,_Z,_Z,N,2023-05,3.591867,A,0,2,
OECD.SDD.STES:DSD_STES@DF_FINMARK(4.0),SVK,M,IRLT,PA,_Z,_Z,_Z,_Z,N,2023-06,3.621,A,0,2,
OECD.SDD.STES:DSD_STES@DF_FINMARK(4.0),SVK,M,IRLT,PA,_Z,_Z,_Z,_Z,N,2023-07,3.687,A,0,2,
OECD.SDD.STES:DSD_STES@DF_FINMARK(4.0),SVK,M,IRLT,PA,_Z,_Z,_Z,_Z,N,2023-08,3.7965,A,0,2,
OECD.SDD.STES:DSD_STES@DF_FINMARK(4.0),SVK,M,IRLT,PA,_Z,_Z,_Z,_Z,N,2023-09,3.905105,A,0,2,
OECD.SDD.STES:DSD_STES@DF_FINMARK(4.0),SVK,M,IRLT,PA,_Z,_Z,_Z,_Z,N,2023-10,4.122818,A,0,2,
OECD.SDD.STES:DSD_STES@DF_FINMARK(4.0),SVK,M,IRLT,PA,_Z,_Z,_Z,_Z,N,2023-11,3.8629,A,0,2,
OECD.SDD.STES:DSD_STES@DF_FINMARK(4.0),SVK,M,IRLT,PA,_Z,_Z,_Z,_Z,N,2023-12,3.314105,A,0,2,
OECD.SDD.STES:DSD_STES@DF_FINMARK(4.0),SVK,M,IRLT,PA,_Z,_Z,_Z,_Z,N,2024-01,3.386091,A,0,2,
OECD.SDD.STES:DSD_STES@DF_FINMARK(4.0),SVK,M,IRLT,PA,_Z,_Z,_Z,_Z,N,2024-02,3.511619,A,0,2,
OECD.SDD.STES:DSD_STES@DF_FINMARK(4.0),SVK,M,IRLT,PA,_Z,_Z,_Z,_Z,N,2024-03,3.51305,A,0,2,
OECD.SDD.STES:DSD_STES@DF_FINMARK(4.0),SVK,M,IRLT,PA,_Z,_Z,_Z,_Z,N,2024-04,3.67881,A,0,2,
OECD.SDD.STES:DSD_STES@DF_FINMARK(4.0),SVK,M,IRLT,PA,_Z,_Z,_Z,_Z,N,2024-05,3.690857,A,0,2,
OECD.SDD.STES:DSD_STES@DF_FINMARK(4.0),SVK,M,IRLT,PA,_Z,_Z,_Z,_Z,N,2024-06,3.6917,A,0,2,
OECD.SDD.STES:DSD_STES@DF_FINMARK(4.0),SVK,M,IRLT,PA,_Z,_Z,_Z,_Z,N,2024-07,3.591227,A,0,2,
OECD.SDD.STES:DSD_STES@DF_FINMARK(4.0),SVK,M,IRLT,PA,_Z,_Z,_Z,_Z,N,2024-08,3.384524,A,0,2,
OECD.SDD.STES:DSD_STES@DF_FINMARK(4.0),SVK,M,IRLT,PA,_Z,_Z,_Z,_Z,N,2024-09,3.358,A,0,2,
OECD.SDD.STES:DSD_STES@DF_FINMARK(4.0),SVK,M,IRLT,PA,_Z,_Z,_Z,_Z,N,2024-10,3.329,A,0,2,
OECD.SDD.STES:DSD_STES@DF_FINMARK(4.0),SVK,M,IRLT,PA,_Z,_Z,_Z,_Z,N,2024-11,3.3306,A,0,2,
OECD.SDD.STES:DSD_STES@DF_FINMARK(4.0),SVK,M,IRLT,PA,_Z,_Z,_Z,_Z,N,2024-12,3.216056,A,0,2,
OECD.SDD.STES:DSD_STES@DF_FINMARK(4.0),SVK,M,IRLT,PA,_Z,_Z,_Z,_Z,N,2025-01,3.433476,A,0,2,
OECD.SDD.STES:DSD_STES@DF_FINMARK(4.0),SVK,M,IRLT,PA,_Z,_Z,_Z,_Z,N,2025-02,3.2229,A,0,2,
OECD.SDD.STES:DSD_STES@DF_FINMARK(4.0),SVK,M,IRLT,PA,_Z,_Z,_Z,_Z,N,2025-03,3.512952,A,0,2,
OECD.SDD.STES:DSD_STES@DF_FINMARK(4.0),SVK,M,IRLT,PA,_Z,_Z,_Z,_Z,N,2025-04,3.49155,A,0,2,
OECD.SDD.STES:DSD_STES@DF_FINMARK(4.0),SVK,M,IRLT,PA,_Z,_Z,_Z,_Z,N,2025-05,3.48875,A,0,2,
OECD.SDD.STES:DSD_STES@DF_FINMARK(4.0),SVK,M,IRLT,PA,_Z,_Z,_Z,_Z,N,2025-06,3.429143,A,0,2,
OECD.SDD.STES:DSD_STES@DF_FINMARK(4.0),SVK,M,IRLT,PA,_Z,_Z,_Z,_Z,N,2025-07,3.428696,A,0,2,
OECD.SDD.STES:DSD_STES@DF_FINMARK(4.0),SVK,M,IRLT,PA,_Z,_Z,_Z,_Z,N,2025-08,3.454,A,0,2,
OECD.SDD.STES:DSD_STES@DF_FINMARK(4.0),SVK,M,IRLT,PA,_Z,_Z,_Z,_Z,N,2025-09,3.475333,A,0,2,
OECD.SDD.STES:DSD_STES@DF_FINMARK(4.0),SVK,M,IRLT,PA,_Z,_Z,_Z,_Z,N,2025-10,3.394565,A,0,2,
OECD.SDD.STES:DSD_STES@DF_FINMARK(4.0),SVK,M,IRLT,PA,_Z,_Z,_Z,_Z,N,2025-11,3.3725,A,0,2,
OECD.SDD.STES:DSD_STES@DF_FINMARK(4.0),SVK,M,IRLT,PA,_Z,_Z,_Z,_Z,N,2025-12,3.46585,A,0,2,
OECD.SDD.STES:DSD_STES@DF_FINMARK(4.0),SVK,M,IRLT,PA,_Z,_Z,_Z,_Z,N,2026-01,3.41005,A,0,2,
OECD.SDD.STES:DSD_STES@DF_FINMARK(4.0),SVK,M,IRLT,PA,_Z,_Z,_Z,_Z,N,2026-02,3.27305,A,0,2,
OECD.SDD.STES:DSD_STES@DF_FINMARK(4.0),SVK,M,IRLT,PA,_Z,_Z,_Z,_Z,N,2026-03,3.502727,A,0,2,
OECD.SDD.STES:DSD_STES@DF_FINMARK(4.0),SVK,M,IRLT,PA,_Z,_Z,_Z,_Z,N,2026-04,3.55825,A,0,2,
OECD.SDD.STES:DSD_STES@DF_FINMARK(4.0),SVK,M,IRLT,PA,_Z,_Z,_Z,_Z,N,2026-05,3.5121,A,0,2,
OECD.SDD.STES:DSD_STES@DF_FINMARK(4.0),KOR,M,IRLT,PA,_Z,_Z,_Z,_Z,N,2015-01,2.415,A,0,2,
OECD.SDD.STES:DSD_STES@DF_FINMARK(4.0),KOR,M,IRLT,PA,_Z,_Z,_Z,_Z,N,2015-02,2.346,A,0,2,
OECD.SDD.STES:DSD_STES@DF_FINMARK(4.0),KOR,M,IRLT,PA,_Z,_Z,_Z,_Z,N,2015-03,2.276,A,0,2,
OECD.SDD.STES:DSD_STES@DF_FINMARK(4.0),KOR,M,IRLT,PA,_Z,_Z,_Z,_Z,N,2015-04,2.177,A,0,2,
OECD.SDD.STES:DSD_STES@DF_FINMARK(4.0),KOR,M,IRLT,PA,_Z,_Z,_Z,_Z,N,2015-05,2.49,A,0,2,
OECD.SDD.STES:DSD_STES@DF_FINMARK(4.0),KOR,M,IRLT,PA,_Z,_Z,_Z,_Z,N,2015-06,2.468,A,0,2,
OECD.SDD.STES:DSD_STES@DF_FINMARK(4.0),KOR,M,IRLT,PA,_Z,_Z,_Z,_Z,N,2015-07,2.45,A,0,2,
OECD.SDD.STES:DSD_STES@DF_FINMARK(4.0),KOR,M,IRLT,PA,_Z,_Z,_Z,_Z,N,2015-08,2.308,A,0,2,
OECD.SDD.STES:DSD_STES@DF_FINMARK(4.0),KOR,M,IRLT,PA,_Z,_Z,_Z,_Z,N,2015-09,2.216,A,0,2,
OECD.SDD.STES:DSD_STES@DF_FINMARK(4.0),KOR,M,IRLT,PA,_Z,_Z,_Z,_Z,N,2015-10,2.088,A,0,2,
OECD.SDD.STES:DSD_STES@DF_FINMARK(4.0),KOR,M,IRLT,PA,_Z,_Z,_Z,_Z,N,2015-11,2.254,A,0,2,
OECD.SDD.STES:DSD_STES@DF_FINMARK(4.0),KOR,M,IRLT,PA,_Z,_Z,_Z,_Z,N,2015-12,2.181,A,0,2,
OECD.SDD.STES:DSD_STES@DF_FINMARK(4.0),KOR,M,IRLT,PA,_Z,_Z,_Z,_Z,N,2016-01,2.025,A,0,2,
OECD.SDD.STES:DSD_STES@DF_FINMARK(4.0),KOR,M,IRLT,PA,_Z,_Z,_Z,_Z,N,2016-02,1.826,A,0,2,
OECD.SDD.STES:DSD_STES@DF_FINMARK(4.0),KOR,M,IRLT,PA,_Z,_Z,_Z,_Z,N,2016-03,1.854,A,0,2,
OECD.SDD.STES:DSD_STES@DF_FINMARK(4.0),KOR,M,IRLT,PA,_Z,_Z,_Z,_Z,N,2016-04,1.81,A,0,2,
OECD.SDD.STES:DSD_STES@DF_FINMARK(4.0),KOR,M,IRLT,PA,_Z,_Z,_Z,_Z,N,2016-05,1.787,A,0,2,
OECD.SDD.STES:DSD_STES@DF_FINMARK(4.0),KOR,M,IRLT,PA,_Z,_Z,_Z,_Z,N,2016-06,1.617,A,0,2,
OECD.SDD.STES:DSD_STES@DF_FINMARK(4.0),KOR,M,IRLT,PA,_Z,_Z,_Z,_Z,N,2016-07,1.401,A,0,2,
OECD.SDD.STES:DSD_STES@DF_FINMARK(4.0),KOR,M,IRLT,PA,_Z,_Z,_Z,_Z,N,2016-08,1.417,A,0,2,
OECD.SDD.STES:DSD_STES@DF_FINMARK(4.0),KOR,M,IRLT,PA,_Z,_Z,_Z,_Z,N,2016-09,1.512,A,0,2,
OECD.SDD.STES:DSD_STES@DF_FINMARK(4.0),KOR,M,IRLT,PA,_Z,_Z,_Z,_Z,N,2016-10,1.596,A,0,2,
OECD.SDD.STES:DSD_STES@DF_FINMARK(4.0),KOR,M,IRLT,PA,_Z,_Z,_Z,_Z,N,2016-11,1.965,A,0,2,
OECD.SDD.STES:DSD_STES@DF_FINMARK(4.0),KOR,M,IRLT,PA,_Z,_Z,_Z,_Z,N,2016-12,2.159,A,0,2,
OECD.SDD.STES:DSD_STES@DF_FINMARK(4.0),KOR,M,IRLT,PA,_Z,_Z,_Z,_Z,N,2017-01,2.111,A,0,2,
OECD.SDD.STES:DSD_STES@DF_FINMARK(4.0),KOR,M,IRLT,PA,_Z,_Z,_Z,_Z,N,2017-02,2.163,A,0,2,
OECD.SDD.STES:DSD_STES@DF_FINMARK(4.0),KOR,M,IRLT,PA,_Z,_Z,_Z,_Z,N,2017-03,2.221,A,0,2,
OECD.SDD.STES:DSD_STES@DF_FINMARK(4.0),KOR,M,IRLT,PA,_Z,_Z,_Z,_Z,N,2017-04,2.182,A,0,2,
OECD.SDD.STES:DSD_STES@DF_FINMARK(4.0),KOR,M,IRLT,PA,_Z,_Z,_Z,_Z,N,2017-05,2.257,A,0,2,
OECD.SDD.STES:DSD_STES@DF_FINMARK(4.0),KOR,M,IRLT,PA,_Z,_Z,_Z,_Z,N,2017-06,2.165,A,0,2,
OECD.SDD.STES:DSD_STES@DF_FINMARK(4.0),KOR,M,IRLT,PA,_Z,_Z,_Z,_Z,N,2017-07,2.252,A,0,2,
OECD.SDD.STES:DSD_STES@DF_FINMARK(4.0),KOR,M,IRLT,PA,_Z,_Z,_Z,_Z,N,2017-08,2.287,A,0,2,
OECD.SDD.STES:DSD_STES@DF_FINMARK(4.0),KOR,M,IRLT,PA,_Z,_Z,_Z,_Z,N,2017-09,2.286,A,0,2,
OECD.SDD.STES:DSD_STES@DF_FINMARK(4.0),KOR,M,IRLT,PA,_Z,_Z,_Z,_Z,N,2017-10,2.455,A,0,2,
OECD.SDD.STES:DSD_STES@DF_FINMARK(4.0),KOR,M,IRLT,PA,_Z,_Z,_Z,_Z,N,2017-11,2.54,A,0,2,
OECD.SDD.STES:DSD_STES@DF_FINMARK(4.0),KOR,M,IRLT,PA,_Z,_Z,_Z,_Z,N,2017-12,2.472,A,0,2,
OECD.SDD.STES:DSD_STES@DF_FINMARK(4.0),KOR,M,IRLT,PA,_Z,_Z,_Z,_Z,N,2018-01,2.626,A,0,2,
OECD.SDD.STES:DSD_STES@DF_FINMARK(4.0),KOR,M,IRLT,PA,_Z,_Z,_Z,_Z,N,2018-02,2.77,A,0,2,
OECD.SDD.STES:DSD_STES@DF_FINMARK(4.0),KOR,M,IRLT,PA,_Z,_Z,_Z,_Z,N,2018-03,2.708,A,0,2,
OECD.SDD.STES:DSD_STES@DF_FINMARK(4.0),KOR,M,IRLT,PA,_Z,_Z,_Z,_Z,N,2018-04,2.655,A,0,2,
OECD.SDD.STES:DSD_STES@DF_FINMARK(4.0),KOR,M,IRLT,PA,_Z,_Z,_Z,_Z,N,2018-05,2.757,A,0,2,
OECD.SDD.STES:DSD_STES@DF_FINMARK(4.0),KOR,M,IRLT,PA,_Z,_Z,_Z,_Z,N,2018-06,2.656,A,0,2,
OECD.SDD.STES:DSD_STES@DF_FINMARK(4.0),KOR,M,IRLT,PA,_Z,_Z,_Z,_Z,N,2018-07,2.549,A,0,2,
OECD.SDD.STES:DSD_STES@DF_FINMARK(4.0),KOR,M,IRLT,PA,_Z,_Z,_Z,_Z,N,2018-08,2.458,A,0,2,
OECD.SDD.STES:DSD_STES@DF_FINMARK(4.0),KOR,M,IRLT,PA,_Z,_Z,_Z,_Z,N,2018-09,2.315,A,0,2,
OECD.SDD.STES:DSD_STES@DF_FINMARK(4.0),KOR,M,IRLT,PA,_Z,_Z,_Z,_Z,N,2018-10,2.338,A,0,2,
OECD.SDD.STES:DSD_STES@DF_FINMARK(4.0),KOR,M,IRLT,PA,_Z,_Z,_Z,_Z,N,2018-11,2.209,A,0,2,
OECD.SDD.STES:DSD_STES@DF_FINMARK(4.0),KOR,M,IRLT,PA,_Z,_Z,_Z,_Z,N,2018-12,1.992,A,0,2,
OECD.SDD.STES:DSD_STES@DF_FINMARK(4.0),KOR,M,IRLT,PA,_Z,_Z,_Z,_Z,N,2019-01,1.991,A,0,2,
OECD.SDD.STES:DSD_STES@DF_FINMARK(4.0),KOR,M,IRLT,PA,_Z,_Z,_Z,_Z,N,2019-02,1.988,A,0,2,
OECD.SDD.STES:DSD_STES@DF_FINMARK(4.0),KOR,M,IRLT,PA,_Z,_Z,_Z,_Z,N,2019-03,1.953,A,0,2,
OECD.SDD.STES:DSD_STES@DF_FINMARK(4.0),KOR,M,IRLT,PA,_Z,_Z,_Z,_Z,N,2019-04,1.889,A,0,2,
OECD.SDD.STES:DSD_STES@DF_FINMARK(4.0),KOR,M,IRLT,PA,_Z,_Z,_Z,_Z,N,2019-05,1.828,A,0,2,
OECD.SDD.STES:DSD_STES@DF_FINMARK(4.0),KOR,M,IRLT,PA,_Z,_Z,_Z,_Z,N,2019-06,1.618,A,0,2,
OECD.SDD.STES:DSD_STES@DF_FINMARK(4.0),KOR,M,IRLT,PA,_Z,_Z,_Z,_Z,N,2019-07,1.506,A,0,2,
OECD.SDD.STES:DSD_STES@DF_FINMARK(4.0),KOR,M,IRLT,PA,_Z,_Z,_Z,_Z,N,2019-08,1.254,A,0,2,
OECD.SDD.STES:DSD_STES@DF_FINMARK(4.0),KOR,M,IRLT,PA,_Z,_Z,_Z,_Z,N,2019-09,1.42,A,0,2,
OECD.SDD.STES:DSD_STES@DF_FINMARK(4.0),KOR,M,IRLT,PA,_Z,_Z,_Z,_Z,N,2019-10,1.577,A,0,2,
OECD.SDD.STES:DSD_STES@DF_FINMARK(4.0),KOR,M,IRLT,PA,_Z,_Z,_Z,_Z,N,2019-11,1.75,A,0,2,
OECD.SDD.STES:DSD_STES@DF_FINMARK(4.0),KOR,M,IRLT,PA,_Z,_Z,_Z,_Z,N,2019-12,1.653,A,0,2,
OECD.SDD.STES:DSD_STES@DF_FINMARK(4.0),KOR,M,IRLT,PA,_Z,_Z,_Z,_Z,N,2020-01,1.656,A,0,2,
OECD.SDD.STES:DSD_STES@DF_FINMARK(4.0),KOR,M,IRLT,PA,_Z,_Z,_Z,_Z,N,2020-02,1.54,A,0,2,
OECD.SDD.STES:DSD_STES@DF_FINMARK(4.0),KOR,M,IRLT,PA,_Z,_Z,_Z,_Z,N,2020-03,1.485,A,0,2,
OECD.SDD.STES:DSD_STES@DF_FINMARK(4.0),KOR,M,IRLT,PA,_Z,_Z,_Z,_Z,N,2020-04,1.504,A,0,2,
OECD.SDD.STES:DSD_STES@DF_FINMARK(4.0),KOR,M,IRLT,PA,_Z,_Z,_Z,_Z,N,2020-05,1.394,A,0,2,
OECD.SDD.STES:DSD_STES@DF_FINMARK(4.0),KOR,M,IRLT,PA,_Z,_Z,_Z,_Z,N,2020-06,1.392,A,0,2,
OECD.SDD.STES:DSD_STES@DF_FINMARK(4.0),KOR,M,IRLT,PA,_Z,_Z,_Z,_Z,N,2020-07,1.36,A,0,2,
OECD.SDD.STES:DSD_STES@DF_FINMARK(4.0),KOR,M,IRLT,PA,_Z,_Z,_Z,_Z,N,2020-08,1.373,A,0,2,
OECD.SDD.STES:DSD_STES@DF_FINMARK(4.0),KOR,M,IRLT,PA,_Z,_Z,_Z,_Z,N,2020-09,1.5,A,0,2,
OECD.SDD.STES:DSD_STES@DF_FINMARK(4.0),KOR,M,IRLT,PA,_Z,_Z,_Z,_Z,N,2020-10,1.507,A,0,2,
OECD.SDD.STES:DSD_STES@DF_FINMARK(4.0),KOR,M,IRLT,PA,_Z,_Z,_Z,_Z,N,2020-11,1.61,A,0,2,
OECD.SDD.STES:DSD_STES@DF_FINMARK(4.0),KOR,M,IRLT,PA,_Z,_Z,_Z,_Z,N,2020-12,1.675,A,0,2,
OECD.SDD.STES:DSD_STES@DF_FINMARK(4.0),KOR,M,IRLT,PA,_Z,_Z,_Z,_Z,N,2021-01,1.731,A,0,2,
OECD.SDD.STES:DSD_STES@DF_FINMARK(4.0),KOR,M,IRLT,PA,_Z,_Z,_Z,_Z,N,2021-02,1.845,A,0,2,
OECD.SDD.STES:DSD_STES@DF_FINMARK(4.0),KOR,M,IRLT,PA,_Z,_Z,_Z,_Z,N,2021-03,2.04,A,0,2,
OECD.SDD.STES:DSD_STES@DF_FINMARK(4.0),KOR,M,IRLT,PA,_Z,_Z,_Z,_Z,N,2021-04,2.041,A,0,2,
OECD.SDD.STES:DSD_STES@DF_FINMARK(4.0),KOR,M,IRLT,PA,_Z,_Z,_Z,_Z,N,2021-05,2.131,A,0,2,
OECD.SDD.STES:DSD_STES@DF_FINMARK(4.0),KOR,M,IRLT,PA,_Z,_Z,_Z,_Z,N,2021-06,2.103,A,0,2,
OECD.SDD.STES:DSD_STES@DF_FINMARK(4.0),KOR,M,IRLT,PA,_Z,_Z,_Z,_Z,N,2021-07,1.976,A,0,2,
OECD.SDD.STES:DSD_STES@DF_FINMARK(4.0),KOR,M,IRLT,PA,_Z,_Z,_Z,_Z,N,2021-08,1.905,A,0,2,
OECD.SDD.STES:DSD_STES@DF_FINMARK(4.0),KOR,M,IRLT,PA,_Z,_Z,_Z,_Z,N,2021-09,2.061,A,0,2,
OECD.SDD.STES:DSD_STES@DF_FINMARK(4.0),KOR,M,IRLT,PA,_Z,_Z,_Z,_Z,N,2021-10,2.399,A,0,2,
OECD.SDD.STES:DSD_STES@DF_FINMARK(4.0),KOR,M,IRLT,PA,_Z,_Z,_Z,_Z,N,2021-11,2.355,A,0,2,
OECD.SDD.STES:DSD_STES@DF_FINMARK(4.0),KOR,M,IRLT,PA,_Z,_Z,_Z,_Z,N,2021-12,2.187,A,0,2,
OECD.SDD.STES:DSD_STES@DF_FINMARK(4.0),KOR,M,IRLT,PA,_Z,_Z,_Z,_Z,N,2022-01,2.492,A,0,2,
OECD.SDD.STES:DSD_STES@DF_FINMARK(4.0),KOR,M,IRLT,PA,_Z,_Z,_Z,_Z,N,2022-02,2.69,A,0,2,
OECD.SDD.STES:DSD_STES@DF_FINMARK(4.0),KOR,M,IRLT,PA,_Z,_Z,_Z,_Z,N,2022-03,2.784,A,0,2,
OECD.SDD.STES:DSD_STES@DF_FINMARK(4.0),KOR,M,IRLT,PA,_Z,_Z,_Z,_Z,N,2022-04,3.219,A,0,2,
OECD.SDD.STES:DSD_STES@DF_FINMARK(4.0),KOR,M,IRLT,PA,_Z,_Z,_Z,_Z,N,2022-05,3.295,A,0,2,
OECD.SDD.STES:DSD_STES@DF_FINMARK(4.0),KOR,M,IRLT,PA,_Z,_Z,_Z,_Z,N,2022-06,3.64,A,0,2,
OECD.SDD.STES:DSD_STES@DF_FINMARK(4.0),KOR,M,IRLT,PA,_Z,_Z,_Z,_Z,N,2022-07,3.3,A,0,2,
OECD.SDD.STES:DSD_STES@DF_FINMARK(4.0),KOR,M,IRLT,PA,_Z,_Z,_Z,_Z,N,2022-08,3.322,A,0,2,
OECD.SDD.STES:DSD_STES@DF_FINMARK(4.0),KOR,M,IRLT,PA,_Z,_Z,_Z,_Z,N,2022-09,3.897,A,0,2,
OECD.SDD.STES:DSD_STES@DF_FINMARK(4.0),KOR,M,IRLT,PA,_Z,_Z,_Z,_Z,N,2022-10,4.267,A,0,2,
OECD.SDD.STES:DSD_STES@DF_FINMARK(4.0),KOR,M,IRLT,PA,_Z,_Z,_Z,_Z,N,2022-11,3.915,A,0,2,
OECD.SDD.STES:DSD_STES@DF_FINMARK(4.0),KOR,M,IRLT,PA,_Z,_Z,_Z,_Z,N,2022-12,3.541,A,0,2,
OECD.SDD.STES:DSD_STES@DF_FINMARK(4.0),KOR,M,IRLT,PA,_Z,_Z,_Z,_Z,N,2023-01,3.411,A,0,2,
OECD.SDD.STES:DSD_STES@DF_FINMARK(4.0),KOR,M,IRLT,PA,_Z,_Z,_Z,_Z,N,2023-02,3.45,A,0,2,
OECD.SDD.STES:DSD_STES@DF_FINMARK(4.0),KOR,M,IRLT,PA,_Z,_Z,_Z,_Z,N,2023-03,3.448,A,0,2,
OECD.SDD.STES:DSD_STES@DF_FINMARK(4.0),KOR,M,IRLT,PA,_Z,_Z,_Z,_Z,N,2023-04,3.319,A,0,2,
OECD.SDD.STES:DSD_STES@DF_FINMARK(4.0),KOR,M,IRLT,PA,_Z,_Z,_Z,_Z,N,2023-05,3.402,A,0,2,
OECD.SDD.STES:DSD_STES@DF_FINMARK(4.0),KOR,M,IRLT,PA,_Z,_Z,_Z,_Z,N,2023-06,3.611,A,0,2,
OECD.SDD.STES:DSD_STES@DF_FINMARK(4.0),KOR,M,IRLT,PA,_Z,_Z,_Z,_Z,N,2023-07,3.681,A,0,2,
OECD.SDD.STES:DSD_STES@DF_FINMARK(4.0),KOR,M,IRLT,PA,_Z,_Z,_Z,_Z,N,2023-08,3.86,A,0,2,
OECD.SDD.STES:DSD_STES@DF_FINMARK(4.0),KOR,M,IRLT,PA,_Z,_Z,_Z,_Z,N,2023-09,3.949,A,0,2,
OECD.SDD.STES:DSD_STES@DF_FINMARK(4.0),KOR,M,IRLT,PA,_Z,_Z,_Z,_Z,N,2023-10,4.272,A,0,2,
OECD.SDD.STES:DSD_STES@DF_FINMARK(4.0),KOR,M,IRLT,PA,_Z,_Z,_Z,_Z,N,2023-11,3.89,A,0,2,
OECD.SDD.STES:DSD_STES@DF_FINMARK(4.0),KOR,M,IRLT,PA,_Z,_Z,_Z,_Z,N,2023-12,3.415,A,0,2,
OECD.SDD.STES:DSD_STES@DF_FINMARK(4.0),KOR,M,IRLT,PA,_Z,_Z,_Z,_Z,N,2024-01,3.353,A,0,2,
OECD.SDD.STES:DSD_STES@DF_FINMARK(4.0),KOR,M,IRLT,PA,_Z,_Z,_Z,_Z,N,2024-02,3.429,A,0,2,
OECD.SDD.STES:DSD_STES@DF_FINMARK(4.0),KOR,M,IRLT,PA,_Z,_Z,_Z,_Z,N,2024-03,3.39,A,0,2,
OECD.SDD.STES:DSD_STES@DF_FINMARK(4.0),KOR,M,IRLT,PA,_Z,_Z,_Z,_Z,N,2024-04,3.567,A,0,2,
OECD.SDD.STES:DSD_STES@DF_FINMARK(4.0),KOR,M,IRLT,PA,_Z,_Z,_Z,_Z,N,2024-05,3.527,A,0,2,
OECD.SDD.STES:DSD_STES@DF_FINMARK(4.0),KOR,M,IRLT,PA,_Z,_Z,_Z,_Z,N,2024-06,3.337,A,0,2,
OECD.SDD.STES:DSD_STES@DF_FINMARK(4.0),KOR,M,IRLT,PA,_Z,_Z,_Z,_Z,N,2024-07,3.171,A,0,2,
OECD.SDD.STES:DSD_STES@DF_FINMARK(4.0),KOR,M,IRLT,PA,_Z,_Z,_Z,_Z,N,2024-08,2.999,A,0,2,
OECD.SDD.STES:DSD_STES@DF_FINMARK(4.0),KOR,M,IRLT,PA,_Z,_Z,_Z,_Z,N,2024-09,3.011,A,0,2,
OECD.SDD.STES:DSD_STES@DF_FINMARK(4.0),KOR,M,IRLT,PA,_Z,_Z,_Z,_Z,N,2024-10,3.07,A,0,2,
OECD.SDD.STES:DSD_STES@DF_FINMARK(4.0),KOR,M,IRLT,PA,_Z,_Z,_Z,_Z,N,2024-11,3.006,A,0,2,
OECD.SDD.STES:DSD_STES@DF_FINMARK(4.0),KOR,M,IRLT,PA,_Z,_Z,_Z,_Z,N,2024-12,2.771,A,0,2,
OECD.SDD.STES:DSD_STES@DF_FINMARK(4.0),KOR,M,IRLT,PA,_Z,_Z,_Z,_Z,N,2025-01,2.821,A,0,2,
OECD.SDD.STES:DSD_STES@DF_FINMARK(4.0),KOR,M,IRLT,PA,_Z,_Z,_Z,_Z,N,2025-02,2.83,A,0,2,
OECD.SDD.STES:DSD_STES@DF_FINMARK(4.0),KOR,M,IRLT,PA,_Z,_Z,_Z,_Z,N,2025-03,2.795,A,0,2,
OECD.SDD.STES:DSD_STES@DF_FINMARK(4.0),KOR,M,IRLT,PA,_Z,_Z,_Z,_Z,N,2025-04,2.658,A,0,2,
OECD.SDD.STES:DSD_STES@DF_FINMARK(4.0),KOR,M,IRLT,PA,_Z,_Z,_Z,_Z,N,2025-05,2.71,A,0,2,
OECD.SDD.STES:DSD_STES@DF_FINMARK(4.0),KOR,M,IRLT,PA,_Z,_Z,_Z,_Z,N,2025-06,2.842,A,0,2,
OECD.SDD.STES:DSD_STES@DF_FINMARK(4.0),KOR,M,IRLT,PA,_Z,_Z,_Z,_Z,N,2025-07,2.84,A,0,2,
OECD.SDD.STES:DSD_STES@DF_FINMARK(4.0),KOR,M,IRLT,PA,_Z,_Z,_Z,_Z,N,2025-08,2.815,A,0,2,
OECD.SDD.STES:DSD_STES@DF_FINMARK(4.0),KOR,M,IRLT,PA,_Z,_Z,_Z,_Z,N,2025-09,2.849,A,0,2,
OECD.SDD.STES:DSD_STES@DF_FINMARK(4.0),KOR,M,IRLT,PA,_Z,_Z,_Z,_Z,N,2025-10,2.933,A,0,2,
OECD.SDD.STES:DSD_STES@DF_FINMARK(4.0),KOR,M,IRLT,PA,_Z,_Z,_Z,_Z,N,2025-11,3.248,A,0,2,
OECD.SDD.STES:DSD_STES@DF_FINMARK(4.0),KOR,M,IRLT,PA,_Z,_Z,_Z,_Z,N,2025-12,3.366,A,0,2,
OECD.SDD.STES:DSD_STES@DF_FINMARK(4.0),KOR,M,IRLT,PA,_Z,_Z,_Z,_Z,N,2026-01,3.485,A,0,2,
OECD.SDD.STES:DSD_STES@DF_FINMARK(4.0),KOR,M,IRLT,PA,_Z,_Z,_Z,_Z,N,2026-02,3.612,A,0,2,
OECD.SDD.STES:DSD_STES@DF_FINMARK(4.0),KOR,M,IRLT,PA,_Z,_Z,_Z,_Z,N,2026-03,3.728,A,0,2,
OECD.SDD.STES:DSD_STES@DF_FINMARK(4.0),KOR,M,IRLT,PA,_Z,_Z,_Z,_Z,N,2026-04,3.737,A,0,2,
OECD.SDD.STES:DSD_STES@DF_FINMARK(4.0),KOR,M,IRLT,PA,_Z,_Z,_Z,_Z,N,2026-05,4.075,A,0,2,
OECD.SDD.STES:DSD_STES@DF_FINMARK(4.0),LVA,M,IRLT,PA,_Z,_Z,_Z,_Z,N,2015-01,1.1,A,0,2,
OECD.SDD.STES:DSD_STES@DF_FINMARK(4.0),LVA,M,IRLT,PA,_Z,_Z,_Z,_Z,N,2015-02,0.78,A,0,2,
OECD.SDD.STES:DSD_STES@DF_FINMARK(4.0),LVA,M,IRLT,PA,_Z,_Z,_Z,_Z,N,2015-03,0.56,A,0,2,
OECD.SDD.STES:DSD_STES@DF_FINMARK(4.0),LVA,M,IRLT,PA,_Z,_Z,_Z,_Z,N,2015-04,0.42,A,0,2,
OECD.SDD.STES:DSD_STES@DF_FINMARK(4.0),LVA,M,IRLT,PA,_Z,_Z,_Z,_Z,N,2015-05,0.84,A,0,2,
OECD.SDD.STES:DSD_STES@DF_FINMARK(4.0),LVA,M,IRLT,PA,_Z,_Z,_Z,_Z,N,2015-06,1.28,A,0,2,
OECD.SDD.STES:DSD_STES@DF_FINMARK(4.0),LVA,M,IRLT,PA,_Z,_Z,_Z,_Z,N,2015-07,1.25,A,0,2,
OECD.SDD.STES:DSD_STES@DF_FINMARK(4.0),LVA,M,IRLT,PA,_Z,_Z,_Z,_Z,N,2015-08,0.96,A,0,2,
OECD.SDD.STES:DSD_STES@DF_FINMARK(4.0),LVA,M,IRLT,PA,_Z,_Z,_Z,_Z,N,2015-09,1.03,A,0,2,
OECD.SDD.STES:DSD_STES@DF_FINMARK(4.0),LVA,M,IRLT,PA,_Z,_Z,_Z,_Z,N,2015-10,1.07,A,0,2,
OECD.SDD.STES:DSD_STES@DF_FINMARK(4.0),LVA,M,IRLT,PA,_Z,_Z,_Z,_Z,N,2015-11,1.19,A,0,2,
OECD.SDD.STES:DSD_STES@DF_FINMARK(4.0),LVA,M,IRLT,PA,_Z,_Z,_Z,_Z,N,2015-12,1.08,A,0,2,
OECD.SDD.STES:DSD_STES@DF_FINMARK(4.0),LVA,M,IRLT,PA,_Z,_Z,_Z,_Z,N,2016-01,1.05,A,0,2,
OECD.SDD.STES:DSD_STES@DF_FINMARK(4.0),LVA,M,IRLT,PA,_Z,_Z,_Z,_Z,N,2016-02,0.88,A,0,2,
OECD.SDD.STES:DSD_STES@DF_FINMARK(4.0),LVA,M,IRLT,PA,_Z,_Z,_Z,_Z,N,2016-03,0.71,A,0,2,
OECD.SDD.STES:DSD_STES@DF_FINMARK(4.0),LVA,M,IRLT,PA,_Z,_Z,_Z,_Z,N,2016-04,0.61,A,0,2,
OECD.SDD.STES:DSD_STES@DF_FINMARK(4.0),LVA,M,IRLT,PA,_Z,_Z,_Z,_Z,N,2016-05,0.51,A,0,2,
OECD.SDD.STES:DSD_STES@DF_FINMARK(4.0),LVA,M,IRLT,PA,_Z,_Z,_Z,_Z,N,2016-06,0.48,A,0,2,
OECD.SDD.STES:DSD_STES@DF_FINMARK(4.0),LVA,M,IRLT,PA,_Z,_Z,_Z,_Z,N,2016-07,0.3,A,0,2,
OECD.SDD.STES:DSD_STES@DF_FINMARK(4.0),LVA,M,IRLT,PA,_Z,_Z,_Z,_Z,N,2016-08,0.12,A,0,2,
OECD.SDD.STES:DSD_STES@DF_FINMARK(4.0),LVA,M,IRLT,PA,_Z,_Z,_Z,_Z,N,2016-09,0.1,A,0,2,
OECD.SDD.STES:DSD_STES@DF_FINMARK(4.0),LVA,M,IRLT,PA,_Z,_Z,_Z,_Z,N,2016-10,0.19,A,0,2,
OECD.SDD.STES:DSD_STES@DF_FINMARK(4.0),LVA,M,IRLT,PA,_Z,_Z,_Z,_Z,N,2016-11,0.56,A,0,2,
OECD.SDD.STES:DSD_STES@DF_FINMARK(4.0),LVA,M,IRLT,PA,_Z,_Z,_Z,_Z,N,2016-12,0.9,A,0,2,
OECD.SDD.STES:DSD_STES@DF_FINMARK(4.0),LVA,M,IRLT,PA,_Z,_Z,_Z,_Z,N,2017-01,0.89,A,0,2,
OECD.SDD.STES:DSD_STES@DF_FINMARK(4.0),LVA,M,IRLT,PA,_Z,_Z,_Z,_Z,N,2017-02,0.99,A,0,2,
OECD.SDD.STES:DSD_STES@DF_FINMARK(4.0),LVA,M,IRLT,PA,_Z,_Z,_Z,_Z,N,2017-03,0.94,A,0,2,
OECD.SDD.STES:DSD_STES@DF_FINMARK(4.0),LVA,M,IRLT,PA,_Z,_Z,_Z,_Z,N,2017-04,0.92,A,0,2,
OECD.SDD.STES:DSD_STES@DF_FINMARK(4.0),LVA,M,IRLT,PA,_Z,_Z,_Z,_Z,N,2017-05,0.88,A,0,2,
OECD.SDD.STES:DSD_STES@DF_FINMARK(4.0),LVA,M,IRLT,PA,_Z,_Z,_Z,_Z,N,2017-06,0.85,A,0,2,
OECD.SDD.STES:DSD_STES@DF_FINMARK(4.0),LVA,M,IRLT,PA,_Z,_Z,_Z,_Z,N,2017-07,0.98,A,0,2,
OECD.SDD.STES:DSD_STES@DF_FINMARK(4.0),LVA,M,IRLT,PA,_Z,_Z,_Z,_Z,N,2017-08,0.85,A,0,2,
OECD.SDD.STES:DSD_STES@DF_FINMARK(4.0),LVA,M,IRLT,PA,_Z,_Z,_Z,_Z,N,2017-09,0.72,A,0,2,
OECD.SDD.STES:DSD_STES@DF_FINMARK(4.0),LVA,M,IRLT,PA,_Z,_Z,_Z,_Z,N,2017-10,0.71,A,0,2,
OECD.SDD.STES:DSD_STES@DF_FINMARK(4.0),LVA,M,IRLT,PA,_Z,_Z,_Z,_Z,N,2017-11,0.69,A,0,2,
OECD.SDD.STES:DSD_STES@DF_FINMARK(4.0),LVA,M,IRLT,PA,_Z,_Z,_Z,_Z,N,2017-12,0.59,A,0,2,
OECD.SDD.STES:DSD_STES@DF_FINMARK(4.0),LVA,M,IRLT,PA,_Z,_Z,_Z,_Z,N,2018-01,0.6,A,0,2,
OECD.SDD.STES:DSD_STES@DF_FINMARK(4.0),LVA,M,IRLT,PA,_Z,_Z,_Z,_Z,N,2018-02,0.75,A,0,2,
OECD.SDD.STES:DSD_STES@DF_FINMARK(4.0),LVA,M,IRLT,PA,_Z,_Z,_Z,_Z,N,2018-03,0.83,A,0,2,
OECD.SDD.STES:DSD_STES@DF_FINMARK(4.0),LVA,M,IRLT,PA,_Z,_Z,_Z,_Z,N,2018-04,0.8,A,0,2,
OECD.SDD.STES:DSD_STES@DF_FINMARK(4.0),LVA,M,IRLT,PA,_Z,_Z,_Z,_Z,N,2018-05,0.86,A,0,2,
OECD.SDD.STES:DSD_STES@DF_FINMARK(4.0),LVA,M,IRLT,PA,_Z,_Z,_Z,_Z,N,2018-06,0.93,A,0,2,
OECD.SDD.STES:DSD_STES@DF_FINMARK(4.0),LVA,M,IRLT,PA,_Z,_Z,_Z,_Z,N,2018-07,1.06,A,0,2,
OECD.SDD.STES:DSD_STES@DF_FINMARK(4.0),LVA,M,IRLT,PA,_Z,_Z,_Z,_Z,N,2018-08,0.95,A,0,2,
OECD.SDD.STES:DSD_STES@DF_FINMARK(4.0),LVA,M,IRLT,PA,_Z,_Z,_Z,_Z,N,2018-09,0.94,A,0,2,
OECD.SDD.STES:DSD_STES@DF_FINMARK(4.0),LVA,M,IRLT,PA,_Z,_Z,_Z,_Z,N,2018-10,1.01,A,0,2,
OECD.SDD.STES:DSD_STES@DF_FINMARK(4.0),LVA,M,IRLT,PA,_Z,_Z,_Z,_Z,N,2018-11,1.05,A,0,2,
OECD.SDD.STES:DSD_STES@DF_FINMARK(4.0),LVA,M,IRLT,PA,_Z,_Z,_Z,_Z,N,2018-12,1.05,A,0,2,
OECD.SDD.STES:DSD_STES@DF_FINMARK(4.0),LVA,M,IRLT,PA,_Z,_Z,_Z,_Z,N,2019-01,0.95,A,0,2,
OECD.SDD.STES:DSD_STES@DF_FINMARK(4.0),LVA,M,IRLT,PA,_Z,_Z,_Z,_Z,N,2019-02,0.81,A,0,2,
OECD.SDD.STES:DSD_STES@DF_FINMARK(4.0),LVA,M,IRLT,PA,_Z,_Z,_Z,_Z,N,2019-03,0.7,A,0,2,
OECD.SDD.STES:DSD_STES@DF_FINMARK(4.0),LVA,M,IRLT,PA,_Z,_Z,_Z,_Z,N,2019-04,0.58,A,0,2,
OECD.SDD.STES:DSD_STES@DF_FINMARK(4.0),LVA,M,IRLT,PA,_Z,_Z,_Z,_Z,N,2019-05,0.51,A,0,2,
OECD.SDD.STES:DSD_STES@DF_FINMARK(4.0),LVA,M,IRLT,PA,_Z,_Z,_Z,_Z,N,2019-06,0.33,A,0,2,
OECD.SDD.STES:DSD_STES@DF_FINMARK(4.0),LVA,M,IRLT,PA,_Z,_Z,_Z,_Z,N,2019-07,0.15,A,0,2,
OECD.SDD.STES:DSD_STES@DF_FINMARK(4.0),LVA,M,IRLT,PA,_Z,_Z,_Z,_Z,N,2019-08,-0.07,A,0,2,
OECD.SDD.STES:DSD_STES@DF_FINMARK(4.0),LVA,M,IRLT,PA,_Z,_Z,_Z,_Z,N,2019-09,-0.11,A,0,2,
OECD.SDD.STES:DSD_STES@DF_FINMARK(4.0),LVA,M,IRLT,PA,_Z,_Z,_Z,_Z,N,2019-10,0,A,0,2,
OECD.SDD.STES:DSD_STES@DF_FINMARK(4.0),LVA,M,IRLT,PA,_Z,_Z,_Z,_Z,N,2019-11,0.1,A,0,2,
OECD.SDD.STES:DSD_STES@DF_FINMARK(4.0),LVA,M,IRLT,PA,_Z,_Z,_Z,_Z,N,2019-12,0.16,A,0,2,
OECD.SDD.STES:DSD_STES@DF_FINMARK(4.0),LVA,M,IRLT,PA,_Z,_Z,_Z,_Z,N,2020-01,0.11,A,0,2,
OECD.SDD.STES:DSD_STES@DF_FINMARK(4.0),LVA,M,IRLT,PA,_Z,_Z,_Z,_Z,N,2020-02,-0.04,A,0,2,
OECD.SDD.STES:DSD_STES@DF_FINMARK(4.0),LVA,M,IRLT,PA,_Z,_Z,_Z,_Z,N,2020-03,-0.06,A,0,2,
OECD.SDD.STES:DSD_STES@DF_FINMARK(4.0),LVA,M,IRLT,PA,_Z,_Z,_Z,_Z,N,2020-04,0.3,A,0,2,
OECD.SDD.STES:DSD_STES@DF_FINMARK(4.0),LVA,M,IRLT,PA,_Z,_Z,_Z,_Z,N,2020-05,0.26,A,0,2,
OECD.SDD.STES:DSD_STES@DF_FINMARK(4.0),LVA,M,IRLT,PA,_Z,_Z,_Z,_Z,N,2020-06,0.01,A,0,2,
OECD.SDD.STES:DSD_STES@DF_FINMARK(4.0),LVA,M,IRLT,PA,_Z,_Z,_Z,_Z,N,2020-07,-0.17,A,0,2,
OECD.SDD.STES:DSD_STES@DF_FINMARK(4.0),LVA,M,IRLT,PA,_Z,_Z,_Z,_Z,N,2020-08,-0.19,A,0,2,
OECD.SDD.STES:DSD_STES@DF_FINMARK(4.0),LVA,M,IRLT,PA,_Z,_Z,_Z,_Z,N,2020-09,-0.2,A,0,2,
OECD.SDD.STES:DSD_STES@DF_FINMARK(4.0),LVA,M,IRLT,PA,_Z,_Z,_Z,_Z,N,2020-10,-0.23,A,0,2,
OECD.SDD.STES:DSD_STES@DF_FINMARK(4.0),LVA,M,IRLT,PA,_Z,_Z,_Z,_Z,N,2020-11,-0.25,A,0,2,
OECD.SDD.STES:DSD_STES@DF_FINMARK(4.0),LVA,M,IRLT,PA,_Z,_Z,_Z,_Z,N,2020-12,-0.29,A,0,2,
OECD.SDD.STES:DSD_STES@DF_FINMARK(4.0),LVA,M,IRLT,PA,_Z,_Z,_Z,_Z,N,2021-01,-0.29,A,0,2,
OECD.SDD.STES:DSD_STES@DF_FINMARK(4.0),LVA,M,IRLT,PA,_Z,_Z,_Z,_Z,N,2021-02,-0.25,A,0,2,
OECD.SDD.STES:DSD_STES@DF_FINMARK(4.0),LVA,M,IRLT,PA,_Z,_Z,_Z,_Z,N,2021-03,-0.2,A,0,2,
OECD.SDD.STES:DSD_STES@DF_FINMARK(4.0),LVA,M,IRLT,PA,_Z,_Z,_Z,_Z,N,2021-04,-0.21,A,0,2,
OECD.SDD.STES:DSD_STES@DF_FINMARK(4.0),LVA,M,IRLT,PA,_Z,_Z,_Z,_Z,N,2021-05,-0.06,A,0,2,
OECD.SDD.STES:DSD_STES@DF_FINMARK(4.0),LVA,M,IRLT,PA,_Z,_Z,_Z,_Z,N,2021-06,0.14,A,0,2,
OECD.SDD.STES:DSD_STES@DF_FINMARK(4.0),LVA,M,IRLT,PA,_Z,_Z,_Z,_Z,N,2021-07,0.09,A,0,2,
OECD.SDD.STES:DSD_STES@DF_FINMARK(4.0),LVA,M,IRLT,PA,_Z,_Z,_Z,_Z,N,2021-08,0,A,0,2,
OECD.SDD.STES:DSD_STES@DF_FINMARK(4.0),LVA,M,IRLT,PA,_Z,_Z,_Z,_Z,N,2021-09,0.02,A,0,2,
OECD.SDD.STES:DSD_STES@DF_FINMARK(4.0),LVA,M,IRLT,PA,_Z,_Z,_Z,_Z,N,2021-10,0.17,A,0,2,
OECD.SDD.STES:DSD_STES@DF_FINMARK(4.0),LVA,M,IRLT,PA,_Z,_Z,_Z,_Z,N,2021-11,0.26,A,0,2,
OECD.SDD.STES:DSD_STES@DF_FINMARK(4.0),LVA,M,IRLT,PA,_Z,_Z,_Z,_Z,N,2021-12,0.3,A,0,2,
OECD.SDD.STES:DSD_STES@DF_FINMARK(4.0),LVA,M,IRLT,PA,_Z,_Z,_Z,_Z,N,2022-01,0.38,A,0,2,
OECD.SDD.STES:DSD_STES@DF_FINMARK(4.0),LVA,M,IRLT,PA,_Z,_Z,_Z,_Z,N,2022-02,0.79,A,0,2,
OECD.SDD.STES:DSD_STES@DF_FINMARK(4.0),LVA,M,IRLT,PA,_Z,_Z,_Z,_Z,N,2022-03,1.2,A,0,2,
OECD.SDD.STES:DSD_STES@DF_FINMARK(4.0),LVA,M,IRLT,PA,_Z,_Z,_Z,_Z,N,2022-04,1.59,A,0,2,
OECD.SDD.STES:DSD_STES@DF_FINMARK(4.0),LVA,M,IRLT,PA,_Z,_Z,_Z,_Z,N,2022-05,1.99,A,0,2,
OECD.SDD.STES:DSD_STES@DF_FINMARK(4.0),LVA,M,IRLT,PA,_Z,_Z,_Z,_Z,N,2022-06,2.55,A,0,2,
OECD.SDD.STES:DSD_STES@DF_FINMARK(4.0),LVA,M,IRLT,PA,_Z,_Z,_Z,_Z,N,2022-07,2.47,A,0,2,
OECD.SDD.STES:DSD_STES@DF_FINMARK(4.0),LVA,M,IRLT,PA,_Z,_Z,_Z,_Z,N,2022-08,2.29,A,0,2,
OECD.SDD.STES:DSD_STES@DF_FINMARK(4.0),LVA,M,IRLT,PA,_Z,_Z,_Z,_Z,N,2022-09,2.96,A,0,2,
OECD.SDD.STES:DSD_STES@DF_FINMARK(4.0),LVA,M,IRLT,PA,_Z,_Z,_Z,_Z,N,2022-10,3.81,A,0,2,
OECD.SDD.STES:DSD_STES@DF_FINMARK(4.0),LVA,M,IRLT,PA,_Z,_Z,_Z,_Z,N,2022-11,3.74,A,0,2,
OECD.SDD.STES:DSD_STES@DF_FINMARK(4.0),LVA,M,IRLT,PA,_Z,_Z,_Z,_Z,N,2022-12,3.5,A,0,2,
OECD.SDD.STES:DSD_STES@DF_FINMARK(4.0),LVA,M,IRLT,PA,_Z,_Z,_Z,_Z,N,2023-01,3.7,A,0,2,
OECD.SDD.STES:DSD_STES@DF_FINMARK(4.0),LVA,M,IRLT,PA,_Z,_Z,_Z,_Z,N,2023-02,3.68,A,0,2,
OECD.SDD.STES:DSD_STES@DF_FINMARK(4.0),LVA,M,IRLT,PA,_Z,_Z,_Z,_Z,N,2023-03,3.91,A,0,2,
OECD.SDD.STES:DSD_STES@DF_FINMARK(4.0),LVA,M,IRLT,PA,_Z,_Z,_Z,_Z,N,2023-04,3.88,A,0,2,
OECD.SDD.STES:DSD_STES@DF_FINMARK(4.0),LVA,M,IRLT,PA,_Z,_Z,_Z,_Z,N,2023-05,3.83,A,0,2,
OECD.SDD.STES:DSD_STES@DF_FINMARK(4.0),LVA,M,IRLT,PA,_Z,_Z,_Z,_Z,N,2023-06,3.79,A,0,2,
OECD.SDD.STES:DSD_STES@DF_FINMARK(4.0),LVA,M,IRLT,PA,_Z,_Z,_Z,_Z,N,2023-07,3.81,A,0,2,
OECD.SDD.STES:DSD_STES@DF_FINMARK(4.0),LVA,M,IRLT,PA,_Z,_Z,_Z,_Z,N,2023-08,3.85,A,0,2,
OECD.SDD.STES:DSD_STES@DF_FINMARK(4.0),LVA,M,IRLT,PA,_Z,_Z,_Z,_Z,N,2023-09,3.88,A,0,2,
OECD.SDD.STES:DSD_STES@DF_FINMARK(4.0),LVA,M,IRLT,PA,_Z,_Z,_Z,_Z,N,2023-10,4.14,A,0,2,
OECD.SDD.STES:DSD_STES@DF_FINMARK(4.0),LVA,M,IRLT,PA,_Z,_Z,_Z,_Z,N,2023-11,3.98,A,0,2,
OECD.SDD.STES:DSD_STES@DF_FINMARK(4.0),LVA,M,IRLT,PA,_Z,_Z,_Z,_Z,N,2023-12,3.49,A,0,2,
OECD.SDD.STES:DSD_STES@DF_FINMARK(4.0),LVA,M,IRLT,PA,_Z,_Z,_Z,_Z,N,2024-01,3.38,A,0,2,
OECD.SDD.STES:DSD_STES@DF_FINMARK(4.0),LVA,M,IRLT,PA,_Z,_Z,_Z,_Z,N,2024-02,3.41,A,0,2,
OECD.SDD.STES:DSD_STES@DF_FINMARK(4.0),LVA,M,IRLT,PA,_Z,_Z,_Z,_Z,N,2024-03,3.4,A,0,2,
OECD.SDD.STES:DSD_STES@DF_FINMARK(4.0),LVA,M,IRLT,PA,_Z,_Z,_Z,_Z,N,2024-04,3.47,A,0,2,
OECD.SDD.STES:DSD_STES@DF_FINMARK(4.0),LVA,M,IRLT,PA,_Z,_Z,_Z,_Z,N,2024-05,3.43,A,0,2,
OECD.SDD.STES:DSD_STES@DF_FINMARK(4.0),LVA,M,IRLT,PA,_Z,_Z,_Z,_Z,N,2024-06,3.44,A,0,2,
OECD.SDD.STES:DSD_STES@DF_FINMARK(4.0),LVA,M,IRLT,PA,_Z,_Z,_Z,_Z,N,2024-07,3.39,A,0,2,
OECD.SDD.STES:DSD_STES@DF_FINMARK(4.0),LVA,M,IRLT,PA,_Z,_Z,_Z,_Z,N,2024-08,3.18,A,0,2,
OECD.SDD.STES:DSD_STES@DF_FINMARK(4.0),LVA,M,IRLT,PA,_Z,_Z,_Z,_Z,N,2024-09,3.12,A,0,2,
OECD.SDD.STES:DSD_STES@DF_FINMARK(4.0),LVA,M,IRLT,PA,_Z,_Z,_Z,_Z,N,2024-10,3.1,A,0,2,
OECD.SDD.STES:DSD_STES@DF_FINMARK(4.0),LVA,M,IRLT,PA,_Z,_Z,_Z,_Z,N,2024-11,3.09,A,0,2,
OECD.SDD.STES:DSD_STES@DF_FINMARK(4.0),LVA,M,IRLT,PA,_Z,_Z,_Z,_Z,N,2024-12,3.04,A,0,2,
OECD.SDD.STES:DSD_STES@DF_FINMARK(4.0),LVA,M,IRLT,PA,_Z,_Z,_Z,_Z,N,2025-01,3.21,A,0,2,
OECD.SDD.STES:DSD_STES@DF_FINMARK(4.0),LVA,M,IRLT,PA,_Z,_Z,_Z,_Z,N,2025-02,3.14,A,0,2,
OECD.SDD.STES:DSD_STES@DF_FINMARK(4.0),LVA,M,IRLT,PA,_Z,_Z,_Z,_Z,N,2025-03,3.37,A,0,2,
OECD.SDD.STES:DSD_STES@DF_FINMARK(4.0),LVA,M,IRLT,PA,_Z,_Z,_Z,_Z,N,2025-04,3.36,A,0,2,
OECD.SDD.STES:DSD_STES@DF_FINMARK(4.0),LVA,M,IRLT,PA,_Z,_Z,_Z,_Z,N,2025-05,3.3,A,0,2,
OECD.SDD.STES:DSD_STES@DF_FINMARK(4.0),LVA,M,IRLT,PA,_Z,_Z,_Z,_Z,N,2025-06,3.25,A,0,2,
OECD.SDD.STES:DSD_STES@DF_FINMARK(4.0),LVA,M,IRLT,PA,_Z,_Z,_Z,_Z,N,2025-07,3.17,A,0,2,
OECD.SDD.STES:DSD_STES@DF_FINMARK(4.0),LVA,M,IRLT,PA,_Z,_Z,_Z,_Z,N,2025-08,3.17,A,0,2,
OECD.SDD.STES:DSD_STES@DF_FINMARK(4.0),LVA,M,IRLT,PA,_Z,_Z,_Z,_Z,N,2025-09,3.18,A,0,2,
OECD.SDD.STES:DSD_STES@DF_FINMARK(4.0),LVA,M,IRLT,PA,_Z,_Z,_Z,_Z,N,2025-10,3.29,A,0,2,
OECD.SDD.STES:DSD_STES@DF_FINMARK(4.0),LVA,M,IRLT,PA,_Z,_Z,_Z,_Z,N,2025-11,3.53,A,0,2,
OECD.SDD.STES:DSD_STES@DF_FINMARK(4.0),LVA,M,IRLT,PA,_Z,_Z,_Z,_Z,N,2025-12,3.66,A,0,2,
OECD.SDD.STES:DSD_STES@DF_FINMARK(4.0),LVA,M,IRLT,PA,_Z,_Z,_Z,_Z,N,2026-01,3.66,A,0,2,
OECD.SDD.STES:DSD_STES@DF_FINMARK(4.0),LVA,M,IRLT,PA,_Z,_Z,_Z,_Z,N,2026-02,3.53,A,0,2,
OECD.SDD.STES:DSD_STES@DF_FINMARK(4.0),LVA,M,IRLT,PA,_Z,_Z,_Z,_Z,N,2026-03,3.7,A,0,2,
OECD.SDD.STES:DSD_STES@DF_FINMARK(4.0),LVA,M,IRLT,PA,_Z,_Z,_Z,_Z,N,2026-04,3.79,A,0,2,
OECD.SDD.STES:DSD_STES@DF_FINMARK(4.0),LVA,M,IRLT,PA,_Z,_Z,_Z,_Z,N,2026-05,3.78,A,0,2,
OECD.SDD.STES:DSD_STES@DF_FINMARK(4.0),LTU,M,IRLT,PA,_Z,_Z,_Z,_Z,N,2015-01,1.66,A,0,2,
OECD.SDD.STES:DSD_STES@DF_FINMARK(4.0),LTU,M,IRLT,PA,_Z,_Z,_Z,_Z,N,2015-02,1.2,A,0,2,
OECD.SDD.STES:DSD_STES@DF_FINMARK(4.0),LTU,M,IRLT,PA,_Z,_Z,_Z,_Z,N,2015-03,1.11,A,0,2,
OECD.SDD.STES:DSD_STES@DF_FINMARK(4.0),LTU,M,IRLT,PA,_Z,_Z,_Z,_Z,N,2015-04,0.58,A,0,2,
OECD.SDD.STES:DSD_STES@DF_FINMARK(4.0),LTU,M,IRLT,PA,_Z,_Z,_Z,_Z,N,2015-05,0.99,A,0,2,
OECD.SDD.STES:DSD_STES@DF_FINMARK(4.0),LTU,M,IRLT,PA,_Z,_Z,_Z,_Z,N,2015-06,1.41,A,0,2,
OECD.SDD.STES:DSD_STES@DF_FINMARK(4.0),LTU,M,IRLT,PA,_Z,_Z,_Z,_Z,N,2015-07,1.64,A,0,2,
OECD.SDD.STES:DSD_STES@DF_FINMARK(4.0),LTU,M,IRLT,PA,_Z,_Z,_Z,_Z,N,2015-08,1.64,A,0,2,
OECD.SDD.STES:DSD_STES@DF_FINMARK(4.0),LTU,M,IRLT,PA,_Z,_Z,_Z,_Z,N,2015-09,1.64,A,0,2,
OECD.SDD.STES:DSD_STES@DF_FINMARK(4.0),LTU,M,IRLT,PA,_Z,_Z,_Z,_Z,N,2015-10,1.64,A,0,2,
OECD.SDD.STES:DSD_STES@DF_FINMARK(4.0),LTU,M,IRLT,PA,_Z,_Z,_Z,_Z,N,2015-11,1.57,A,0,2,
OECD.SDD.STES:DSD_STES@DF_FINMARK(4.0),LTU,M,IRLT,PA,_Z,_Z,_Z,_Z,N,2015-12,1.49,A,0,2,
OECD.SDD.STES:DSD_STES@DF_FINMARK(4.0),LTU,M,IRLT,PA,_Z,_Z,_Z,_Z,N,2016-01,1.47,A,0,2,
OECD.SDD.STES:DSD_STES@DF_FINMARK(4.0),LTU,M,IRLT,PA,_Z,_Z,_Z,_Z,N,2016-02,1.42,A,0,2,
OECD.SDD.STES:DSD_STES@DF_FINMARK(4.0),LTU,M,IRLT,PA,_Z,_Z,_Z,_Z,N,2016-03,1.42,A,0,2,
OECD.SDD.STES:DSD_STES@DF_FINMARK(4.0),LTU,M,IRLT,PA,_Z,_Z,_Z,_Z,N,2016-04,1.31,A,0,2,
OECD.SDD.STES:DSD_STES@DF_FINMARK(4.0),LTU,M,IRLT,PA,_Z,_Z,_Z,_Z,N,2016-05,0.86,A,0,2,
OECD.SDD.STES:DSD_STES@DF_FINMARK(4.0),LTU,M,IRLT,PA,_Z,_Z,_Z,_Z,N,2016-06,0.86,A,0,2,
OECD.SDD.STES:DSD_STES@DF_FINMARK(4.0),LTU,M,IRLT,PA,_Z,_Z,_Z,_Z,N,2016-07,0.86,A,0,2,
OECD.SDD.STES:DSD_STES@DF_FINMARK(4.0),LTU,M,IRLT,PA,_Z,_Z,_Z,_Z,N,2016-08,0.86,A,0,2,
OECD.SDD.STES:DSD_STES@DF_FINMARK(4.0),LTU,M,IRLT,PA,_Z,_Z,_Z,_Z,N,2016-09,0.79,A,0,2,
OECD.SDD.STES:DSD_STES@DF_FINMARK(4.0),LTU,M,IRLT,PA,_Z,_Z,_Z,_Z,N,2016-10,0.31,A,0,2,
OECD.SDD.STES:DSD_STES@DF_FINMARK(4.0),LTU,M,IRLT,PA,_Z,_Z,_Z,_Z,N,2016-11,0.31,A,0,2,
OECD.SDD.STES:DSD_STES@DF_FINMARK(4.0),LTU,M,IRLT,PA,_Z,_Z,_Z,_Z,N,2016-12,0.31,A,0,2,
OECD.SDD.STES:DSD_STES@DF_FINMARK(4.0),LTU,M,IRLT,PA,_Z,_Z,_Z,_Z,N,2017-01,0.31,A,0,2,
OECD.SDD.STES:DSD_STES@DF_FINMARK(4.0),LTU,M,IRLT,PA,_Z,_Z,_Z,_Z,N,2017-02,0.31,A,0,2,
OECD.SDD.STES:DSD_STES@DF_FINMARK(4.0),LTU,M,IRLT,PA,_Z,_Z,_Z,_Z,N,2017-03,0.31,A,0,2,
OECD.SDD.STES:DSD_STES@DF_FINMARK(4.0),LTU,M,IRLT,PA,_Z,_Z,_Z,_Z,N,2017-04,0.31,A,0,2,
OECD.SDD.STES:DSD_STES@DF_FINMARK(4.0),LTU,M,IRLT,PA,_Z,_Z,_Z,_Z,N,2017-05,0.31,A,0,2,
OECD.SDD.STES:DSD_STES@DF_FINMARK(4.0),LTU,M,IRLT,PA,_Z,_Z,_Z,_Z,N,2017-06,0.31,A,0,2,
OECD.SDD.STES:DSD_STES@DF_FINMARK(4.0),LTU,M,IRLT,PA,_Z,_Z,_Z,_Z,N,2017-07,0.31,A,0,2,
OECD.SDD.STES:DSD_STES@DF_FINMARK(4.0),LTU,M,IRLT,PA,_Z,_Z,_Z,_Z,N,2017-08,0.31,A,0,2,
OECD.SDD.STES:DSD_STES@DF_FINMARK(4.0),LTU,M,IRLT,PA,_Z,_Z,_Z,_Z,N,2017-09,0.31,A,0,2,
OECD.SDD.STES:DSD_STES@DF_FINMARK(4.0),LTU,M,IRLT,PA,_Z,_Z,_Z,_Z,N,2017-10,0.31,A,0,2,
OECD.SDD.STES:DSD_STES@DF_FINMARK(4.0),LTU,M,IRLT,PA,_Z,_Z,_Z,_Z,N,2017-11,0.31,A,0,2,
OECD.SDD.STES:DSD_STES@DF_FINMARK(4.0),LTU,M,IRLT,PA,_Z,_Z,_Z,_Z,N,2017-12,0.31,A,0,2,
OECD.SDD.STES:DSD_STES@DF_FINMARK(4.0),LTU,M,IRLT,PA,_Z,_Z,_Z,_Z,N,2018-01,0.31,A,0,2,
OECD.SDD.STES:DSD_STES@DF_FINMARK(4.0),LTU,M,IRLT,PA,_Z,_Z,_Z,_Z,N,2018-02,0.31,A,0,2,
OECD.SDD.STES:DSD_STES@DF_FINMARK(4.0),LTU,M,IRLT,PA,_Z,_Z,_Z,_Z,N,2018-03,0.31,A,0,2,
OECD.SDD.STES:DSD_STES@DF_FINMARK(4.0),LTU,M,IRLT,PA,_Z,_Z,_Z,_Z,N,2018-04,0.31,A,0,2,
OECD.SDD.STES:DSD_STES@DF_FINMARK(4.0),LTU,M,IRLT,PA,_Z,_Z,_Z,_Z,N,2018-05,0.31,A,0,2,
OECD.SDD.STES:DSD_STES@DF_FINMARK(4.0),LTU,M,IRLT,PA,_Z,_Z,_Z,_Z,N,2018-06,0.31,A,0,2,
OECD.SDD.STES:DSD_STES@DF_FINMARK(4.0),LTU,M,IRLT,PA,_Z,_Z,_Z,_Z,N,2018-07,0.31,A,0,2,
OECD.SDD.STES:DSD_STES@DF_FINMARK(4.0),LTU,M,IRLT,PA,_Z,_Z,_Z,_Z,N,2018-08,0.31,A,0,2,
OECD.SDD.STES:DSD_STES@DF_FINMARK(4.0),LTU,M,IRLT,PA,_Z,_Z,_Z,_Z,N,2018-09,0.31,A,0,2,
OECD.SDD.STES:DSD_STES@DF_FINMARK(4.0),LTU,M,IRLT,PA,_Z,_Z,_Z,_Z,N,2018-10,0.31,A,0,2,
OECD.SDD.STES:DSD_STES@DF_FINMARK(4.0),LTU,M,IRLT,PA,_Z,_Z,_Z,_Z,N,2018-11,0.31,A,0,2,
OECD.SDD.STES:DSD_STES@DF_FINMARK(4.0),LTU,M,IRLT,PA,_Z,_Z,_Z,_Z,N,2018-12,0.31,A,0,2,
OECD.SDD.STES:DSD_STES@DF_FINMARK(4.0),LTU,M,IRLT,PA,_Z,_Z,_Z,_Z,N,2019-01,0.31,A,0,2,
OECD.SDD.STES:DSD_STES@DF_FINMARK(4.0),LTU,M,IRLT,PA,_Z,_Z,_Z,_Z,N,2019-02,0.31,A,0,2,
OECD.SDD.STES:DSD_STES@DF_FINMARK(4.0),LTU,M,IRLT,PA,_Z,_Z,_Z,_Z,N,2019-03,0.31,A,0,2,
OECD.SDD.STES:DSD_STES@DF_FINMARK(4.0),LTU,M,IRLT,PA,_Z,_Z,_Z,_Z,N,2019-04,0.31,A,0,2,
OECD.SDD.STES:DSD_STES@DF_FINMARK(4.0),LTU,M,IRLT,PA,_Z,_Z,_Z,_Z,N,2019-05,0.31,A,0,2,
OECD.SDD.STES:DSD_STES@DF_FINMARK(4.0),LTU,M,IRLT,PA,_Z,_Z,_Z,_Z,N,2019-06,0.31,A,0,2,
OECD.SDD.STES:DSD_STES@DF_FINMARK(4.0),LTU,M,IRLT,PA,_Z,_Z,_Z,_Z,N,2019-07,0.31,A,0,2,
OECD.SDD.STES:DSD_STES@DF_FINMARK(4.0),LTU,M,IRLT,PA,_Z,_Z,_Z,_Z,N,2019-08,0.31,A,0,2,
OECD.SDD.STES:DSD_STES@DF_FINMARK(4.0),LTU,M,IRLT,PA,_Z,_Z,_Z,_Z,N,2019-09,0.31,A,0,2,
OECD.SDD.STES:DSD_STES@DF_FINMARK(4.0),LTU,M,IRLT,PA,_Z,_Z,_Z,_Z,N,2019-10,0.31,A,0,2,
OECD.SDD.STES:DSD_STES@DF_FINMARK(4.0),LTU,M,IRLT,PA,_Z,_Z,_Z,_Z,N,2019-11,0.31,A,0,2,
OECD.SDD.STES:DSD_STES@DF_FINMARK(4.0),LTU,M,IRLT,PA,_Z,_Z,_Z,_Z,N,2019-12,0.31,A,0,2,
OECD.SDD.STES:DSD_STES@DF_FINMARK(4.0),LTU,M,IRLT,PA,_Z,_Z,_Z,_Z,N,2020-01,0.31,A,0,2,
OECD.SDD.STES:DSD_STES@DF_FINMARK(4.0),LTU,M,IRLT,PA,_Z,_Z,_Z,_Z,N,2020-02,0.31,A,0,2,
OECD.SDD.STES:DSD_STES@DF_FINMARK(4.0),LTU,M,IRLT,PA,_Z,_Z,_Z,_Z,N,2020-03,0.31,A,0,2,
OECD.SDD.STES:DSD_STES@DF_FINMARK(4.0),LTU,M,IRLT,PA,_Z,_Z,_Z,_Z,N,2020-04,0.31,A,0,2,
OECD.SDD.STES:DSD_STES@DF_FINMARK(4.0),LTU,M,IRLT,PA,_Z,_Z,_Z,_Z,N,2020-05,0.31,A,0,2,
OECD.SDD.STES:DSD_STES@DF_FINMARK(4.0),LTU,M,IRLT,PA,_Z,_Z,_Z,_Z,N,2020-06,0.17,A,0,2,
OECD.SDD.STES:DSD_STES@DF_FINMARK(4.0),LTU,M,IRLT,PA,_Z,_Z,_Z,_Z,N,2020-07,0.16,A,0,2,
OECD.SDD.STES:DSD_STES@DF_FINMARK(4.0),LTU,M,IRLT,PA,_Z,_Z,_Z,_Z,N,2020-08,0.16,A,0,2,
OECD.SDD.STES:DSD_STES@DF_FINMARK(4.0),LTU,M,IRLT,PA,_Z,_Z,_Z,_Z,N,2020-09,0.16,A,0,2,
OECD.SDD.STES:DSD_STES@DF_FINMARK(4.0),LTU,M,IRLT,PA,_Z,_Z,_Z,_Z,N,2020-10,0.16,A,0,2,
OECD.SDD.STES:DSD_STES@DF_FINMARK(4.0),LTU,M,IRLT,PA,_Z,_Z,_Z,_Z,N,2020-11,0.16,A,0,2,
OECD.SDD.STES:DSD_STES@DF_FINMARK(4.0),LTU,M,IRLT,PA,_Z,_Z,_Z,_Z,N,2020-12,0.16,A,0,2,
OECD.SDD.STES:DSD_STES@DF_FINMARK(4.0),LTU,M,IRLT,PA,_Z,_Z,_Z,_Z,N,2021-01,0.16,A,0,2,
OECD.SDD.STES:DSD_STES@DF_FINMARK(4.0),LTU,M,IRLT,PA,_Z,_Z,_Z,_Z,N,2021-02,0.16,A,0,2,
OECD.SDD.STES:DSD_STES@DF_FINMARK(4.0),LTU,M,IRLT,PA,_Z,_Z,_Z,_Z,N,2021-03,0.16,A,0,2,
OECD.SDD.STES:DSD_STES@DF_FINMARK(4.0),LTU,M,IRLT,PA,_Z,_Z,_Z,_Z,N,2021-04,0.16,A,0,2,
OECD.SDD.STES:DSD_STES@DF_FINMARK(4.0),LTU,M,IRLT,PA,_Z,_Z,_Z,_Z,N,2021-05,0.16,A,0,2,
OECD.SDD.STES:DSD_STES@DF_FINMARK(4.0),LTU,M,IRLT,PA,_Z,_Z,_Z,_Z,N,2021-06,0.16,A,0,2,
OECD.SDD.STES:DSD_STES@DF_FINMARK(4.0),LTU,M,IRLT,PA,_Z,_Z,_Z,_Z,N,2021-07,0.16,A,0,2,
OECD.SDD.STES:DSD_STES@DF_FINMARK(4.0),LTU,M,IRLT,PA,_Z,_Z,_Z,_Z,N,2021-08,0.16,A,0,2,
OECD.SDD.STES:DSD_STES@DF_FINMARK(4.0),LTU,M,IRLT,PA,_Z,_Z,_Z,_Z,N,2021-09,0.16,A,0,2,
OECD.SDD.STES:DSD_STES@DF_FINMARK(4.0),LTU,M,IRLT,PA,_Z,_Z,_Z,_Z,N,2021-10,0.16,A,0,2,
OECD.SDD.STES:DSD_STES@DF_FINMARK(4.0),LTU,M,IRLT,PA,_Z,_Z,_Z,_Z,N,2021-11,0.16,A,0,2,
OECD.SDD.STES:DSD_STES@DF_FINMARK(4.0),LTU,M,IRLT,PA,_Z,_Z,_Z,_Z,N,2021-12,0.16,A,0,2,
OECD.SDD.STES:DSD_STES@DF_FINMARK(4.0),LTU,M,IRLT,PA,_Z,_Z,_Z,_Z,N,2022-01,0.16,A,0,2,
OECD.SDD.STES:DSD_STES@DF_FINMARK(4.0),LTU,M,IRLT,PA,_Z,_Z,_Z,_Z,N,2022-02,0.16,A,0,2,
OECD.SDD.STES:DSD_STES@DF_FINMARK(4.0),LTU,M,IRLT,PA,_Z,_Z,_Z,_Z,N,2022-03,0.16,A,0,2,
OECD.SDD.STES:DSD_STES@DF_FINMARK(4.0),LTU,M,IRLT,PA,_Z,_Z,_Z,_Z,N,2022-04,0.16,A,0,2,
OECD.SDD.STES:DSD_STES@DF_FINMARK(4.0),LTU,M,IRLT,PA,_Z,_Z,_Z,_Z,N,2022-05,0.16,A,0,2,
OECD.SDD.STES:DSD_STES@DF_FINMARK(4.0),LTU,M,IRLT,PA,_Z,_Z,_Z,_Z,N,2022-06,0.16,A,0,2,
OECD.SDD.STES:DSD_STES@DF_FINMARK(4.0),LTU,M,IRLT,PA,_Z,_Z,_Z,_Z,N,2022-07,0.16,A,0,2,
OECD.SDD.STES:DSD_STES@DF_FINMARK(4.0),LTU,M,IRLT,PA,_Z,_Z,_Z,_Z,N,2022-08,0.16,A,0,2,
OECD.SDD.STES:DSD_STES@DF_FINMARK(4.0),LTU,M,IRLT,PA,_Z,_Z,_Z,_Z,N,2022-09,0.16,A,0,2,
OECD.SDD.STES:DSD_STES@DF_FINMARK(4.0),LTU,M,IRLT,PA,_Z,_Z,_Z,_Z,N,2022-10,0.16,A,0,2,
OECD.SDD.STES:DSD_STES@DF_FINMARK(4.0),LTU,M,IRLT,PA,_Z,_Z,_Z,_Z,N,2022-11,2.88,A,0,2,
OECD.SDD.STES:DSD_STES@DF_FINMARK(4.0),LTU,M,IRLT,PA,_Z,_Z,_Z,_Z,N,2022-12,2.88,A,0,2,
OECD.SDD.STES:DSD_STES@DF_FINMARK(4.0),LTU,M,IRLT,PA,_Z,_Z,_Z,_Z,N,2023-01,2.88,A,0,2,
OECD.SDD.STES:DSD_STES@DF_FINMARK(4.0),LTU,M,IRLT,PA,_Z,_Z,_Z,_Z,N,2023-02,2.88,A,0,2,
OECD.SDD.STES:DSD_STES@DF_FINMARK(4.0),LTU,M,IRLT,PA,_Z,_Z,_Z,_Z,N,2023-03,2.88,A,0,2,
OECD.SDD.STES:DSD_STES@DF_FINMARK(4.0),LTU,M,IRLT,PA,_Z,_Z,_Z,_Z,N,2023-04,2.88,A,0,2,
OECD.SDD.STES:DSD_STES@DF_FINMARK(4.0),LTU,M,IRLT,PA,_Z,_Z,_Z,_Z,N,2023-05,2.88,A,0,2,
OECD.SDD.STES:DSD_STES@DF_FINMARK(4.0),LTU,M,IRLT,PA,_Z,_Z,_Z,_Z,N,2023-06,2.88,A,0,2,
OECD.SDD.STES:DSD_STES@DF_FINMARK(4.0),LTU,M,IRLT,PA,_Z,_Z,_Z,_Z,N,2023-07,2.88,A,0,2,
OECD.SDD.STES:DSD_STES@DF_FINMARK(4.0),LTU,M,IRLT,PA,_Z,_Z,_Z,_Z,N,2023-08,2.88,A,0,2,
OECD.SDD.STES:DSD_STES@DF_FINMARK(4.0),LTU,M,IRLT,PA,_Z,_Z,_Z,_Z,N,2023-09,2.88,A,0,2,
OECD.SDD.STES:DSD_STES@DF_FINMARK(4.0),LTU,M,IRLT,PA,_Z,_Z,_Z,_Z,N,2023-10,2.88,A,0,2,
OECD.SDD.STES:DSD_STES@DF_FINMARK(4.0),LTU,M,IRLT,PA,_Z,_Z,_Z,_Z,N,2023-11,2.88,A,0,2,
OECD.SDD.STES:DSD_STES@DF_FINMARK(4.0),LTU,M,IRLT,PA,_Z,_Z,_Z,_Z,N,2023-12,2.88,A,0,2,
OECD.SDD.STES:DSD_STES@DF_FINMARK(4.0),LTU,M,IRLT,PA,_Z,_Z,_Z,_Z,N,2024-01,2.88,A,0,2,
OECD.SDD.STES:DSD_STES@DF_FINMARK(4.0),LTU,M,IRLT,PA,_Z,_Z,_Z,_Z,N,2024-02,2.88,A,0,2,
OECD.SDD.STES:DSD_STES@DF_FINMARK(4.0),LTU,M,IRLT,PA,_Z,_Z,_Z,_Z,N,2024-03,2.88,A,0,2,
OECD.SDD.STES:DSD_STES@DF_FINMARK(4.0),LTU,M,IRLT,PA,_Z,_Z,_Z,_Z,N,2024-04,2.88,A,0,2,
OECD.SDD.STES:DSD_STES@DF_FINMARK(4.0),LTU,M,IRLT,PA,_Z,_Z,_Z,_Z,N,2024-05,2.88,A,0,2,
OECD.SDD.STES:DSD_STES@DF_FINMARK(4.0),LTU,M,IRLT,PA,_Z,_Z,_Z,_Z,N,2024-06,2.88,A,0,2,
OECD.SDD.STES:DSD_STES@DF_FINMARK(4.0),LTU,M,IRLT,PA,_Z,_Z,_Z,_Z,N,2024-07,2.88,A,0,2,
OECD.SDD.STES:DSD_STES@DF_FINMARK(4.0),LTU,M,IRLT,PA,_Z,_Z,_Z,_Z,N,2024-08,2.88,A,0,2,
OECD.SDD.STES:DSD_STES@DF_FINMARK(4.0),LTU,M,IRLT,PA,_Z,_Z,_Z,_Z,N,2024-09,2.88,A,0,2,
OECD.SDD.STES:DSD_STES@DF_FINMARK(4.0),LTU,M,IRLT,PA,_Z,_Z,_Z,_Z,N,2024-10,2.88,A,0,2,
OECD.SDD.STES:DSD_STES@DF_FINMARK(4.0),LTU,M,IRLT,PA,_Z,_Z,_Z,_Z,N,2024-11,2.88,A,0,2,
OECD.SDD.STES:DSD_STES@DF_FINMARK(4.0),LTU,M,IRLT,PA,_Z,_Z,_Z,_Z,N,2024-12,2.88,A,0,2,
OECD.SDD.STES:DSD_STES@DF_FINMARK(4.0),LTU,M,IRLT,PA,_Z,_Z,_Z,_Z,N,2025-01,2.88,A,0,2,
OECD.SDD.STES:DSD_STES@DF_FINMARK(4.0),LTU,M,IRLT,PA,_Z,_Z,_Z,_Z,N,2025-02,2.88,A,0,2,
OECD.SDD.STES:DSD_STES@DF_FINMARK(4.0),LTU,M,IRLT,PA,_Z,_Z,_Z,_Z,N,2025-03,2.88,A,0,2,
OECD.SDD.STES:DSD_STES@DF_FINMARK(4.0),LTU,M,IRLT,PA,_Z,_Z,_Z,_Z,N,2025-04,2.88,A,0,2,
OECD.SDD.STES:DSD_STES@DF_FINMARK(4.0),LTU,M,IRLT,PA,_Z,_Z,_Z,_Z,N,2025-05,2.88,A,0,2,
OECD.SDD.STES:DSD_STES@DF_FINMARK(4.0),LTU,M,IRLT,PA,_Z,_Z,_Z,_Z,N,2025-06,2.88,A,0,2,
OECD.SDD.STES:DSD_STES@DF_FINMARK(4.0),LTU,M,IRLT,PA,_Z,_Z,_Z,_Z,N,2025-07,2.88,A,0,2,
OECD.SDD.STES:DSD_STES@DF_FINMARK(4.0),LTU,M,IRLT,PA,_Z,_Z,_Z,_Z,N,2025-08,2.88,A,0,2,
OECD.SDD.STES:DSD_STES@DF_FINMARK(4.0),LTU,M,IRLT,PA,_Z,_Z,_Z,_Z,N,2025-09,2.88,A,0,2,
OECD.SDD.STES:DSD_STES@DF_FINMARK(4.0),LTU,M,IRLT,PA,_Z,_Z,_Z,_Z,N,2025-10,2.88,A,0,2,
OECD.SDD.STES:DSD_STES@DF_FINMARK(4.0),LTU,M,IRLT,PA,_Z,_Z,_Z,_Z,N,2025-11,2.88,A,0,2,
OECD.SDD.STES:DSD_STES@DF_FINMARK(4.0),LTU,M,IRLT,PA,_Z,_Z,_Z,_Z,N,2025-12,2.88,A,0,2,
OECD.SDD.STES:DSD_STES@DF_FINMARK(4.0),LTU,M,IRLT,PA,_Z,_Z,_Z,_Z,N,2026-01,2.88,A,0,2,
OECD.SDD.STES:DSD_STES@DF_FINMARK(4.0),LTU,M,IRLT,PA,_Z,_Z,_Z,_Z,N,2026-02,2.88,A,0,2,
OECD.SDD.STES:DSD_STES@DF_FINMARK(4.0),LTU,M,IRLT,PA,_Z,_Z,_Z,_Z,N,2026-03,2.88,A,0,2,
OECD.SDD.STES:DSD_STES@DF_FINMARK(4.0),LTU,M,IRLT,PA,_Z,_Z,_Z,_Z,N,2026-04,2.88,A,0,2,
OECD.SDD.STES:DSD_STES@DF_FINMARK(4.0),LTU,M,IRLT,PA,_Z,_Z,_Z,_Z,N,2026-05,2.88,A,0,2,
OECD.SDD.STES:DSD_STES@DF_FINMARK(4.0),POL,M,IRLT,PA,_Z,_Z,_Z,_Z,N,2015-01,2.211,A,0,2,
OECD.SDD.STES:DSD_STES@DF_FINMARK(4.0),POL,M,IRLT,PA,_Z,_Z,_Z,_Z,N,2015-02,2.196,A,0,2,
OECD.SDD.STES:DSD_STES@DF_FINMARK(4.0),POL,M,IRLT,PA,_Z,_Z,_Z,_Z,N,2015-03,2.325454,A,0,2,
OECD.SDD.STES:DSD_STES@DF_FINMARK(4.0),POL,M,IRLT,PA,_Z,_Z,_Z,_Z,N,2015-04,2.3675,A,0,2,
OECD.SDD.STES:DSD_STES@DF_FINMARK(4.0),POL,M,IRLT,PA,_Z,_Z,_Z,_Z,N,2015-05,2.82,A,0,2,
OECD.SDD.STES:DSD_STES@DF_FINMARK(4.0),POL,M,IRLT,PA,_Z,_Z,_Z,_Z,N,2015-06,3.19,A,0,2,
OECD.SDD.STES:DSD_STES@DF_FINMARK(4.0),POL,M,IRLT,PA,_Z,_Z,_Z,_Z,N,2015-07,3.16,A,0,2,
OECD.SDD.STES:DSD_STES@DF_FINMARK(4.0),POL,M,IRLT,PA,_Z,_Z,_Z,_Z,N,2015-08,2.881905,A,0,2,
OECD.SDD.STES:DSD_STES@DF_FINMARK(4.0),POL,M,IRLT,PA,_Z,_Z,_Z,_Z,N,2015-09,2.910909,A,0,2,
OECD.SDD.STES:DSD_STES@DF_FINMARK(4.0),POL,M,IRLT,PA,_Z,_Z,_Z,_Z,N,2015-10,2.660909,A,0,2,
OECD.SDD.STES:DSD_STES@DF_FINMARK(4.0),POL,M,IRLT,PA,_Z,_Z,_Z,_Z,N,2015-11,2.726,A,0,2,
OECD.SDD.STES:DSD_STES@DF_FINMARK(4.0),POL,M,IRLT,PA,_Z,_Z,_Z,_Z,N,2015-12,2.957,A,0,2,
OECD.SDD.STES:DSD_STES@DF_FINMARK(4.0),POL,M,IRLT,PA,_Z,_Z,_Z,_Z,N,2016-01,2.996842,A,0,2,
OECD.SDD.STES:DSD_STES@DF_FINMARK(4.0),POL,M,IRLT,PA,_Z,_Z,_Z,_Z,N,2016-02,3.03,A,0,2,
OECD.SDD.STES:DSD_STES@DF_FINMARK(4.0),POL,M,IRLT,PA,_Z,_Z,_Z,_Z,N,2016-03,2.89,A,0,2,
OECD.SDD.STES:DSD_STES@DF_FINMARK(4.0),POL,M,IRLT,PA,_Z,_Z,_Z,_Z,N,2016-04,2.952857,A,0,2,
OECD.SDD.STES:DSD_STES@DF_FINMARK(4.0),POL,M,IRLT,PA,_Z,_Z,_Z,_Z,N,2016-05,3.04,A,0,2,
OECD.SDD.STES:DSD_STES@DF_FINMARK(4.0),POL,M,IRLT,PA,_Z,_Z,_Z,_Z,N,2016-06,3.11,A,0,2,
OECD.SDD.STES:DSD_STES@DF_FINMARK(4.0),POL,M,IRLT,PA,_Z,_Z,_Z,_Z,N,2016-07,2.888572,A,0,2,
OECD.SDD.STES:DSD_STES@DF_FINMARK(4.0),POL,M,IRLT,PA,_Z,_Z,_Z,_Z,N,2016-08,2.71,A,0,2,
OECD.SDD.STES:DSD_STES@DF_FINMARK(4.0),POL,M,IRLT,PA,_Z,_Z,_Z,_Z,N,2016-09,2.85,A,0,2,
OECD.SDD.STES:DSD_STES@DF_FINMARK(4.0),POL,M,IRLT,PA,_Z,_Z,_Z,_Z,N,2016-10,3.01,A,0,2,
OECD.SDD.STES:DSD_STES@DF_FINMARK(4.0),POL,M,IRLT,PA,_Z,_Z,_Z,_Z,N,2016-11,3.41,A,0,2,
OECD.SDD.STES:DSD_STES@DF_FINMARK(4.0),POL,M,IRLT,PA,_Z,_Z,_Z,_Z,N,2016-12,3.54,A,0,2,
OECD.SDD.STES:DSD_STES@DF_FINMARK(4.0),POL,M,IRLT,PA,_Z,_Z,_Z,_Z,N,2017-01,3.68,A,0,2,
OECD.SDD.STES:DSD_STES@DF_FINMARK(4.0),POL,M,IRLT,PA,_Z,_Z,_Z,_Z,N,2017-02,3.81,A,0,2,
OECD.SDD.STES:DSD_STES@DF_FINMARK(4.0),POL,M,IRLT,PA,_Z,_Z,_Z,_Z,N,2017-03,3.66,A,0,2,
OECD.SDD.STES:DSD_STES@DF_FINMARK(4.0),POL,M,IRLT,PA,_Z,_Z,_Z,_Z,N,2017-04,3.42,A,0,2,
OECD.SDD.STES:DSD_STES@DF_FINMARK(4.0),POL,M,IRLT,PA,_Z,_Z,_Z,_Z,N,2017-05,3.35,A,0,2,
OECD.SDD.STES:DSD_STES@DF_FINMARK(4.0),POL,M,IRLT,PA,_Z,_Z,_Z,_Z,N,2017-06,3.19,A,0,2,
OECD.SDD.STES:DSD_STES@DF_FINMARK(4.0),POL,M,IRLT,PA,_Z,_Z,_Z,_Z,N,2017-07,3.3,A,0,2,
OECD.SDD.STES:DSD_STES@DF_FINMARK(4.0),POL,M,IRLT,PA,_Z,_Z,_Z,_Z,N,2017-08,3.33,A,0,2,
OECD.SDD.STES:DSD_STES@DF_FINMARK(4.0),POL,M,IRLT,PA,_Z,_Z,_Z,_Z,N,2017-09,3.26,A,0,2,
OECD.SDD.STES:DSD_STES@DF_FINMARK(4.0),POL,M,IRLT,PA,_Z,_Z,_Z,_Z,N,2017-10,3.38,A,0,2,
OECD.SDD.STES:DSD_STES@DF_FINMARK(4.0),POL,M,IRLT,PA,_Z,_Z,_Z,_Z,N,2017-11,3.39,A,0,2,
OECD.SDD.STES:DSD_STES@DF_FINMARK(4.0),POL,M,IRLT,PA,_Z,_Z,_Z,_Z,N,2017-12,3.27,A,0,2,
OECD.SDD.STES:DSD_STES@DF_FINMARK(4.0),POL,M,IRLT,PA,_Z,_Z,_Z,_Z,N,2018-01,3.32,A,0,2,
OECD.SDD.STES:DSD_STES@DF_FINMARK(4.0),POL,M,IRLT,PA,_Z,_Z,_Z,_Z,N,2018-02,3.39,A,0,2,
OECD.SDD.STES:DSD_STES@DF_FINMARK(4.0),POL,M,IRLT,PA,_Z,_Z,_Z,_Z,N,2018-03,3.27,A,0,2,
OECD.SDD.STES:DSD_STES@DF_FINMARK(4.0),POL,M,IRLT,PA,_Z,_Z,_Z,_Z,N,2018-04,3.06,A,0,2,
OECD.SDD.STES:DSD_STES@DF_FINMARK(4.0),POL,M,IRLT,PA,_Z,_Z,_Z,_Z,N,2018-05,3.23,A,0,2,
OECD.SDD.STES:DSD_STES@DF_FINMARK(4.0),POL,M,IRLT,PA,_Z,_Z,_Z,_Z,N,2018-06,3.21,A,0,2,
OECD.SDD.STES:DSD_STES@DF_FINMARK(4.0),POL,M,IRLT,PA,_Z,_Z,_Z,_Z,N,2018-07,3.17,A,0,2,
OECD.SDD.STES:DSD_STES@DF_FINMARK(4.0),POL,M,IRLT,PA,_Z,_Z,_Z,_Z,N,2018-08,3.14,A,0,2,
OECD.SDD.STES:DSD_STES@DF_FINMARK(4.0),POL,M,IRLT,PA,_Z,_Z,_Z,_Z,N,2018-09,3.24,A,0,2,
OECD.SDD.STES:DSD_STES@DF_FINMARK(4.0),POL,M,IRLT,PA,_Z,_Z,_Z,_Z,N,2018-10,3.22,A,0,2,
OECD.SDD.STES:DSD_STES@DF_FINMARK(4.0),POL,M,IRLT,PA,_Z,_Z,_Z,_Z,N,2018-11,3.19,A,0,2,
OECD.SDD.STES:DSD_STES@DF_FINMARK(4.0),POL,M,IRLT,PA,_Z,_Z,_Z,_Z,N,2018-12,2.94,A,0,2,
OECD.SDD.STES:DSD_STES@DF_FINMARK(4.0),POL,M,IRLT,PA,_Z,_Z,_Z,_Z,N,2019-01,2.78,A,0,2,
OECD.SDD.STES:DSD_STES@DF_FINMARK(4.0),POL,M,IRLT,PA,_Z,_Z,_Z,_Z,N,2019-02,2.69,A,0,2,
OECD.SDD.STES:DSD_STES@DF_FINMARK(4.0),POL,M,IRLT,PA,_Z,_Z,_Z,_Z,N,2019-03,2.75,A,0,2,
OECD.SDD.STES:DSD_STES@DF_FINMARK(4.0),POL,M,IRLT,PA,_Z,_Z,_Z,_Z,N,2019-04,2.76,A,0,2,
OECD.SDD.STES:DSD_STES@DF_FINMARK(4.0),POL,M,IRLT,PA,_Z,_Z,_Z,_Z,N,2019-05,2.72,A,0,2,
OECD.SDD.STES:DSD_STES@DF_FINMARK(4.0),POL,M,IRLT,PA,_Z,_Z,_Z,_Z,N,2019-06,2.35,A,0,2,
OECD.SDD.STES:DSD_STES@DF_FINMARK(4.0),POL,M,IRLT,PA,_Z,_Z,_Z,_Z,N,2019-07,2.13,A,0,2,
OECD.SDD.STES:DSD_STES@DF_FINMARK(4.0),POL,M,IRLT,PA,_Z,_Z,_Z,_Z,N,2019-08,1.93,A,0,2,
OECD.SDD.STES:DSD_STES@DF_FINMARK(4.0),POL,M,IRLT,PA,_Z,_Z,_Z,_Z,N,2019-09,2.02,A,0,2,
OECD.SDD.STES:DSD_STES@DF_FINMARK(4.0),POL,M,IRLT,PA,_Z,_Z,_Z,_Z,N,2019-10,1.96,A,0,2,
OECD.SDD.STES:DSD_STES@DF_FINMARK(4.0),POL,M,IRLT,PA,_Z,_Z,_Z,_Z,N,2019-11,2.05,A,0,2,
OECD.SDD.STES:DSD_STES@DF_FINMARK(4.0),POL,M,IRLT,PA,_Z,_Z,_Z,_Z,N,2019-12,2.03,A,0,2,
OECD.SDD.STES:DSD_STES@DF_FINMARK(4.0),POL,M,IRLT,PA,_Z,_Z,_Z,_Z,N,2020-01,2.23,A,0,2,
OECD.SDD.STES:DSD_STES@DF_FINMARK(4.0),POL,M,IRLT,PA,_Z,_Z,_Z,_Z,N,2020-02,2.09,A,0,2,
OECD.SDD.STES:DSD_STES@DF_FINMARK(4.0),POL,M,IRLT,PA,_Z,_Z,_Z,_Z,N,2020-03,1.8,A,0,2,
OECD.SDD.STES:DSD_STES@DF_FINMARK(4.0),POL,M,IRLT,PA,_Z,_Z,_Z,_Z,N,2020-04,1.46,A,0,2,
OECD.SDD.STES:DSD_STES@DF_FINMARK(4.0),POL,M,IRLT,PA,_Z,_Z,_Z,_Z,N,2020-05,1.35,A,0,2,
OECD.SDD.STES:DSD_STES@DF_FINMARK(4.0),POL,M,IRLT,PA,_Z,_Z,_Z,_Z,N,2020-06,1.31,A,0,2,
OECD.SDD.STES:DSD_STES@DF_FINMARK(4.0),POL,M,IRLT,PA,_Z,_Z,_Z,_Z,N,2020-07,1.33,A,0,2,
OECD.SDD.STES:DSD_STES@DF_FINMARK(4.0),POL,M,IRLT,PA,_Z,_Z,_Z,_Z,N,2020-08,1.32,A,0,2,
OECD.SDD.STES:DSD_STES@DF_FINMARK(4.0),POL,M,IRLT,PA,_Z,_Z,_Z,_Z,N,2020-09,1.35,A,0,2,
OECD.SDD.STES:DSD_STES@DF_FINMARK(4.0),POL,M,IRLT,PA,_Z,_Z,_Z,_Z,N,2020-10,1.26,A,0,2,
OECD.SDD.STES:DSD_STES@DF_FINMARK(4.0),POL,M,IRLT,PA,_Z,_Z,_Z,_Z,N,2020-11,1.2,A,0,2,
OECD.SDD.STES:DSD_STES@DF_FINMARK(4.0),POL,M,IRLT,PA,_Z,_Z,_Z,_Z,N,2020-12,1.29,A,0,2,
OECD.SDD.STES:DSD_STES@DF_FINMARK(4.0),POL,M,IRLT,PA,_Z,_Z,_Z,_Z,N,2021-01,1.19,A,0,2,
OECD.SDD.STES:DSD_STES@DF_FINMARK(4.0),POL,M,IRLT,PA,_Z,_Z,_Z,_Z,N,2021-02,1.31,A,0,2,
OECD.SDD.STES:DSD_STES@DF_FINMARK(4.0),POL,M,IRLT,PA,_Z,_Z,_Z,_Z,N,2021-03,1.52,A,0,2,
OECD.SDD.STES:DSD_STES@DF_FINMARK(4.0),POL,M,IRLT,PA,_Z,_Z,_Z,_Z,N,2021-04,1.55,A,0,2,
OECD.SDD.STES:DSD_STES@DF_FINMARK(4.0),POL,M,IRLT,PA,_Z,_Z,_Z,_Z,N,2021-05,1.82,A,0,2,
OECD.SDD.STES:DSD_STES@DF_FINMARK(4.0),POL,M,IRLT,PA,_Z,_Z,_Z,_Z,N,2021-06,1.78,A,0,2,
OECD.SDD.STES:DSD_STES@DF_FINMARK(4.0),POL,M,IRLT,PA,_Z,_Z,_Z,_Z,N,2021-07,1.61,A,0,2,
OECD.SDD.STES:DSD_STES@DF_FINMARK(4.0),POL,M,IRLT,PA,_Z,_Z,_Z,_Z,N,2021-08,1.6,A,0,2,
OECD.SDD.STES:DSD_STES@DF_FINMARK(4.0),POL,M,IRLT,PA,_Z,_Z,_Z,_Z,N,2021-09,1.87,A,0,2,
OECD.SDD.STES:DSD_STES@DF_FINMARK(4.0),POL,M,IRLT,PA,_Z,_Z,_Z,_Z,N,2021-10,2.63,A,0,2,
OECD.SDD.STES:DSD_STES@DF_FINMARK(4.0),POL,M,IRLT,PA,_Z,_Z,_Z,_Z,N,2021-11,3.12,A,0,2,
OECD.SDD.STES:DSD_STES@DF_FINMARK(4.0),POL,M,IRLT,PA,_Z,_Z,_Z,_Z,N,2021-12,3.33,A,0,2,
OECD.SDD.STES:DSD_STES@DF_FINMARK(4.0),POL,M,IRLT,PA,_Z,_Z,_Z,_Z,N,2022-01,4,A,0,2,
OECD.SDD.STES:DSD_STES@DF_FINMARK(4.0),POL,M,IRLT,PA,_Z,_Z,_Z,_Z,N,2022-02,3.95,A,0,2,
OECD.SDD.STES:DSD_STES@DF_FINMARK(4.0),POL,M,IRLT,PA,_Z,_Z,_Z,_Z,N,2022-03,4.83,A,0,2,
OECD.SDD.STES:DSD_STES@DF_FINMARK(4.0),POL,M,IRLT,PA,_Z,_Z,_Z,_Z,N,2022-04,5.96,A,0,2,
OECD.SDD.STES:DSD_STES@DF_FINMARK(4.0),POL,M,IRLT,PA,_Z,_Z,_Z,_Z,N,2022-05,6.64,A,0,2,
OECD.SDD.STES:DSD_STES@DF_FINMARK(4.0),POL,M,IRLT,PA,_Z,_Z,_Z,_Z,N,2022-06,7.14,A,0,2,
OECD.SDD.STES:DSD_STES@DF_FINMARK(4.0),POL,M,IRLT,PA,_Z,_Z,_Z,_Z,N,2022-07,6.37,A,0,2,
OECD.SDD.STES:DSD_STES@DF_FINMARK(4.0),POL,M,IRLT,PA,_Z,_Z,_Z,_Z,N,2022-08,5.8,A,0,2,
OECD.SDD.STES:DSD_STES@DF_FINMARK(4.0),POL,M,IRLT,PA,_Z,_Z,_Z,_Z,N,2022-09,6.28,A,0,2,
OECD.SDD.STES:DSD_STES@DF_FINMARK(4.0),POL,M,IRLT,PA,_Z,_Z,_Z,_Z,N,2022-10,7.82,A,0,2,
OECD.SDD.STES:DSD_STES@DF_FINMARK(4.0),POL,M,IRLT,PA,_Z,_Z,_Z,_Z,N,2022-11,7.24,A,0,2,
OECD.SDD.STES:DSD_STES@DF_FINMARK(4.0),POL,M,IRLT,PA,_Z,_Z,_Z,_Z,N,2022-12,6.61,A,0,2,
OECD.SDD.STES:DSD_STES@DF_FINMARK(4.0),POL,M,IRLT,PA,_Z,_Z,_Z,_Z,N,2023-01,6.02,A,0,2,
OECD.SDD.STES:DSD_STES@DF_FINMARK(4.0),POL,M,IRLT,PA,_Z,_Z,_Z,_Z,N,2023-02,6.18,A,0,2,
OECD.SDD.STES:DSD_STES@DF_FINMARK(4.0),POL,M,IRLT,PA,_Z,_Z,_Z,_Z,N,2023-03,6.14,A,0,2,
OECD.SDD.STES:DSD_STES@DF_FINMARK(4.0),POL,M,IRLT,PA,_Z,_Z,_Z,_Z,N,2023-04,6.07,A,0,2,
OECD.SDD.STES:DSD_STES@DF_FINMARK(4.0),POL,M,IRLT,PA,_Z,_Z,_Z,_Z,N,2023-05,5.93,A,0,2,
OECD.SDD.STES:DSD_STES@DF_FINMARK(4.0),POL,M,IRLT,PA,_Z,_Z,_Z,_Z,N,2023-06,5.91,A,0,2,
OECD.SDD.STES:DSD_STES@DF_FINMARK(4.0),POL,M,IRLT,PA,_Z,_Z,_Z,_Z,N,2023-07,5.56,A,0,2,
OECD.SDD.STES:DSD_STES@DF_FINMARK(4.0),POL,M,IRLT,PA,_Z,_Z,_Z,_Z,N,2023-08,5.59,A,0,2,
OECD.SDD.STES:DSD_STES@DF_FINMARK(4.0),POL,M,IRLT,PA,_Z,_Z,_Z,_Z,N,2023-09,5.68,A,0,2,
OECD.SDD.STES:DSD_STES@DF_FINMARK(4.0),POL,M,IRLT,PA,_Z,_Z,_Z,_Z,N,2023-10,5.84,A,0,2,
OECD.SDD.STES:DSD_STES@DF_FINMARK(4.0),POL,M,IRLT,PA,_Z,_Z,_Z,_Z,N,2023-11,5.54,A,0,2,
OECD.SDD.STES:DSD_STES@DF_FINMARK(4.0),POL,M,IRLT,PA,_Z,_Z,_Z,_Z,N,2023-12,5.21,A,0,2,
OECD.SDD.STES:DSD_STES@DF_FINMARK(4.0),POL,M,IRLT,PA,_Z,_Z,_Z,_Z,N,2024-01,5.24,A,0,2,
OECD.SDD.STES:DSD_STES@DF_FINMARK(4.0),POL,M,IRLT,PA,_Z,_Z,_Z,_Z,N,2024-02,5.36,A,0,2,
OECD.SDD.STES:DSD_STES@DF_FINMARK(4.0),POL,M,IRLT,PA,_Z,_Z,_Z,_Z,N,2024-03,5.4,A,0,2,
OECD.SDD.STES:DSD_STES@DF_FINMARK(4.0),POL,M,IRLT,PA,_Z,_Z,_Z,_Z,N,2024-04,5.67,A,0,2,
OECD.SDD.STES:DSD_STES@DF_FINMARK(4.0),POL,M,IRLT,PA,_Z,_Z,_Z,_Z,N,2024-05,5.67,A,0,2,
OECD.SDD.STES:DSD_STES@DF_FINMARK(4.0),POL,M,IRLT,PA,_Z,_Z,_Z,_Z,N,2024-06,5.73,A,0,2,
OECD.SDD.STES:DSD_STES@DF_FINMARK(4.0),POL,M,IRLT,PA,_Z,_Z,_Z,_Z,N,2024-07,5.65,A,0,2,
OECD.SDD.STES:DSD_STES@DF_FINMARK(4.0),POL,M,IRLT,PA,_Z,_Z,_Z,_Z,N,2024-08,5.28,A,0,2,
OECD.SDD.STES:DSD_STES@DF_FINMARK(4.0),POL,M,IRLT,PA,_Z,_Z,_Z,_Z,N,2024-09,5.31,A,0,2,
OECD.SDD.STES:DSD_STES@DF_FINMARK(4.0),POL,M,IRLT,PA,_Z,_Z,_Z,_Z,N,2024-10,5.6,A,0,2,
OECD.SDD.STES:DSD_STES@DF_FINMARK(4.0),POL,M,IRLT,PA,_Z,_Z,_Z,_Z,N,2024-11,5.66,A,0,2,
OECD.SDD.STES:DSD_STES@DF_FINMARK(4.0),POL,M,IRLT,PA,_Z,_Z,_Z,_Z,N,2024-12,5.73,A,0,2,
OECD.SDD.STES:DSD_STES@DF_FINMARK(4.0),POL,M,IRLT,PA,_Z,_Z,_Z,_Z,N,2025-01,5.94,A,0,2,
OECD.SDD.STES:DSD_STES@DF_FINMARK(4.0),POL,M,IRLT,PA,_Z,_Z,_Z,_Z,N,2025-02,5.83,A,0,2,
OECD.SDD.STES:DSD_STES@DF_FINMARK(4.0),POL,M,IRLT,PA,_Z,_Z,_Z,_Z,N,2025-03,5.86,A,0,2,
OECD.SDD.STES:DSD_STES@DF_FINMARK(4.0),POL,M,IRLT,PA,_Z,_Z,_Z,_Z,N,2025-04,5.3,A,0,2,
OECD.SDD.STES:DSD_STES@DF_FINMARK(4.0),POL,M,IRLT,PA,_Z,_Z,_Z,_Z,N,2025-05,5.41,A,0,2,
OECD.SDD.STES:DSD_STES@DF_FINMARK(4.0),POL,M,IRLT,PA,_Z,_Z,_Z,_Z,N,2025-06,5.53,A,0,2,
OECD.SDD.STES:DSD_STES@DF_FINMARK(4.0),POL,M,IRLT,PA,_Z,_Z,_Z,_Z,N,2025-07,5.34,A,0,2,
OECD.SDD.STES:DSD_STES@DF_FINMARK(4.0),POL,M,IRLT,PA,_Z,_Z,_Z,_Z,N,2025-08,5.4,A,0,2,
OECD.SDD.STES:DSD_STES@DF_FINMARK(4.0),POL,M,IRLT,PA,_Z,_Z,_Z,_Z,N,2025-09,5.47,A,0,2,
OECD.SDD.STES:DSD_STES@DF_FINMARK(4.0),POL,M,IRLT,PA,_Z,_Z,_Z,_Z,N,2025-10,5.4,A,0,2,
OECD.SDD.STES:DSD_STES@DF_FINMARK(4.0),POL,M,IRLT,PA,_Z,_Z,_Z,_Z,N,2025-11,5.28,A,0,2,
OECD.SDD.STES:DSD_STES@DF_FINMARK(4.0),POL,M,IRLT,PA,_Z,_Z,_Z,_Z,N,2025-12,5.21,A,0,2,
OECD.SDD.STES:DSD_STES@DF_FINMARK(4.0),POL,M,IRLT,PA,_Z,_Z,_Z,_Z,N,2026-01,5.1,A,0,2,
OECD.SDD.STES:DSD_STES@DF_FINMARK(4.0),POL,M,IRLT,PA,_Z,_Z,_Z,_Z,N,2026-02,4.99,A,0,2,
OECD.SDD.STES:DSD_STES@DF_FINMARK(4.0),POL,M,IRLT,PA,_Z,_Z,_Z,_Z,N,2026-03,5.58,A,0,2,
OECD.SDD.STES:DSD_STES@DF_FINMARK(4.0),POL,M,IRLT,PA,_Z,_Z,_Z,_Z,N,2026-04,5.58,A,0,2,
OECD.SDD.STES:DSD_STES@DF_FINMARK(4.0),POL,M,IRLT,PA,_Z,_Z,_Z,_Z,N,2026-05,5.74,A,0,2,
OECD.SDD.STES:DSD_STES@DF_FINMARK(4.0),SVN,M,IRLT,PA,_Z,_Z,_Z,_Z,N,2015-01,1.75,A,0,2,
OECD.SDD.STES:DSD_STES@DF_FINMARK(4.0),SVN,M,IRLT,PA,_Z,_Z,_Z,_Z,N,2015-02,1.32,A,0,2,
OECD.SDD.STES:DSD_STES@DF_FINMARK(4.0),SVN,M,IRLT,PA,_Z,_Z,_Z,_Z,N,2015-03,0.99,A,0,2,
OECD.SDD.STES:DSD_STES@DF_FINMARK(4.0),SVN,M,IRLT,PA,_Z,_Z,_Z,_Z,N,2015-04,1.06,A,0,2,
OECD.SDD.STES:DSD_STES@DF_FINMARK(4.0),SVN,M,IRLT,PA,_Z,_Z,_Z,_Z,N,2015-05,1.59,A,0,2,
OECD.SDD.STES:DSD_STES@DF_FINMARK(4.0),SVN,M,IRLT,PA,_Z,_Z,_Z,_Z,N,2015-06,2.13,A,0,2,
OECD.SDD.STES:DSD_STES@DF_FINMARK(4.0),SVN,M,IRLT,PA,_Z,_Z,_Z,_Z,N,2015-07,2.43,A,0,2,
OECD.SDD.STES:DSD_STES@DF_FINMARK(4.0),SVN,M,IRLT,PA,_Z,_Z,_Z,_Z,N,2015-08,2.07,A,0,2,
OECD.SDD.STES:DSD_STES@DF_FINMARK(4.0),SVN,M,IRLT,PA,_Z,_Z,_Z,_Z,N,2015-09,2.05,A,0,2,
OECD.SDD.STES:DSD_STES@DF_FINMARK(4.0),SVN,M,IRLT,PA,_Z,_Z,_Z,_Z,N,2015-10,1.8,A,0,2,
OECD.SDD.STES:DSD_STES@DF_FINMARK(4.0),SVN,M,IRLT,PA,_Z,_Z,_Z,_Z,N,2015-11,1.66,A,0,2,
OECD.SDD.STES:DSD_STES@DF_FINMARK(4.0),SVN,M,IRLT,PA,_Z,_Z,_Z,_Z,N,2015-12,1.61,A,0,2,
OECD.SDD.STES:DSD_STES@DF_FINMARK(4.0),SVN,M,IRLT,PA,_Z,_Z,_Z,_Z,N,2016-01,1.61,A,0,2,
OECD.SDD.STES:DSD_STES@DF_FINMARK(4.0),SVN,M,IRLT,PA,_Z,_Z,_Z,_Z,N,2016-02,1.59,A,0,2,
OECD.SDD.STES:DSD_STES@DF_FINMARK(4.0),SVN,M,IRLT,PA,_Z,_Z,_Z,_Z,N,2016-03,1.48,A,0,2,
OECD.SDD.STES:DSD_STES@DF_FINMARK(4.0),SVN,M,IRLT,PA,_Z,_Z,_Z,_Z,N,2016-04,1.37,A,0,2,
OECD.SDD.STES:DSD_STES@DF_FINMARK(4.0),SVN,M,IRLT,PA,_Z,_Z,_Z,_Z,N,2016-05,1.41,A,0,2,
OECD.SDD.STES:DSD_STES@DF_FINMARK(4.0),SVN,M,IRLT,PA,_Z,_Z,_Z,_Z,N,2016-06,1.36,A,0,2,
OECD.SDD.STES:DSD_STES@DF_FINMARK(4.0),SVN,M,IRLT,PA,_Z,_Z,_Z,_Z,N,2016-07,0.95,A,0,2,
OECD.SDD.STES:DSD_STES@DF_FINMARK(4.0),SVN,M,IRLT,PA,_Z,_Z,_Z,_Z,N,2016-08,0.8,A,0,2,
OECD.SDD.STES:DSD_STES@DF_FINMARK(4.0),SVN,M,IRLT,PA,_Z,_Z,_Z,_Z,N,2016-09,0.75,A,0,2,
OECD.SDD.STES:DSD_STES@DF_FINMARK(4.0),SVN,M,IRLT,PA,_Z,_Z,_Z,_Z,N,2016-10,0.62,A,0,2,
OECD.SDD.STES:DSD_STES@DF_FINMARK(4.0),SVN,M,IRLT,PA,_Z,_Z,_Z,_Z,N,2016-11,0.89,A,0,2,
OECD.SDD.STES:DSD_STES@DF_FINMARK(4.0),SVN,M,IRLT,PA,_Z,_Z,_Z,_Z,N,2016-12,0.96,A,0,2,
OECD.SDD.STES:DSD_STES@DF_FINMARK(4.0),SVN,M,IRLT,PA,_Z,_Z,_Z,_Z,N,2017-01,0.99,A,0,2,
OECD.SDD.STES:DSD_STES@DF_FINMARK(4.0),SVN,M,IRLT,PA,_Z,_Z,_Z,_Z,N,2017-02,1.01,A,0,2,
OECD.SDD.STES:DSD_STES@DF_FINMARK(4.0),SVN,M,IRLT,PA,_Z,_Z,_Z,_Z,N,2017-03,0.99,A,0,2,
OECD.SDD.STES:DSD_STES@DF_FINMARK(4.0),SVN,M,IRLT,PA,_Z,_Z,_Z,_Z,N,2017-04,1,A,0,2,
OECD.SDD.STES:DSD_STES@DF_FINMARK(4.0),SVN,M,IRLT,PA,_Z,_Z,_Z,_Z,N,2017-05,0.98,A,0,2,
OECD.SDD.STES:DSD_STES@DF_FINMARK(4.0),SVN,M,IRLT,PA,_Z,_Z,_Z,_Z,N,2017-06,0.86,A,0,2,
OECD.SDD.STES:DSD_STES@DF_FINMARK(4.0),SVN,M,IRLT,PA,_Z,_Z,_Z,_Z,N,2017-07,1.15,A,0,2,
OECD.SDD.STES:DSD_STES@DF_FINMARK(4.0),SVN,M,IRLT,PA,_Z,_Z,_Z,_Z,N,2017-08,1.09,A,0,2,
OECD.SDD.STES:DSD_STES@DF_FINMARK(4.0),SVN,M,IRLT,PA,_Z,_Z,_Z,_Z,N,2017-09,0.98,A,0,2,
OECD.SDD.STES:DSD_STES@DF_FINMARK(4.0),SVN,M,IRLT,PA,_Z,_Z,_Z,_Z,N,2017-10,0.97,A,0,2,
OECD.SDD.STES:DSD_STES@DF_FINMARK(4.0),SVN,M,IRLT,PA,_Z,_Z,_Z,_Z,N,2017-11,0.81,A,0,2,
OECD.SDD.STES:DSD_STES@DF_FINMARK(4.0),SVN,M,IRLT,PA,_Z,_Z,_Z,_Z,N,2017-12,0.69,A,0,2,
OECD.SDD.STES:DSD_STES@DF_FINMARK(4.0),SVN,M,IRLT,PA,_Z,_Z,_Z,_Z,N,2018-01,0.88,A,0,2,
OECD.SDD.STES:DSD_STES@DF_FINMARK(4.0),SVN,M,IRLT,PA,_Z,_Z,_Z,_Z,N,2018-02,1.14,A,0,2,
OECD.SDD.STES:DSD_STES@DF_FINMARK(4.0),SVN,M,IRLT,PA,_Z,_Z,_Z,_Z,N,2018-03,1.11,A,0,2,
OECD.SDD.STES:DSD_STES@DF_FINMARK(4.0),SVN,M,IRLT,PA,_Z,_Z,_Z,_Z,N,2018-04,0.89,A,0,2,
OECD.SDD.STES:DSD_STES@DF_FINMARK(4.0),SVN,M,IRLT,PA,_Z,_Z,_Z,_Z,N,2018-05,0.96,A,0,2,
OECD.SDD.STES:DSD_STES@DF_FINMARK(4.0),SVN,M,IRLT,PA,_Z,_Z,_Z,_Z,N,2018-06,0.99,A,0,2,
OECD.SDD.STES:DSD_STES@DF_FINMARK(4.0),SVN,M,IRLT,PA,_Z,_Z,_Z,_Z,N,2018-07,0.79,A,0,2,
OECD.SDD.STES:DSD_STES@DF_FINMARK(4.0),SVN,M,IRLT,PA,_Z,_Z,_Z,_Z,N,2018-08,0.77,A,0,2,
OECD.SDD.STES:DSD_STES@DF_FINMARK(4.0),SVN,M,IRLT,PA,_Z,_Z,_Z,_Z,N,2018-09,0.75,A,0,2,
OECD.SDD.STES:DSD_STES@DF_FINMARK(4.0),SVN,M,IRLT,PA,_Z,_Z,_Z,_Z,N,2018-10,0.92,A,0,2,
OECD.SDD.STES:DSD_STES@DF_FINMARK(4.0),SVN,M,IRLT,PA,_Z,_Z,_Z,_Z,N,2018-11,1.01,A,0,2,
OECD.SDD.STES:DSD_STES@DF_FINMARK(4.0),SVN,M,IRLT,PA,_Z,_Z,_Z,_Z,N,2018-12,0.96,A,0,2,
OECD.SDD.STES:DSD_STES@DF_FINMARK(4.0),SVN,M,IRLT,PA,_Z,_Z,_Z,_Z,N,2019-01,0.98,A,0,2,
OECD.SDD.STES:DSD_STES@DF_FINMARK(4.0),SVN,M,IRLT,PA,_Z,_Z,_Z,_Z,N,2019-02,0.87,A,0,2,
OECD.SDD.STES:DSD_STES@DF_FINMARK(4.0),SVN,M,IRLT,PA,_Z,_Z,_Z,_Z,N,2019-03,0.67,A,0,2,
OECD.SDD.STES:DSD_STES@DF_FINMARK(4.0),SVN,M,IRLT,PA,_Z,_Z,_Z,_Z,N,2019-04,0.52,A,0,2,
OECD.SDD.STES:DSD_STES@DF_FINMARK(4.0),SVN,M,IRLT,PA,_Z,_Z,_Z,_Z,N,2019-05,0.38,A,0,2,
OECD.SDD.STES:DSD_STES@DF_FINMARK(4.0),SVN,M,IRLT,PA,_Z,_Z,_Z,_Z,N,2019-06,0.19,A,0,2,
OECD.SDD.STES:DSD_STES@DF_FINMARK(4.0),SVN,M,IRLT,PA,_Z,_Z,_Z,_Z,N,2019-07,-0.01,A,0,2,
OECD.SDD.STES:DSD_STES@DF_FINMARK(4.0),SVN,M,IRLT,PA,_Z,_Z,_Z,_Z,N,2019-08,-0.06,A,0,2,
OECD.SDD.STES:DSD_STES@DF_FINMARK(4.0),SVN,M,IRLT,PA,_Z,_Z,_Z,_Z,N,2019-09,-0.16,A,0,2,
OECD.SDD.STES:DSD_STES@DF_FINMARK(4.0),SVN,M,IRLT,PA,_Z,_Z,_Z,_Z,N,2019-10,-0.09,A,0,2,
OECD.SDD.STES:DSD_STES@DF_FINMARK(4.0),SVN,M,IRLT,PA,_Z,_Z,_Z,_Z,N,2019-11,-0.01,A,0,2,
OECD.SDD.STES:DSD_STES@DF_FINMARK(4.0),SVN,M,IRLT,PA,_Z,_Z,_Z,_Z,N,2019-12,0.02,A,0,2,
OECD.SDD.STES:DSD_STES@DF_FINMARK(4.0),SVN,M,IRLT,PA,_Z,_Z,_Z,_Z,N,2020-01,0.09,A,0,2,
OECD.SDD.STES:DSD_STES@DF_FINMARK(4.0),SVN,M,IRLT,PA,_Z,_Z,_Z,_Z,N,2020-02,0.04,A,0,2,
OECD.SDD.STES:DSD_STES@DF_FINMARK(4.0),SVN,M,IRLT,PA,_Z,_Z,_Z,_Z,N,2020-03,0.02,A,0,2,
OECD.SDD.STES:DSD_STES@DF_FINMARK(4.0),SVN,M,IRLT,PA,_Z,_Z,_Z,_Z,N,2020-04,0.27,A,0,2,
OECD.SDD.STES:DSD_STES@DF_FINMARK(4.0),SVN,M,IRLT,PA,_Z,_Z,_Z,_Z,N,2020-05,0.74,A,0,2,
OECD.SDD.STES:DSD_STES@DF_FINMARK(4.0),SVN,M,IRLT,PA,_Z,_Z,_Z,_Z,N,2020-06,0.42,A,0,2,
OECD.SDD.STES:DSD_STES@DF_FINMARK(4.0),SVN,M,IRLT,PA,_Z,_Z,_Z,_Z,N,2020-07,0.09,A,0,2,
OECD.SDD.STES:DSD_STES@DF_FINMARK(4.0),SVN,M,IRLT,PA,_Z,_Z,_Z,_Z,N,2020-08,-0.102,A,0,2,
OECD.SDD.STES:DSD_STES@DF_FINMARK(4.0),SVN,M,IRLT,PA,_Z,_Z,_Z,_Z,N,2020-09,-0.08,A,0,2,
OECD.SDD.STES:DSD_STES@DF_FINMARK(4.0),SVN,M,IRLT,PA,_Z,_Z,_Z,_Z,N,2020-10,-0.13,A,0,2,
OECD.SDD.STES:DSD_STES@DF_FINMARK(4.0),SVN,M,IRLT,PA,_Z,_Z,_Z,_Z,N,2020-11,-0.18,A,0,2,
OECD.SDD.STES:DSD_STES@DF_FINMARK(4.0),SVN,M,IRLT,PA,_Z,_Z,_Z,_Z,N,2020-12,-0.23,A,0,2,
OECD.SDD.STES:DSD_STES@DF_FINMARK(4.0),SVN,M,IRLT,PA,_Z,_Z,_Z,_Z,N,2021-01,-0.17,A,0,2,
OECD.SDD.STES:DSD_STES@DF_FINMARK(4.0),SVN,M,IRLT,PA,_Z,_Z,_Z,_Z,N,2021-02,0.02,A,0,2,
OECD.SDD.STES:DSD_STES@DF_FINMARK(4.0),SVN,M,IRLT,PA,_Z,_Z,_Z,_Z,N,2021-03,0.03,A,0,2,
OECD.SDD.STES:DSD_STES@DF_FINMARK(4.0),SVN,M,IRLT,PA,_Z,_Z,_Z,_Z,N,2021-04,0.02,A,0,2,
OECD.SDD.STES:DSD_STES@DF_FINMARK(4.0),SVN,M,IRLT,PA,_Z,_Z,_Z,_Z,N,2021-05,0.21,A,0,2,
OECD.SDD.STES:DSD_STES@DF_FINMARK(4.0),SVN,M,IRLT,PA,_Z,_Z,_Z,_Z,N,2021-06,0.15,A,0,2,
OECD.SDD.STES:DSD_STES@DF_FINMARK(4.0),SVN,M,IRLT,PA,_Z,_Z,_Z,_Z,N,2021-07,0.14,A,0,2,
OECD.SDD.STES:DSD_STES@DF_FINMARK(4.0),SVN,M,IRLT,PA,_Z,_Z,_Z,_Z,N,2021-08,-0.09,A,0,2,
OECD.SDD.STES:DSD_STES@DF_FINMARK(4.0),SVN,M,IRLT,PA,_Z,_Z,_Z,_Z,N,2021-09,0.05,A,0,2,
OECD.SDD.STES:DSD_STES@DF_FINMARK(4.0),SVN,M,IRLT,PA,_Z,_Z,_Z,_Z,N,2021-10,0.17,A,0,2,
OECD.SDD.STES:DSD_STES@DF_FINMARK(4.0),SVN,M,IRLT,PA,_Z,_Z,_Z,_Z,N,2021-11,0.15,A,0,2,
OECD.SDD.STES:DSD_STES@DF_FINMARK(4.0),SVN,M,IRLT,PA,_Z,_Z,_Z,_Z,N,2021-12,0.17,A,0,2,
OECD.SDD.STES:DSD_STES@DF_FINMARK(4.0),SVN,M,IRLT,PA,_Z,_Z,_Z,_Z,N,2022-01,0.4,A,0,2,
OECD.SDD.STES:DSD_STES@DF_FINMARK(4.0),SVN,M,IRLT,PA,_Z,_Z,_Z,_Z,N,2022-02,0.7,A,0,2,
OECD.SDD.STES:DSD_STES@DF_FINMARK(4.0),SVN,M,IRLT,PA,_Z,_Z,_Z,_Z,N,2022-03,1.04,A,0,2,
OECD.SDD.STES:DSD_STES@DF_FINMARK(4.0),SVN,M,IRLT,PA,_Z,_Z,_Z,_Z,N,2022-04,1.55,A,0,2,
OECD.SDD.STES:DSD_STES@DF_FINMARK(4.0),SVN,M,IRLT,PA,_Z,_Z,_Z,_Z,N,2022-05,1.82,A,0,2,
OECD.SDD.STES:DSD_STES@DF_FINMARK(4.0),SVN,M,IRLT,PA,_Z,_Z,_Z,_Z,N,2022-06,2.09,A,0,2,
OECD.SDD.STES:DSD_STES@DF_FINMARK(4.0),SVN,M,IRLT,PA,_Z,_Z,_Z,_Z,N,2022-07,2.102,A,0,2,
OECD.SDD.STES:DSD_STES@DF_FINMARK(4.0),SVN,M,IRLT,PA,_Z,_Z,_Z,_Z,N,2022-08,1.71,A,0,2,
OECD.SDD.STES:DSD_STES@DF_FINMARK(4.0),SVN,M,IRLT,PA,_Z,_Z,_Z,_Z,N,2022-09,1.7,A,0,2,
OECD.SDD.STES:DSD_STES@DF_FINMARK(4.0),SVN,M,IRLT,PA,_Z,_Z,_Z,_Z,N,2022-10,2.51,A,0,2,
OECD.SDD.STES:DSD_STES@DF_FINMARK(4.0),SVN,M,IRLT,PA,_Z,_Z,_Z,_Z,N,2022-11,3.56,A,0,2,
OECD.SDD.STES:DSD_STES@DF_FINMARK(4.0),SVN,M,IRLT,PA,_Z,_Z,_Z,_Z,N,2022-12,3.52,A,0,2,
OECD.SDD.STES:DSD_STES@DF_FINMARK(4.0),SVN,M,IRLT,PA,_Z,_Z,_Z,_Z,N,2023-01,3.25,A,0,2,
OECD.SDD.STES:DSD_STES@DF_FINMARK(4.0),SVN,M,IRLT,PA,_Z,_Z,_Z,_Z,N,2023-02,3.38,A,0,2,
OECD.SDD.STES:DSD_STES@DF_FINMARK(4.0),SVN,M,IRLT,PA,_Z,_Z,_Z,_Z,N,2023-03,3.54,A,0,2,
OECD.SDD.STES:DSD_STES@DF_FINMARK(4.0),SVN,M,IRLT,PA,_Z,_Z,_Z,_Z,N,2023-04,3.34,A,0,2,
OECD.SDD.STES:DSD_STES@DF_FINMARK(4.0),SVN,M,IRLT,PA,_Z,_Z,_Z,_Z,N,2023-05,3.15,A,0,2,
OECD.SDD.STES:DSD_STES@DF_FINMARK(4.0),SVN,M,IRLT,PA,_Z,_Z,_Z,_Z,N,2023-06,3.38,A,0,2,
OECD.SDD.STES:DSD_STES@DF_FINMARK(4.0),SVN,M,IRLT,PA,_Z,_Z,_Z,_Z,N,2023-07,3.4,A,0,2,
OECD.SDD.STES:DSD_STES@DF_FINMARK(4.0),SVN,M,IRLT,PA,_Z,_Z,_Z,_Z,N,2023-08,3.48,A,0,2,
OECD.SDD.STES:DSD_STES@DF_FINMARK(4.0),SVN,M,IRLT,PA,_Z,_Z,_Z,_Z,N,2023-09,3.47,A,0,2,
OECD.SDD.STES:DSD_STES@DF_FINMARK(4.0),SVN,M,IRLT,PA,_Z,_Z,_Z,_Z,N,2023-10,3.67,A,0,2,
OECD.SDD.STES:DSD_STES@DF_FINMARK(4.0),SVN,M,IRLT,PA,_Z,_Z,_Z,_Z,N,2023-11,3.53,A,0,2,
OECD.SDD.STES:DSD_STES@DF_FINMARK(4.0),SVN,M,IRLT,PA,_Z,_Z,_Z,_Z,N,2023-12,3.26,A,0,2,
OECD.SDD.STES:DSD_STES@DF_FINMARK(4.0),SVN,M,IRLT,PA,_Z,_Z,_Z,_Z,N,2024-01,3.06,A,0,2,
OECD.SDD.STES:DSD_STES@DF_FINMARK(4.0),SVN,M,IRLT,PA,_Z,_Z,_Z,_Z,N,2024-02,3.22,A,0,2,
OECD.SDD.STES:DSD_STES@DF_FINMARK(4.0),SVN,M,IRLT,PA,_Z,_Z,_Z,_Z,N,2024-03,3.2,A,0,2,
OECD.SDD.STES:DSD_STES@DF_FINMARK(4.0),SVN,M,IRLT,PA,_Z,_Z,_Z,_Z,N,2024-04,3.22,A,0,2,
OECD.SDD.STES:DSD_STES@DF_FINMARK(4.0),SVN,M,IRLT,PA,_Z,_Z,_Z,_Z,N,2024-05,3.23,A,0,2,
OECD.SDD.STES:DSD_STES@DF_FINMARK(4.0),SVN,M,IRLT,PA,_Z,_Z,_Z,_Z,N,2024-06,3.32,A,0,2,
OECD.SDD.STES:DSD_STES@DF_FINMARK(4.0),SVN,M,IRLT,PA,_Z,_Z,_Z,_Z,N,2024-07,3.21,A,0,2,
OECD.SDD.STES:DSD_STES@DF_FINMARK(4.0),SVN,M,IRLT,PA,_Z,_Z,_Z,_Z,N,2024-08,2.99,A,0,2,
OECD.SDD.STES:DSD_STES@DF_FINMARK(4.0),SVN,M,IRLT,PA,_Z,_Z,_Z,_Z,N,2024-09,2.94,A,0,2,
OECD.SDD.STES:DSD_STES@DF_FINMARK(4.0),SVN,M,IRLT,PA,_Z,_Z,_Z,_Z,N,2024-10,2.97,A,0,2,
OECD.SDD.STES:DSD_STES@DF_FINMARK(4.0),SVN,M,IRLT,PA,_Z,_Z,_Z,_Z,N,2024-11,3.06,A,0,2,
OECD.SDD.STES:DSD_STES@DF_FINMARK(4.0),SVN,M,IRLT,PA,_Z,_Z,_Z,_Z,N,2024-12,2.89,A,0,2,
OECD.SDD.STES:DSD_STES@DF_FINMARK(4.0),SVN,M,IRLT,PA,_Z,_Z,_Z,_Z,N,2025-01,3.1,A,0,2,
OECD.SDD.STES:DSD_STES@DF_FINMARK(4.0),SVN,M,IRLT,PA,_Z,_Z,_Z,_Z,N,2025-02,2.93,A,0,2,
OECD.SDD.STES:DSD_STES@DF_FINMARK(4.0),SVN,M,IRLT,PA,_Z,_Z,_Z,_Z,N,2025-03,3.28,A,0,2,
OECD.SDD.STES:DSD_STES@DF_FINMARK(4.0),SVN,M,IRLT,PA,_Z,_Z,_Z,_Z,N,2025-04,3.1,A,0,2,
OECD.SDD.STES:DSD_STES@DF_FINMARK(4.0),SVN,M,IRLT,PA,_Z,_Z,_Z,_Z,N,2025-05,3.06,A,0,2,
OECD.SDD.STES:DSD_STES@DF_FINMARK(4.0),SVN,M,IRLT,PA,_Z,_Z,_Z,_Z,N,2025-06,3.02,A,0,2,
OECD.SDD.STES:DSD_STES@DF_FINMARK(4.0),SVN,M,IRLT,PA,_Z,_Z,_Z,_Z,N,2025-07,3.04,A,0,2,
OECD.SDD.STES:DSD_STES@DF_FINMARK(4.0),SVN,M,IRLT,PA,_Z,_Z,_Z,_Z,N,2025-08,3.17,A,0,2,
OECD.SDD.STES:DSD_STES@DF_FINMARK(4.0),SVN,M,IRLT,PA,_Z,_Z,_Z,_Z,N,2025-09,3.19,A,0,2,
OECD.SDD.STES:DSD_STES@DF_FINMARK(4.0),SVN,M,IRLT,PA,_Z,_Z,_Z,_Z,N,2025-10,3.11,A,0,2,
OECD.SDD.STES:DSD_STES@DF_FINMARK(4.0),SVN,M,IRLT,PA,_Z,_Z,_Z,_Z,N,2025-11,3.11,A,0,2,
OECD.SDD.STES:DSD_STES@DF_FINMARK(4.0),SVN,M,IRLT,PA,_Z,_Z,_Z,_Z,N,2025-12,3.25,A,0,2,
OECD.SDD.STES:DSD_STES@DF_FINMARK(4.0),SVN,M,IRLT,PA,_Z,_Z,_Z,_Z,N,2026-01,3.19,A,0,2,
OECD.SDD.STES:DSD_STES@DF_FINMARK(4.0),SVN,M,IRLT,PA,_Z,_Z,_Z,_Z,N,2026-02,3.09,A,0,2,
OECD.SDD.STES:DSD_STES@DF_FINMARK(4.0),SVN,M,IRLT,PA,_Z,_Z,_Z,_Z,N,2026-03,3.25,A,0,2,
OECD.SDD.STES:DSD_STES@DF_FINMARK(4.0),SVN,M,IRLT,PA,_Z,_Z,_Z,_Z,N,2026-04,3.4,A,0,2,
OECD.SDD.STES:DSD_STES@DF_FINMARK(4.0),SVN,M,IRLT,PA,_Z,_Z,_Z,_Z,N,2026-05,3.47,A,0,2,
OECD.SDD.STES:DSD_STES@DF_FINMARK(4.0),COL,M,IRLT,PA,_Z,_Z,_Z,_Z,N,2015-01,6.94,A,0,2,
OECD.SDD.STES:DSD_STES@DF_FINMARK(4.0),COL,M,IRLT,PA,_Z,_Z,_Z,_Z,N,2015-02,6.96,A,0,2,
OECD.SDD.STES:DSD_STES@DF_FINMARK(4.0),COL,M,IRLT,PA,_Z,_Z,_Z,_Z,N,2015-03,7.42,A,0,2,
OECD.SDD.STES:DSD_STES@DF_FINMARK(4.0),COL,M,IRLT,PA,_Z,_Z,_Z,_Z,N,2015-04,7.18,A,0,2,
OECD.SDD.STES:DSD_STES@DF_FINMARK(4.0),COL,M,IRLT,PA,_Z,_Z,_Z,_Z,N,2015-05,7.34,A,0,2,
OECD.SDD.STES:DSD_STES@DF_FINMARK(4.0),COL,M,IRLT,PA,_Z,_Z,_Z,_Z,N,2015-06,7.82,A,0,2,
OECD.SDD.STES:DSD_STES@DF_FINMARK(4.0),COL,M,IRLT,PA,_Z,_Z,_Z,_Z,N,2015-07,7.75,A,0,2,
OECD.SDD.STES:DSD_STES@DF_FINMARK(4.0),COL,M,IRLT,PA,_Z,_Z,_Z,_Z,N,2015-08,8.35,A,0,2,
OECD.SDD.STES:DSD_STES@DF_FINMARK(4.0),COL,M,IRLT,PA,_Z,_Z,_Z,_Z,N,2015-09,8.63,A,0,2,
OECD.SDD.STES:DSD_STES@DF_FINMARK(4.0),COL,M,IRLT,PA,_Z,_Z,_Z,_Z,N,2015-10,8.26,A,0,2,
OECD.SDD.STES:DSD_STES@DF_FINMARK(4.0),COL,M,IRLT,PA,_Z,_Z,_Z,_Z,N,2015-11,8.72,A,0,2,
OECD.SDD.STES:DSD_STES@DF_FINMARK(4.0),COL,M,IRLT,PA,_Z,_Z,_Z,_Z,N,2015-12,8.88,A,0,2,
OECD.SDD.STES:DSD_STES@DF_FINMARK(4.0),COL,M,IRLT,PA,_Z,_Z,_Z,_Z,N,2016-01,9.21,A,0,2,
OECD.SDD.STES:DSD_STES@DF_FINMARK(4.0),COL,M,IRLT,PA,_Z,_Z,_Z,_Z,N,2016-02,9.19,A,0,2,
OECD.SDD.STES:DSD_STES@DF_FINMARK(4.0),COL,M,IRLT,PA,_Z,_Z,_Z,_Z,N,2016-03,8.35,A,0,2,
OECD.SDD.STES:DSD_STES@DF_FINMARK(4.0),COL,M,IRLT,PA,_Z,_Z,_Z,_Z,N,2016-04,8.22,A,0,2,
OECD.SDD.STES:DSD_STES@DF_FINMARK(4.0),COL,M,IRLT,PA,_Z,_Z,_Z,_Z,N,2016-05,8.16,A,0,2,
OECD.SDD.STES:DSD_STES@DF_FINMARK(4.0),COL,M,IRLT,PA,_Z,_Z,_Z,_Z,N,2016-06,7.57,A,0,2,
OECD.SDD.STES:DSD_STES@DF_FINMARK(4.0),COL,M,IRLT,PA,_Z,_Z,_Z,_Z,N,2016-07,7.64,A,0,2,
OECD.SDD.STES:DSD_STES@DF_FINMARK(4.0),COL,M,IRLT,PA,_Z,_Z,_Z,_Z,N,2016-08,7.5,A,0,2,
OECD.SDD.STES:DSD_STES@DF_FINMARK(4.0),COL,M,IRLT,PA,_Z,_Z,_Z,_Z,N,2016-09,7.02,A,0,2,
OECD.SDD.STES:DSD_STES@DF_FINMARK(4.0),COL,M,IRLT,PA,_Z,_Z,_Z,_Z,N,2016-10,7.42,A,0,2,
OECD.SDD.STES:DSD_STES@DF_FINMARK(4.0),COL,M,IRLT,PA,_Z,_Z,_Z,_Z,N,2016-11,7.41,A,0,2,
OECD.SDD.STES:DSD_STES@DF_FINMARK(4.0),COL,M,IRLT,PA,_Z,_Z,_Z,_Z,N,2016-12,7.18,A,0,2,
OECD.SDD.STES:DSD_STES@DF_FINMARK(4.0),COL,M,IRLT,PA,_Z,_Z,_Z,_Z,N,2017-01,6.94,A,0,2,
OECD.SDD.STES:DSD_STES@DF_FINMARK(4.0),COL,M,IRLT,PA,_Z,_Z,_Z,_Z,N,2017-02,7.05,A,0,2,
OECD.SDD.STES:DSD_STES@DF_FINMARK(4.0),COL,M,IRLT,PA,_Z,_Z,_Z,_Z,N,2017-03,6.77,A,0,2,
OECD.SDD.STES:DSD_STES@DF_FINMARK(4.0),COL,M,IRLT,PA,_Z,_Z,_Z,_Z,N,2017-04,6.42,A,0,2,
OECD.SDD.STES:DSD_STES@DF_FINMARK(4.0),COL,M,IRLT,PA,_Z,_Z,_Z,_Z,N,2017-05,6.42,A,0,2,
OECD.SDD.STES:DSD_STES@DF_FINMARK(4.0),COL,M,IRLT,PA,_Z,_Z,_Z,_Z,N,2017-06,6.7,A,0,2,
OECD.SDD.STES:DSD_STES@DF_FINMARK(4.0),COL,M,IRLT,PA,_Z,_Z,_Z,_Z,N,2017-07,7.02,A,0,2,
OECD.SDD.STES:DSD_STES@DF_FINMARK(4.0),COL,M,IRLT,PA,_Z,_Z,_Z,_Z,N,2017-08,6.92,A,0,2,
OECD.SDD.STES:DSD_STES@DF_FINMARK(4.0),COL,M,IRLT,PA,_Z,_Z,_Z,_Z,N,2017-09,6.76,A,0,2,
OECD.SDD.STES:DSD_STES@DF_FINMARK(4.0),COL,M,IRLT,PA,_Z,_Z,_Z,_Z,N,2017-10,6.83,A,0,2,
OECD.SDD.STES:DSD_STES@DF_FINMARK(4.0),COL,M,IRLT,PA,_Z,_Z,_Z,_Z,N,2017-11,6.69,A,0,2,
OECD.SDD.STES:DSD_STES@DF_FINMARK(4.0),COL,M,IRLT,PA,_Z,_Z,_Z,_Z,N,2017-12,6.74,A,0,2,
OECD.SDD.STES:DSD_STES@DF_FINMARK(4.0),COL,M,IRLT,PA,_Z,_Z,_Z,_Z,N,2018-01,6.69,A,0,2,
OECD.SDD.STES:DSD_STES@DF_FINMARK(4.0),COL,M,IRLT,PA,_Z,_Z,_Z,_Z,N,2018-02,6.94,A,0,2,
OECD.SDD.STES:DSD_STES@DF_FINMARK(4.0),COL,M,IRLT,PA,_Z,_Z,_Z,_Z,N,2018-03,6.73,A,0,2,
OECD.SDD.STES:DSD_STES@DF_FINMARK(4.0),COL,M,IRLT,PA,_Z,_Z,_Z,_Z,N,2018-04,6.65,A,0,2,
OECD.SDD.STES:DSD_STES@DF_FINMARK(4.0),COL,M,IRLT,PA,_Z,_Z,_Z,_Z,N,2018-05,6.89,A,0,2,
OECD.SDD.STES:DSD_STES@DF_FINMARK(4.0),COL,M,IRLT,PA,_Z,_Z,_Z,_Z,N,2018-06,6.94,A,0,2,
OECD.SDD.STES:DSD_STES@DF_FINMARK(4.0),COL,M,IRLT,PA,_Z,_Z,_Z,_Z,N,2018-07,7.12,A,0,2,
OECD.SDD.STES:DSD_STES@DF_FINMARK(4.0),COL,M,IRLT,PA,_Z,_Z,_Z,_Z,N,2018-08,7.09,A,0,2,
OECD.SDD.STES:DSD_STES@DF_FINMARK(4.0),COL,M,IRLT,PA,_Z,_Z,_Z,_Z,N,2018-09,7.15,A,0,2,
OECD.SDD.STES:DSD_STES@DF_FINMARK(4.0),COL,M,IRLT,PA,_Z,_Z,_Z,_Z,N,2018-10,7.46,A,0,2,
OECD.SDD.STES:DSD_STES@DF_FINMARK(4.0),COL,M,IRLT,PA,_Z,_Z,_Z,_Z,N,2018-11,7.27,A,0,2,
OECD.SDD.STES:DSD_STES@DF_FINMARK(4.0),COL,M,IRLT,PA,_Z,_Z,_Z,_Z,N,2018-12,7.02,A,0,2,
OECD.SDD.STES:DSD_STES@DF_FINMARK(4.0),COL,M,IRLT,PA,_Z,_Z,_Z,_Z,N,2019-01,6.99,A,0,2,
OECD.SDD.STES:DSD_STES@DF_FINMARK(4.0),COL,M,IRLT,PA,_Z,_Z,_Z,_Z,N,2019-02,6.98,A,0,2,
OECD.SDD.STES:DSD_STES@DF_FINMARK(4.0),COL,M,IRLT,PA,_Z,_Z,_Z,_Z,N,2019-03,6.71,A,0,2,
OECD.SDD.STES:DSD_STES@DF_FINMARK(4.0),COL,M,IRLT,PA,_Z,_Z,_Z,_Z,N,2019-04,6.94,A,0,2,
OECD.SDD.STES:DSD_STES@DF_FINMARK(4.0),COL,M,IRLT,PA,_Z,_Z,_Z,_Z,N,2019-05,6.76,A,0,2,
OECD.SDD.STES:DSD_STES@DF_FINMARK(4.0),COL,M,IRLT,PA,_Z,_Z,_Z,_Z,N,2019-06,6.22,A,0,2,
OECD.SDD.STES:DSD_STES@DF_FINMARK(4.0),COL,M,IRLT,PA,_Z,_Z,_Z,_Z,N,2019-07,6.09,A,0,2,
OECD.SDD.STES:DSD_STES@DF_FINMARK(4.0),COL,M,IRLT,PA,_Z,_Z,_Z,_Z,N,2019-08,6.11,A,0,2,
OECD.SDD.STES:DSD_STES@DF_FINMARK(4.0),COL,M,IRLT,PA,_Z,_Z,_Z,_Z,N,2019-09,6.07,A,0,2,
OECD.SDD.STES:DSD_STES@DF_FINMARK(4.0),COL,M,IRLT,PA,_Z,_Z,_Z,_Z,N,2019-10,6.1,A,0,2,
OECD.SDD.STES:DSD_STES@DF_FINMARK(4.0),COL,M,IRLT,PA,_Z,_Z,_Z,_Z,N,2019-11,6.58,A,0,2,
OECD.SDD.STES:DSD_STES@DF_FINMARK(4.0),COL,M,IRLT,PA,_Z,_Z,_Z,_Z,N,2019-12,6.42,A,0,2,
OECD.SDD.STES:DSD_STES@DF_FINMARK(4.0),COL,M,IRLT,PA,_Z,_Z,_Z,_Z,N,2020-01,6.02,A,0,2,
OECD.SDD.STES:DSD_STES@DF_FINMARK(4.0),COL,M,IRLT,PA,_Z,_Z,_Z,_Z,N,2020-02,6.22,A,0,2,
OECD.SDD.STES:DSD_STES@DF_FINMARK(4.0),COL,M,IRLT,PA,_Z,_Z,_Z,_Z,N,2020-03,7.26,A,0,2,
OECD.SDD.STES:DSD_STES@DF_FINMARK(4.0),COL,M,IRLT,PA,_Z,_Z,_Z,_Z,N,2020-04,7.2,A,0,2,
OECD.SDD.STES:DSD_STES@DF_FINMARK(4.0),COL,M,IRLT,PA,_Z,_Z,_Z,_Z,N,2020-05,6.25,A,0,2,
OECD.SDD.STES:DSD_STES@DF_FINMARK(4.0),COL,M,IRLT,PA,_Z,_Z,_Z,_Z,N,2020-06,6.65,A,0,2,
OECD.SDD.STES:DSD_STES@DF_FINMARK(4.0),COL,M,IRLT,PA,_Z,_Z,_Z,_Z,N,2020-07,6.31,A,0,2,
OECD.SDD.STES:DSD_STES@DF_FINMARK(4.0),COL,M,IRLT,PA,_Z,_Z,_Z,_Z,N,2020-08,6.21,A,0,2,
OECD.SDD.STES:DSD_STES@DF_FINMARK(4.0),COL,M,IRLT,PA,_Z,_Z,_Z,_Z,N,2020-09,5.98,A,0,2,
OECD.SDD.STES:DSD_STES@DF_FINMARK(4.0),COL,M,IRLT,PA,_Z,_Z,_Z,_Z,N,2020-10,6.21,A,0,2,
OECD.SDD.STES:DSD_STES@DF_FINMARK(4.0),COL,M,IRLT,PA,_Z,_Z,_Z,_Z,N,2020-11,5.93,A,0,2,
OECD.SDD.STES:DSD_STES@DF_FINMARK(4.0),COL,M,IRLT,PA,_Z,_Z,_Z,_Z,N,2020-12,5.76,A,0,2,
OECD.SDD.STES:DSD_STES@DF_FINMARK(4.0),COL,M,IRLT,PA,_Z,_Z,_Z,_Z,N,2021-01,5.9,A,0,2,
OECD.SDD.STES:DSD_STES@DF_FINMARK(4.0),COL,M,IRLT,PA,_Z,_Z,_Z,_Z,N,2021-02,6.44,A,0,2,
OECD.SDD.STES:DSD_STES@DF_FINMARK(4.0),COL,M,IRLT,PA,_Z,_Z,_Z,_Z,N,2021-03,7.45,A,0,2,
OECD.SDD.STES:DSD_STES@DF_FINMARK(4.0),COL,M,IRLT,PA,_Z,_Z,_Z,_Z,N,2021-04,7.46,A,0,2,
OECD.SDD.STES:DSD_STES@DF_FINMARK(4.0),COL,M,IRLT,PA,_Z,_Z,_Z,_Z,N,2021-05,7.75,A,0,2,
OECD.SDD.STES:DSD_STES@DF_FINMARK(4.0),COL,M,IRLT,PA,_Z,_Z,_Z,_Z,N,2021-06,7.58,A,0,2,
OECD.SDD.STES:DSD_STES@DF_FINMARK(4.0),COL,M,IRLT,PA,_Z,_Z,_Z,_Z,N,2021-07,7.6,A,0,2,
OECD.SDD.STES:DSD_STES@DF_FINMARK(4.0),COL,M,IRLT,PA,_Z,_Z,_Z,_Z,N,2021-08,7.6,A,0,2,
OECD.SDD.STES:DSD_STES@DF_FINMARK(4.0),COL,M,IRLT,PA,_Z,_Z,_Z,_Z,N,2021-09,8.05,A,0,2,
OECD.SDD.STES:DSD_STES@DF_FINMARK(4.0),COL,M,IRLT,PA,_Z,_Z,_Z,_Z,N,2021-10,8.4,A,0,2,
OECD.SDD.STES:DSD_STES@DF_FINMARK(4.0),COL,M,IRLT,PA,_Z,_Z,_Z,_Z,N,2021-11,8.8,A,0,2,
OECD.SDD.STES:DSD_STES@DF_FINMARK(4.0),COL,M,IRLT,PA,_Z,_Z,_Z,_Z,N,2021-12,8.46,A,0,2,
OECD.SDD.STES:DSD_STES@DF_FINMARK(4.0),COL,M,IRLT,PA,_Z,_Z,_Z,_Z,N,2022-01,9.43,A,0,2,
OECD.SDD.STES:DSD_STES@DF_FINMARK(4.0),COL,M,IRLT,PA,_Z,_Z,_Z,_Z,N,2022-02,9.74,A,0,2,
OECD.SDD.STES:DSD_STES@DF_FINMARK(4.0),COL,M,IRLT,PA,_Z,_Z,_Z,_Z,N,2022-03,9.97,A,0,2,
OECD.SDD.STES:DSD_STES@DF_FINMARK(4.0),COL,M,IRLT,PA,_Z,_Z,_Z,_Z,N,2022-04,10.54,A,0,2,
OECD.SDD.STES:DSD_STES@DF_FINMARK(4.0),COL,M,IRLT,PA,_Z,_Z,_Z,_Z,N,2022-05,10.78,A,0,2,
OECD.SDD.STES:DSD_STES@DF_FINMARK(4.0),COL,M,IRLT,PA,_Z,_Z,_Z,_Z,N,2022-06,11.61,A,0,2,
OECD.SDD.STES:DSD_STES@DF_FINMARK(4.0),COL,M,IRLT,PA,_Z,_Z,_Z,_Z,N,2022-07,12.62,A,0,2,
OECD.SDD.STES:DSD_STES@DF_FINMARK(4.0),COL,M,IRLT,PA,_Z,_Z,_Z,_Z,N,2022-08,12.21,A,0,2,
OECD.SDD.STES:DSD_STES@DF_FINMARK(4.0),COL,M,IRLT,PA,_Z,_Z,_Z,_Z,N,2022-09,12.92,A,0,2,
OECD.SDD.STES:DSD_STES@DF_FINMARK(4.0),COL,M,IRLT,PA,_Z,_Z,_Z,_Z,N,2022-10,13.93,A,0,2,
OECD.SDD.STES:DSD_STES@DF_FINMARK(4.0),COL,M,IRLT,PA,_Z,_Z,_Z,_Z,N,2022-11,13.23,A,0,2,
OECD.SDD.STES:DSD_STES@DF_FINMARK(4.0),COL,M,IRLT,PA,_Z,_Z,_Z,_Z,N,2022-12,13.23,A,0,2,
OECD.SDD.STES:DSD_STES@DF_FINMARK(4.0),COL,M,IRLT,PA,_Z,_Z,_Z,_Z,N,2023-01,12.26,A,0,2,
OECD.SDD.STES:DSD_STES@DF_FINMARK(4.0),COL,M,IRLT,PA,_Z,_Z,_Z,_Z,N,2023-02,13.43,A,0,2,
OECD.SDD.STES:DSD_STES@DF_FINMARK(4.0),COL,M,IRLT,PA,_Z,_Z,_Z,_Z,N,2023-03,11.95,A,0,2,
OECD.SDD.STES:DSD_STES@DF_FINMARK(4.0),COL,M,IRLT,PA,_Z,_Z,_Z,_Z,N,2023-04,11.89,A,0,2,
OECD.SDD.STES:DSD_STES@DF_FINMARK(4.0),COL,M,IRLT,PA,_Z,_Z,_Z,_Z,N,2023-05,11.11,A,0,2,
OECD.SDD.STES:DSD_STES@DF_FINMARK(4.0),COL,M,IRLT,PA,_Z,_Z,_Z,_Z,N,2023-06,10.15,A,0,2,
OECD.SDD.STES:DSD_STES@DF_FINMARK(4.0),COL,M,IRLT,PA,_Z,_Z,_Z,_Z,N,2023-07,10.22,A,0,2,
OECD.SDD.STES:DSD_STES@DF_FINMARK(4.0),COL,M,IRLT,PA,_Z,_Z,_Z,_Z,N,2023-08,10.7,A,0,2,
OECD.SDD.STES:DSD_STES@DF_FINMARK(4.0),COL,M,IRLT,PA,_Z,_Z,_Z,_Z,N,2023-09,11.87,A,0,2,
OECD.SDD.STES:DSD_STES@DF_FINMARK(4.0),COL,M,IRLT,PA,_Z,_Z,_Z,_Z,N,2023-10,11.81,A,0,2,
OECD.SDD.STES:DSD_STES@DF_FINMARK(4.0),COL,M,IRLT,PA,_Z,_Z,_Z,_Z,N,2023-11,10.74,A,0,2,
OECD.SDD.STES:DSD_STES@DF_FINMARK(4.0),COL,M,IRLT,PA,_Z,_Z,_Z,_Z,N,2023-12,9.94,A,0,2,
OECD.SDD.STES:DSD_STES@DF_FINMARK(4.0),COL,M,IRLT,PA,_Z,_Z,_Z,_Z,N,2024-01,9.62,A,0,2,
OECD.SDD.STES:DSD_STES@DF_FINMARK(4.0),COL,M,IRLT,PA,_Z,_Z,_Z,_Z,N,2024-02,10.07,A,0,2,
OECD.SDD.STES:DSD_STES@DF_FINMARK(4.0),COL,M,IRLT,PA,_Z,_Z,_Z,_Z,N,2024-03,10.32,A,0,2,
OECD.SDD.STES:DSD_STES@DF_FINMARK(4.0),COL,M,IRLT,PA,_Z,_Z,_Z,_Z,N,2024-04,10.81,A,0,2,
OECD.SDD.STES:DSD_STES@DF_FINMARK(4.0),COL,M,IRLT,PA,_Z,_Z,_Z,_Z,N,2024-05,11.19,A,0,2,
OECD.SDD.STES:DSD_STES@DF_FINMARK(4.0),COL,M,IRLT,PA,_Z,_Z,_Z,_Z,N,2024-06,11.25,A,0,2,
OECD.SDD.STES:DSD_STES@DF_FINMARK(4.0),COL,M,IRLT,PA,_Z,_Z,_Z,_Z,N,2024-07,11.13,A,0,2,
OECD.SDD.STES:DSD_STES@DF_FINMARK(4.0),COL,M,IRLT,PA,_Z,_Z,_Z,_Z,N,2024-08,10.7,A,0,2,
OECD.SDD.STES:DSD_STES@DF_FINMARK(4.0),COL,M,IRLT,PA,_Z,_Z,_Z,_Z,N,2024-09,10.4,A,0,2,
OECD.SDD.STES:DSD_STES@DF_FINMARK(4.0),COL,M,IRLT,PA,_Z,_Z,_Z,_Z,N,2024-10,10.92,A,0,2,
OECD.SDD.STES:DSD_STES@DF_FINMARK(4.0),COL,M,IRLT,PA,_Z,_Z,_Z,_Z,N,2024-11,11.15,A,0,2,
OECD.SDD.STES:DSD_STES@DF_FINMARK(4.0),COL,M,IRLT,PA,_Z,_Z,_Z,_Z,N,2024-12,11.72,A,0,2,
OECD.SDD.STES:DSD_STES@DF_FINMARK(4.0),COL,M,IRLT,PA,_Z,_Z,_Z,_Z,N,2025-01,12.06,A,0,2,
OECD.SDD.STES:DSD_STES@DF_FINMARK(4.0),COL,M,IRLT,PA,_Z,_Z,_Z,_Z,N,2025-02,12.1,A,0,2,
OECD.SDD.STES:DSD_STES@DF_FINMARK(4.0),COL,M,IRLT,PA,_Z,_Z,_Z,_Z,N,2025-03,12.35,A,0,2,
OECD.SDD.STES:DSD_STES@DF_FINMARK(4.0),COL,M,IRLT,PA,_Z,_Z,_Z,_Z,N,2025-04,12.73,A,0,2,
OECD.SDD.STES:DSD_STES@DF_FINMARK(4.0),COL,M,IRLT,PA,_Z,_Z,_Z,_Z,N,2025-05,12.84,A,0,2,
OECD.SDD.STES:DSD_STES@DF_FINMARK(4.0),COL,M,IRLT,PA,_Z,_Z,_Z,_Z,N,2025-06,12.99,A,0,2,
OECD.SDD.STES:DSD_STES@DF_FINMARK(4.0),COL,M,IRLT,PA,_Z,_Z,_Z,_Z,N,2025-07,12.46,A,0,2,
OECD.SDD.STES:DSD_STES@DF_FINMARK(4.0),COL,M,IRLT,PA,_Z,_Z,_Z,_Z,N,2025-08,12.33,A,0,2,
OECD.SDD.STES:DSD_STES@DF_FINMARK(4.0),COL,M,IRLT,PA,_Z,_Z,_Z,_Z,N,2025-09,12.04,A,0,2,
OECD.SDD.STES:DSD_STES@DF_FINMARK(4.0),COL,M,IRLT,PA,_Z,_Z,_Z,_Z,N,2025-10,12.05,A,0,2,
OECD.SDD.STES:DSD_STES@DF_FINMARK(4.0),COL,M,IRLT,PA,_Z,_Z,_Z,_Z,N,2025-11,12.52,A,0,2,
OECD.SDD.STES:DSD_STES@DF_FINMARK(4.0),COL,M,IRLT,PA,_Z,_Z,_Z,_Z,N,2025-12,12.81,A,0,2,
OECD.SDD.STES:DSD_STES@DF_FINMARK(4.0),COL,M,IRLT,PA,_Z,_Z,_Z,_Z,N,2026-01,12.73,A,0,2,
OECD.SDD.STES:DSD_STES@DF_FINMARK(4.0),COL,M,IRLT,PA,_Z,_Z,_Z,_Z,N,2026-02,13.21,A,0,2,
OECD.SDD.STES:DSD_STES@DF_FINMARK(4.0),COL,M,IRLT,PA,_Z,_Z,_Z,_Z,N,2026-03,13.56,A,0,2,
OECD.SDD.STES:DSD_STES@DF_FINMARK(4.0),COL,M,IRLT,PA,_Z,_Z,_Z,_Z,N,2026-04,13.16,A,0,2,
OECD.SDD.STES:DSD_STES@DF_FINMARK(4.0),COL,M,IRLT,PA,_Z,_Z,_Z,_Z,N,2026-05,14.01,A,0,2,
OECD.SDD.STES:DSD_STES@DF_FINMARK(4.0),BGR,M,IRLT,PA,_Z,_Z,_Z,_Z,N,2015-01,2.95,A,0,2,
OECD.SDD.STES:DSD_STES@DF_FINMARK(4.0),BGR,M,IRLT,PA,_Z,_Z,_Z,_Z,N,2015-02,2.52,A,0,2,
OECD.SDD.STES:DSD_STES@DF_FINMARK(4.0),BGR,M,IRLT,PA,_Z,_Z,_Z,_Z,N,2015-03,2.49,A,0,2,
OECD.SDD.STES:DSD_STES@DF_FINMARK(4.0),BGR,M,IRLT,PA,_Z,_Z,_Z,_Z,N,2015-04,2.36,A,0,2,
OECD.SDD.STES:DSD_STES@DF_FINMARK(4.0),BGR,M,IRLT,PA,_Z,_Z,_Z,_Z,N,2015-05,2.36,A,0,2,
OECD.SDD.STES:DSD_STES@DF_FINMARK(4.0),BGR,M,IRLT,PA,_Z,_Z,_Z,_Z,N,2015-06,2.36,A,0,2,
OECD.SDD.STES:DSD_STES@DF_FINMARK(4.0),BGR,M,IRLT,PA,_Z,_Z,_Z,_Z,N,2015-07,2.36,A,0,2,
OECD.SDD.STES:DSD_STES@DF_FINMARK(4.0),BGR,M,IRLT,PA,_Z,_Z,_Z,_Z,N,2015-08,2.36,A,0,2,
OECD.SDD.STES:DSD_STES@DF_FINMARK(4.0),BGR,M,IRLT,PA,_Z,_Z,_Z,_Z,N,2015-09,2.36,A,0,2,
OECD.SDD.STES:DSD_STES@DF_FINMARK(4.0),BGR,M,IRLT,PA,_Z,_Z,_Z,_Z,N,2015-10,2.36,A,0,2,
OECD.SDD.STES:DSD_STES@DF_FINMARK(4.0),BGR,M,IRLT,PA,_Z,_Z,_Z,_Z,N,2015-11,2.99,A,0,2,
OECD.SDD.STES:DSD_STES@DF_FINMARK(4.0),BGR,M,IRLT,PA,_Z,_Z,_Z,_Z,N,2015-12,2.43,A,0,2,
OECD.SDD.STES:DSD_STES@DF_FINMARK(4.0),BGR,M,IRLT,PA,_Z,_Z,_Z,_Z,N,2016-01,2.44,A,0,2,
OECD.SDD.STES:DSD_STES@DF_FINMARK(4.0),BGR,M,IRLT,PA,_Z,_Z,_Z,_Z,N,2016-02,2.67,A,0,2,
OECD.SDD.STES:DSD_STES@DF_FINMARK(4.0),BGR,M,IRLT,PA,_Z,_Z,_Z,_Z,N,2016-03,2.66,A,0,2,
OECD.SDD.STES:DSD_STES@DF_FINMARK(4.0),BGR,M,IRLT,PA,_Z,_Z,_Z,_Z,N,2016-04,2.44,A,0,2,
OECD.SDD.STES:DSD_STES@DF_FINMARK(4.0),BGR,M,IRLT,PA,_Z,_Z,_Z,_Z,N,2016-05,2.37,A,0,2,
OECD.SDD.STES:DSD_STES@DF_FINMARK(4.0),BGR,M,IRLT,PA,_Z,_Z,_Z,_Z,N,2016-06,2.4,A,0,2,
OECD.SDD.STES:DSD_STES@DF_FINMARK(4.0),BGR,M,IRLT,PA,_Z,_Z,_Z,_Z,N,2016-07,2.39,A,0,2,
OECD.SDD.STES:DSD_STES@DF_FINMARK(4.0),BGR,M,IRLT,PA,_Z,_Z,_Z,_Z,N,2016-08,2.28,A,0,2,
OECD.SDD.STES:DSD_STES@DF_FINMARK(4.0),BGR,M,IRLT,PA,_Z,_Z,_Z,_Z,N,2016-09,2.15,A,0,2,
OECD.SDD.STES:DSD_STES@DF_FINMARK(4.0),BGR,M,IRLT,PA,_Z,_Z,_Z,_Z,N,2016-10,1.84,A,0,2,
OECD.SDD.STES:DSD_STES@DF_FINMARK(4.0),BGR,M,IRLT,PA,_Z,_Z,_Z,_Z,N,2016-11,1.82,A,0,2,
OECD.SDD.STES:DSD_STES@DF_FINMARK(4.0),BGR,M,IRLT,PA,_Z,_Z,_Z,_Z,N,2016-12,1.8,A,0,2,
OECD.SDD.STES:DSD_STES@DF_FINMARK(4.0),BGR,M,IRLT,PA,_Z,_Z,_Z,_Z,N,2017-01,1.77,A,0,2,
OECD.SDD.STES:DSD_STES@DF_FINMARK(4.0),BGR,M,IRLT,PA,_Z,_Z,_Z,_Z,N,2017-02,1.75,A,0,2,
OECD.SDD.STES:DSD_STES@DF_FINMARK(4.0),BGR,M,IRLT,PA,_Z,_Z,_Z,_Z,N,2017-03,1.73,A,0,2,
OECD.SDD.STES:DSD_STES@DF_FINMARK(4.0),BGR,M,IRLT,PA,_Z,_Z,_Z,_Z,N,2017-04,1.78,A,0,2,
OECD.SDD.STES:DSD_STES@DF_FINMARK(4.0),BGR,M,IRLT,PA,_Z,_Z,_Z,_Z,N,2017-05,1.74,A,0,2,
OECD.SDD.STES:DSD_STES@DF_FINMARK(4.0),BGR,M,IRLT,PA,_Z,_Z,_Z,_Z,N,2017-06,1.7,A,0,2,
OECD.SDD.STES:DSD_STES@DF_FINMARK(4.0),BGR,M,IRLT,PA,_Z,_Z,_Z,_Z,N,2017-07,1.65,A,0,2,
OECD.SDD.STES:DSD_STES@DF_FINMARK(4.0),BGR,M,IRLT,PA,_Z,_Z,_Z,_Z,N,2017-08,1.7,A,0,2,
OECD.SDD.STES:DSD_STES@DF_FINMARK(4.0),BGR,M,IRLT,PA,_Z,_Z,_Z,_Z,N,2017-09,1.66,A,0,2,
OECD.SDD.STES:DSD_STES@DF_FINMARK(4.0),BGR,M,IRLT,PA,_Z,_Z,_Z,_Z,N,2017-10,1.4,A,0,2,
OECD.SDD.STES:DSD_STES@DF_FINMARK(4.0),BGR,M,IRLT,PA,_Z,_Z,_Z,_Z,N,2017-11,1.33,A,0,2,
OECD.SDD.STES:DSD_STES@DF_FINMARK(4.0),BGR,M,IRLT,PA,_Z,_Z,_Z,_Z,N,2017-12,1.02,A,0,2,
OECD.SDD.STES:DSD_STES@DF_FINMARK(4.0),BGR,M,IRLT,PA,_Z,_Z,_Z,_Z,N,2018-01,0.9,A,0,2,
OECD.SDD.STES:DSD_STES@DF_FINMARK(4.0),BGR,M,IRLT,PA,_Z,_Z,_Z,_Z,N,2018-02,0.98,A,0,2,
OECD.SDD.STES:DSD_STES@DF_FINMARK(4.0),BGR,M,IRLT,PA,_Z,_Z,_Z,_Z,N,2018-03,1.05,A,0,2,
OECD.SDD.STES:DSD_STES@DF_FINMARK(4.0),BGR,M,IRLT,PA,_Z,_Z,_Z,_Z,N,2018-04,1.02,A,0,2,
OECD.SDD.STES:DSD_STES@DF_FINMARK(4.0),BGR,M,IRLT,PA,_Z,_Z,_Z,_Z,N,2018-05,1.05,A,0,2,
OECD.SDD.STES:DSD_STES@DF_FINMARK(4.0),BGR,M,IRLT,PA,_Z,_Z,_Z,_Z,N,2018-06,0.99,A,0,2,
OECD.SDD.STES:DSD_STES@DF_FINMARK(4.0),BGR,M,IRLT,PA,_Z,_Z,_Z,_Z,N,2018-07,0.92,A,0,2,
OECD.SDD.STES:DSD_STES@DF_FINMARK(4.0),BGR,M,IRLT,PA,_Z,_Z,_Z,_Z,N,2018-08,0.81,A,0,2,
OECD.SDD.STES:DSD_STES@DF_FINMARK(4.0),BGR,M,IRLT,PA,_Z,_Z,_Z,_Z,N,2018-09,0.78,A,0,2,
OECD.SDD.STES:DSD_STES@DF_FINMARK(4.0),BGR,M,IRLT,PA,_Z,_Z,_Z,_Z,N,2018-10,0.74,A,0,2,
OECD.SDD.STES:DSD_STES@DF_FINMARK(4.0),BGR,M,IRLT,PA,_Z,_Z,_Z,_Z,N,2018-11,0.75,A,0,2,
OECD.SDD.STES:DSD_STES@DF_FINMARK(4.0),BGR,M,IRLT,PA,_Z,_Z,_Z,_Z,N,2018-12,0.72,A,0,2,
OECD.SDD.STES:DSD_STES@DF_FINMARK(4.0),BGR,M,IRLT,PA,_Z,_Z,_Z,_Z,N,2019-01,0.72,A,0,2,
OECD.SDD.STES:DSD_STES@DF_FINMARK(4.0),BGR,M,IRLT,PA,_Z,_Z,_Z,_Z,N,2019-02,0.68,A,0,2,
OECD.SDD.STES:DSD_STES@DF_FINMARK(4.0),BGR,M,IRLT,PA,_Z,_Z,_Z,_Z,N,2019-03,0.67,A,0,2,
OECD.SDD.STES:DSD_STES@DF_FINMARK(4.0),BGR,M,IRLT,PA,_Z,_Z,_Z,_Z,N,2019-04,0.5,A,0,2,
OECD.SDD.STES:DSD_STES@DF_FINMARK(4.0),BGR,M,IRLT,PA,_Z,_Z,_Z,_Z,N,2019-05,0.48,A,0,2,
OECD.SDD.STES:DSD_STES@DF_FINMARK(4.0),BGR,M,IRLT,PA,_Z,_Z,_Z,_Z,N,2019-06,0.32,A,0,2,
OECD.SDD.STES:DSD_STES@DF_FINMARK(4.0),BGR,M,IRLT,PA,_Z,_Z,_Z,_Z,N,2019-07,0.43,A,0,2,
OECD.SDD.STES:DSD_STES@DF_FINMARK(4.0),BGR,M,IRLT,PA,_Z,_Z,_Z,_Z,N,2019-08,0.35,A,0,2,
OECD.SDD.STES:DSD_STES@DF_FINMARK(4.0),BGR,M,IRLT,PA,_Z,_Z,_Z,_Z,N,2019-09,0.35,A,0,2,
OECD.SDD.STES:DSD_STES@DF_FINMARK(4.0),BGR,M,IRLT,PA,_Z,_Z,_Z,_Z,N,2019-10,0.25,A,0,2,
OECD.SDD.STES:DSD_STES@DF_FINMARK(4.0),BGR,M,IRLT,PA,_Z,_Z,_Z,_Z,N,2019-11,0.22,A,0,2,
OECD.SDD.STES:DSD_STES@DF_FINMARK(4.0),BGR,M,IRLT,PA,_Z,_Z,_Z,_Z,N,2019-12,0.18,A,0,2,
OECD.SDD.STES:DSD_STES@DF_FINMARK(4.0),BGR,M,IRLT,PA,_Z,_Z,_Z,_Z,N,2020-01,0.15,A,0,2,
OECD.SDD.STES:DSD_STES@DF_FINMARK(4.0),BGR,M,IRLT,PA,_Z,_Z,_Z,_Z,N,2020-02,0.12,A,0,2,
OECD.SDD.STES:DSD_STES@DF_FINMARK(4.0),BGR,M,IRLT,PA,_Z,_Z,_Z,_Z,N,2020-03,0.15,A,0,2,
OECD.SDD.STES:DSD_STES@DF_FINMARK(4.0),BGR,M,IRLT,PA,_Z,_Z,_Z,_Z,N,2020-04,0.2,A,0,2,
OECD.SDD.STES:DSD_STES@DF_FINMARK(4.0),BGR,M,IRLT,PA,_Z,_Z,_Z,_Z,N,2020-05,0.2,A,0,2,
OECD.SDD.STES:DSD_STES@DF_FINMARK(4.0),BGR,M,IRLT,PA,_Z,_Z,_Z,_Z,N,2020-06,0.68,A,0,2,
OECD.SDD.STES:DSD_STES@DF_FINMARK(4.0),BGR,M,IRLT,PA,_Z,_Z,_Z,_Z,N,2020-07,0.5,A,0,2,
OECD.SDD.STES:DSD_STES@DF_FINMARK(4.0),BGR,M,IRLT,PA,_Z,_Z,_Z,_Z,N,2020-08,0.26,A,0,2,
OECD.SDD.STES:DSD_STES@DF_FINMARK(4.0),BGR,M,IRLT,PA,_Z,_Z,_Z,_Z,N,2020-09,0.2,A,0,2,
OECD.SDD.STES:DSD_STES@DF_FINMARK(4.0),BGR,M,IRLT,PA,_Z,_Z,_Z,_Z,N,2020-10,0.2,A,0,2,
OECD.SDD.STES:DSD_STES@DF_FINMARK(4.0),BGR,M,IRLT,PA,_Z,_Z,_Z,_Z,N,2020-11,0.2,A,0,2,
OECD.SDD.STES:DSD_STES@DF_FINMARK(4.0),BGR,M,IRLT,PA,_Z,_Z,_Z,_Z,N,2020-12,0.19,A,0,2,
OECD.SDD.STES:DSD_STES@DF_FINMARK(4.0),BGR,M,IRLT,PA,_Z,_Z,_Z,_Z,N,2021-01,0.19,A,0,2,
OECD.SDD.STES:DSD_STES@DF_FINMARK(4.0),BGR,M,IRLT,PA,_Z,_Z,_Z,_Z,N,2021-02,0.15,A,0,2,
OECD.SDD.STES:DSD_STES@DF_FINMARK(4.0),BGR,M,IRLT,PA,_Z,_Z,_Z,_Z,N,2021-03,0.14,A,0,2,
OECD.SDD.STES:DSD_STES@DF_FINMARK(4.0),BGR,M,IRLT,PA,_Z,_Z,_Z,_Z,N,2021-04,0.14,A,0,2,
OECD.SDD.STES:DSD_STES@DF_FINMARK(4.0),BGR,M,IRLT,PA,_Z,_Z,_Z,_Z,N,2021-05,0.14,A,0,2,
OECD.SDD.STES:DSD_STES@DF_FINMARK(4.0),BGR,M,IRLT,PA,_Z,_Z,_Z,_Z,N,2021-06,0.14,A,0,2,
OECD.SDD.STES:DSD_STES@DF_FINMARK(4.0),BGR,M,IRLT,PA,_Z,_Z,_Z,_Z,N,2021-07,0.14,A,0,2,
OECD.SDD.STES:DSD_STES@DF_FINMARK(4.0),BGR,M,IRLT,PA,_Z,_Z,_Z,_Z,N,2021-08,0.14,A,0,2,
OECD.SDD.STES:DSD_STES@DF_FINMARK(4.0),BGR,M,IRLT,PA,_Z,_Z,_Z,_Z,N,2021-09,0.15,A,0,2,
OECD.SDD.STES:DSD_STES@DF_FINMARK(4.0),BGR,M,IRLT,PA,_Z,_Z,_Z,_Z,N,2021-10,0.25,A,0,2,
OECD.SDD.STES:DSD_STES@DF_FINMARK(4.0),BGR,M,IRLT,PA,_Z,_Z,_Z,_Z,N,2021-11,0.25,A,0,2,
OECD.SDD.STES:DSD_STES@DF_FINMARK(4.0),BGR,M,IRLT,PA,_Z,_Z,_Z,_Z,N,2021-12,0.44,A,0,2,
OECD.SDD.STES:DSD_STES@DF_FINMARK(4.0),BGR,M,IRLT,PA,_Z,_Z,_Z,_Z,N,2022-01,0.57,A,0,2,
OECD.SDD.STES:DSD_STES@DF_FINMARK(4.0),BGR,M,IRLT,PA,_Z,_Z,_Z,_Z,N,2022-02,0.61,A,0,2,
OECD.SDD.STES:DSD_STES@DF_FINMARK(4.0),BGR,M,IRLT,PA,_Z,_Z,_Z,_Z,N,2022-03,1.09,A,0,2,
OECD.SDD.STES:DSD_STES@DF_FINMARK(4.0),BGR,M,IRLT,PA,_Z,_Z,_Z,_Z,N,2022-04,1.62,A,0,2,
OECD.SDD.STES:DSD_STES@DF_FINMARK(4.0),BGR,M,IRLT,PA,_Z,_Z,_Z,_Z,N,2022-05,1.62,A,0,2,
OECD.SDD.STES:DSD_STES@DF_FINMARK(4.0),BGR,M,IRLT,PA,_Z,_Z,_Z,_Z,N,2022-06,1.77,A,0,2,
OECD.SDD.STES:DSD_STES@DF_FINMARK(4.0),BGR,M,IRLT,PA,_Z,_Z,_Z,_Z,N,2022-07,1.85,A,0,2,
OECD.SDD.STES:DSD_STES@DF_FINMARK(4.0),BGR,M,IRLT,PA,_Z,_Z,_Z,_Z,N,2022-08,1.85,A,0,2,
OECD.SDD.STES:DSD_STES@DF_FINMARK(4.0),BGR,M,IRLT,PA,_Z,_Z,_Z,_Z,N,2022-09,1.85,A,0,2,
OECD.SDD.STES:DSD_STES@DF_FINMARK(4.0),BGR,M,IRLT,PA,_Z,_Z,_Z,_Z,N,2022-10,1.85,A,0,2,
OECD.SDD.STES:DSD_STES@DF_FINMARK(4.0),BGR,M,IRLT,PA,_Z,_Z,_Z,_Z,N,2022-11,1.85,A,0,2,
OECD.SDD.STES:DSD_STES@DF_FINMARK(4.0),BGR,M,IRLT,PA,_Z,_Z,_Z,_Z,N,2022-12,1.85,A,0,2,
OECD.SDD.STES:DSD_STES@DF_FINMARK(4.0),BGR,M,IRLT,PA,_Z,_Z,_Z,_Z,N,2023-01,1.85,A,0,2,
OECD.SDD.STES:DSD_STES@DF_FINMARK(4.0),BGR,M,IRLT,PA,_Z,_Z,_Z,_Z,N,2023-02,2.73,A,0,2,
OECD.SDD.STES:DSD_STES@DF_FINMARK(4.0),BGR,M,IRLT,PA,_Z,_Z,_Z,_Z,N,2023-03,4.21,A,0,2,
OECD.SDD.STES:DSD_STES@DF_FINMARK(4.0),BGR,M,IRLT,PA,_Z,_Z,_Z,_Z,N,2023-04,4.03,A,0,2,
OECD.SDD.STES:DSD_STES@DF_FINMARK(4.0),BGR,M,IRLT,PA,_Z,_Z,_Z,_Z,N,2023-05,4.03,A,0,2,
OECD.SDD.STES:DSD_STES@DF_FINMARK(4.0),BGR,M,IRLT,PA,_Z,_Z,_Z,_Z,N,2023-06,4.03,A,0,2,
OECD.SDD.STES:DSD_STES@DF_FINMARK(4.0),BGR,M,IRLT,PA,_Z,_Z,_Z,_Z,N,2023-07,4.03,A,0,2,
OECD.SDD.STES:DSD_STES@DF_FINMARK(4.0),BGR,M,IRLT,PA,_Z,_Z,_Z,_Z,N,2023-08,4.03,A,0,2,
OECD.SDD.STES:DSD_STES@DF_FINMARK(4.0),BGR,M,IRLT,PA,_Z,_Z,_Z,_Z,N,2023-09,4.03,A,0,2,
OECD.SDD.STES:DSD_STES@DF_FINMARK(4.0),BGR,M,IRLT,PA,_Z,_Z,_Z,_Z,N,2023-10,4.03,A,0,2,
OECD.SDD.STES:DSD_STES@DF_FINMARK(4.0),BGR,M,IRLT,PA,_Z,_Z,_Z,_Z,N,2023-11,4.03,A,0,2,
OECD.SDD.STES:DSD_STES@DF_FINMARK(4.0),BGR,M,IRLT,PA,_Z,_Z,_Z,_Z,N,2023-12,4.01,A,0,2,
OECD.SDD.STES:DSD_STES@DF_FINMARK(4.0),BGR,M,IRLT,PA,_Z,_Z,_Z,_Z,N,2024-01,3.94,A,0,2,
OECD.SDD.STES:DSD_STES@DF_FINMARK(4.0),BGR,M,IRLT,PA,_Z,_Z,_Z,_Z,N,2024-02,3.93,A,0,2,
OECD.SDD.STES:DSD_STES@DF_FINMARK(4.0),BGR,M,IRLT,PA,_Z,_Z,_Z,_Z,N,2024-03,3.93,A,0,2,
OECD.SDD.STES:DSD_STES@DF_FINMARK(4.0),BGR,M,IRLT,PA,_Z,_Z,_Z,_Z,N,2024-04,3.93,A,0,2,
OECD.SDD.STES:DSD_STES@DF_FINMARK(4.0),BGR,M,IRLT,PA,_Z,_Z,_Z,_Z,N,2024-05,3.93,A,0,2,
OECD.SDD.STES:DSD_STES@DF_FINMARK(4.0),BGR,M,IRLT,PA,_Z,_Z,_Z,_Z,N,2024-06,3.93,A,0,2,
OECD.SDD.STES:DSD_STES@DF_FINMARK(4.0),BGR,M,IRLT,PA,_Z,_Z,_Z,_Z,N,2024-07,3.93,A,0,2,
OECD.SDD.STES:DSD_STES@DF_FINMARK(4.0),BGR,M,IRLT,PA,_Z,_Z,_Z,_Z,N,2024-08,3.93,A,0,2,
OECD.SDD.STES:DSD_STES@DF_FINMARK(4.0),BGR,M,IRLT,PA,_Z,_Z,_Z,_Z,N,2024-09,3.93,A,0,2,
OECD.SDD.STES:DSD_STES@DF_FINMARK(4.0),BGR,M,IRLT,PA,_Z,_Z,_Z,_Z,N,2024-10,3.93,A,0,2,
OECD.SDD.STES:DSD_STES@DF_FINMARK(4.0),BGR,M,IRLT,PA,_Z,_Z,_Z,_Z,N,2024-11,3.93,A,0,2,
OECD.SDD.STES:DSD_STES@DF_FINMARK(4.0),BGR,M,IRLT,PA,_Z,_Z,_Z,_Z,N,2024-12,3.93,A,0,2,
OECD.SDD.STES:DSD_STES@DF_FINMARK(4.0),BGR,M,IRLT,PA,_Z,_Z,_Z,_Z,N,2025-01,3.93,A,0,2,
OECD.SDD.STES:DSD_STES@DF_FINMARK(4.0),BGR,M,IRLT,PA,_Z,_Z,_Z,_Z,N,2025-02,3.93,A,0,2,
OECD.SDD.STES:DSD_STES@DF_FINMARK(4.0),BGR,M,IRLT,PA,_Z,_Z,_Z,_Z,N,2025-03,3.93,A,0,2,
OECD.SDD.STES:DSD_STES@DF_FINMARK(4.0),BGR,M,IRLT,PA,_Z,_Z,_Z,_Z,N,2025-04,3.93,A,0,2,
OECD.SDD.STES:DSD_STES@DF_FINMARK(4.0),BGR,M,IRLT,PA,_Z,_Z,_Z,_Z,N,2025-05,3.93,A,0,2,
OECD.SDD.STES:DSD_STES@DF_FINMARK(4.0),BGR,M,IRLT,PA,_Z,_Z,_Z,_Z,N,2025-06,3.93,A,0,2,
OECD.SDD.STES:DSD_STES@DF_FINMARK(4.0),BGR,M,IRLT,PA,_Z,_Z,_Z,_Z,N,2025-07,3.93,A,0,2,
OECD.SDD.STES:DSD_STES@DF_FINMARK(4.0),BGR,M,IRLT,PA,_Z,_Z,_Z,_Z,N,2025-08,3.93,A,0,2,
OECD.SDD.STES:DSD_STES@DF_FINMARK(4.0),BGR,M,IRLT,PA,_Z,_Z,_Z,_Z,N,2025-09,3.93,A,0,2,
OECD.SDD.STES:DSD_STES@DF_FINMARK(4.0),BGR,M,IRLT,PA,_Z,_Z,_Z,_Z,N,2025-10,3.93,A,0,2,
OECD.SDD.STES:DSD_STES@DF_FINMARK(4.0),BGR,M,IRLT,PA,_Z,_Z,_Z,_Z,N,2025-11,3.93,A,0,2,
OECD.SDD.STES:DSD_STES@DF_FINMARK(4.0),BGR,M,IRLT,PA,_Z,_Z,_Z,_Z,N,2025-12,3.93,A,0,2,
OECD.SDD.STES:DSD_STES@DF_FINMARK(4.0),BGR,M,IRLT,PA,_Z,_Z,_Z,_Z,N,2026-01,3.93,A,0,2,
OECD.SDD.STES:DSD_STES@DF_FINMARK(4.0),BGR,M,IRLT,PA,_Z,_Z,_Z,_Z,N,2026-02,3.93,A,0,2,
OECD.SDD.STES:DSD_STES@DF_FINMARK(4.0),BGR,M,IRLT,PA,_Z,_Z,_Z,_Z,N,2026-03,3.93,A,0,2,
OECD.SDD.STES:DSD_STES@DF_FINMARK(4.0),BGR,M,IRLT,PA,_Z,_Z,_Z,_Z,N,2026-04,3.95,A,0,2,
OECD.SDD.STES:DSD_STES@DF_FINMARK(4.0),BGR,M,IRLT,PA,_Z,_Z,_Z,_Z,N,2026-05,4.09,A,0,2,
OECD.SDD.STES:DSD_STES@DF_FINMARK(4.0),CHL,M,IRLT,PA,_Z,_Z,_Z,_Z,N,2015-01,4.184115,A,0,2,
OECD.SDD.STES:DSD_STES@DF_FINMARK(4.0),CHL,M,IRLT,PA,_Z,_Z,_Z,_Z,N,2015-02,4.203212,A,0,2,
OECD.SDD.STES:DSD_STES@DF_FINMARK(4.0),CHL,M,IRLT,PA,_Z,_Z,_Z,_Z,N,2015-03,4.342277,A,0,2,
OECD.SDD.STES:DSD_STES@DF_FINMARK(4.0),CHL,M,IRLT,PA,_Z,_Z,_Z,_Z,N,2015-04,4.492531,A,0,2,
OECD.SDD.STES:DSD_STES@DF_FINMARK(4.0),CHL,M,IRLT,PA,_Z,_Z,_Z,_Z,N,2015-05,4.556165,A,0,2,
OECD.SDD.STES:DSD_STES@DF_FINMARK(4.0),CHL,M,IRLT,PA,_Z,_Z,_Z,_Z,N,2015-06,4.653217,A,0,2,
OECD.SDD.STES:DSD_STES@DF_FINMARK(4.0),CHL,M,IRLT,PA,_Z,_Z,_Z,_Z,N,2015-07,4.550944,A,0,2,
OECD.SDD.STES:DSD_STES@DF_FINMARK(4.0),CHL,M,IRLT,PA,_Z,_Z,_Z,_Z,N,2015-08,4.514416,A,0,2,
OECD.SDD.STES:DSD_STES@DF_FINMARK(4.0),CHL,M,IRLT,PA,_Z,_Z,_Z,_Z,N,2015-09,4.607369,A,0,2,
OECD.SDD.STES:DSD_STES@DF_FINMARK(4.0),CHL,M,IRLT,PA,_Z,_Z,_Z,_Z,N,2015-10,4.466189,A,0,2,
OECD.SDD.STES:DSD_STES@DF_FINMARK(4.0),CHL,M,IRLT,PA,_Z,_Z,_Z,_Z,N,2015-11,4.566,A,0,2,
OECD.SDD.STES:DSD_STES@DF_FINMARK(4.0),CHL,M,IRLT,PA,_Z,_Z,_Z,_Z,N,2015-12,4.626224,A,0,2,
OECD.SDD.STES:DSD_STES@DF_FINMARK(4.0),CHL,M,IRLT,PA,_Z,_Z,_Z,_Z,N,2016-01,4.563584,A,0,2,
OECD.SDD.STES:DSD_STES@DF_FINMARK(4.0),CHL,M,IRLT,PA,_Z,_Z,_Z,_Z,N,2016-02,4.446364,A,0,2,
OECD.SDD.STES:DSD_STES@DF_FINMARK(4.0),CHL,M,IRLT,PA,_Z,_Z,_Z,_Z,N,2016-03,4.439795,A,0,2,
OECD.SDD.STES:DSD_STES@DF_FINMARK(4.0),CHL,M,IRLT,PA,_Z,_Z,_Z,_Z,N,2016-04,4.392569,A,0,2,
OECD.SDD.STES:DSD_STES@DF_FINMARK(4.0),CHL,M,IRLT,PA,_Z,_Z,_Z,_Z,N,2016-05,4.501842,A,0,2,
OECD.SDD.STES:DSD_STES@DF_FINMARK(4.0),CHL,M,IRLT,PA,_Z,_Z,_Z,_Z,N,2016-06,4.545489,A,0,2,
OECD.SDD.STES:DSD_STES@DF_FINMARK(4.0),CHL,M,IRLT,PA,_Z,_Z,_Z,_Z,N,2016-07,4.406804,A,0,2,
OECD.SDD.STES:DSD_STES@DF_FINMARK(4.0),CHL,M,IRLT,PA,_Z,_Z,_Z,_Z,N,2016-08,4.289105,A,0,2,
OECD.SDD.STES:DSD_STES@DF_FINMARK(4.0),CHL,M,IRLT,PA,_Z,_Z,_Z,_Z,N,2016-09,4.223877,A,0,2,
OECD.SDD.STES:DSD_STES@DF_FINMARK(4.0),CHL,M,IRLT,PA,_Z,_Z,_Z,_Z,N,2016-10,4.203056,A,0,2,
OECD.SDD.STES:DSD_STES@DF_FINMARK(4.0),CHL,M,IRLT,PA,_Z,_Z,_Z,_Z,N,2016-11,4.476973,A,0,2,
OECD.SDD.STES:DSD_STES@DF_FINMARK(4.0),CHL,M,IRLT,PA,_Z,_Z,_Z,_Z,N,2016-12,4.373863,A,0,2,
OECD.SDD.STES:DSD_STES@DF_FINMARK(4.0),CHL,M,IRLT,PA,_Z,_Z,_Z,_Z,N,2017-01,4.167268,A,0,2,
OECD.SDD.STES:DSD_STES@DF_FINMARK(4.0),CHL,M,IRLT,PA,_Z,_Z,_Z,_Z,N,2017-02,4.152218,A,0,2,
OECD.SDD.STES:DSD_STES@DF_FINMARK(4.0),CHL,M,IRLT,PA,_Z,_Z,_Z,_Z,N,2017-03,4.201198,A,0,2,
OECD.SDD.STES:DSD_STES@DF_FINMARK(4.0),CHL,M,IRLT,PA,_Z,_Z,_Z,_Z,N,2017-04,3.90074,A,0,2,
OECD.SDD.STES:DSD_STES@DF_FINMARK(4.0),CHL,M,IRLT,PA,_Z,_Z,_Z,_Z,N,2017-05,4.026836,A,0,2,
OECD.SDD.STES:DSD_STES@DF_FINMARK(4.0),CHL,M,IRLT,PA,_Z,_Z,_Z,_Z,N,2017-06,4.010154,A,0,2,
OECD.SDD.STES:DSD_STES@DF_FINMARK(4.0),CHL,M,IRLT,PA,_Z,_Z,_Z,_Z,N,2017-07,4.221017,A,0,2,
OECD.SDD.STES:DSD_STES@DF_FINMARK(4.0),CHL,M,IRLT,PA,_Z,_Z,_Z,_Z,N,2017-08,4.328379,A,0,2,
OECD.SDD.STES:DSD_STES@DF_FINMARK(4.0),CHL,M,IRLT,PA,_Z,_Z,_Z,_Z,N,2017-09,4.317871,A,0,2,
OECD.SDD.STES:DSD_STES@DF_FINMARK(4.0),CHL,M,IRLT,PA,_Z,_Z,_Z,_Z,N,2017-10,4.488557,A,0,2,
OECD.SDD.STES:DSD_STES@DF_FINMARK(4.0),CHL,M,IRLT,PA,_Z,_Z,_Z,_Z,N,2017-11,4.508404,A,0,2,
OECD.SDD.STES:DSD_STES@DF_FINMARK(4.0),CHL,M,IRLT,PA,_Z,_Z,_Z,_Z,N,2017-12,4.616859,A,0,2,
OECD.SDD.STES:DSD_STES@DF_FINMARK(4.0),CHL,M,IRLT,PA,_Z,_Z,_Z,_Z,N,2018-01,4.523826,A,0,2,
OECD.SDD.STES:DSD_STES@DF_FINMARK(4.0),CHL,M,IRLT,PA,_Z,_Z,_Z,_Z,N,2018-02,4.546484,A,0,2,
OECD.SDD.STES:DSD_STES@DF_FINMARK(4.0),CHL,M,IRLT,PA,_Z,_Z,_Z,_Z,N,2018-03,4.493291,A,0,2,
OECD.SDD.STES:DSD_STES@DF_FINMARK(4.0),CHL,M,IRLT,PA,_Z,_Z,_Z,_Z,N,2018-04,4.417883,A,0,2,
OECD.SDD.STES:DSD_STES@DF_FINMARK(4.0),CHL,M,IRLT,PA,_Z,_Z,_Z,_Z,N,2018-05,4.502295,A,0,2,
OECD.SDD.STES:DSD_STES@DF_FINMARK(4.0),CHL,M,IRLT,PA,_Z,_Z,_Z,_Z,N,2018-06,4.576517,A,0,2,
OECD.SDD.STES:DSD_STES@DF_FINMARK(4.0),CHL,M,IRLT,PA,_Z,_Z,_Z,_Z,N,2018-07,4.564861,A,0,2,
OECD.SDD.STES:DSD_STES@DF_FINMARK(4.0),CHL,M,IRLT,PA,_Z,_Z,_Z,_Z,N,2018-08,4.477966,A,0,2,
OECD.SDD.STES:DSD_STES@DF_FINMARK(4.0),CHL,M,IRLT,PA,_Z,_Z,_Z,_Z,N,2018-09,4.500978,A,0,2,
OECD.SDD.STES:DSD_STES@DF_FINMARK(4.0),CHL,M,IRLT,PA,_Z,_Z,_Z,_Z,N,2018-10,4.568727,A,0,2,
OECD.SDD.STES:DSD_STES@DF_FINMARK(4.0),CHL,M,IRLT,PA,_Z,_Z,_Z,_Z,N,2018-11,4.461596,A,0,2,
OECD.SDD.STES:DSD_STES@DF_FINMARK(4.0),CHL,M,IRLT,PA,_Z,_Z,_Z,_Z,N,2018-12,4.339862,A,0,2,
OECD.SDD.STES:DSD_STES@DF_FINMARK(4.0),CHL,M,IRLT,PA,_Z,_Z,_Z,_Z,N,2019-01,4.490649,A,0,2,
OECD.SDD.STES:DSD_STES@DF_FINMARK(4.0),CHL,M,IRLT,PA,_Z,_Z,_Z,_Z,N,2019-02,4.391262,A,0,2,
OECD.SDD.STES:DSD_STES@DF_FINMARK(4.0),CHL,M,IRLT,PA,_Z,_Z,_Z,_Z,N,2019-03,4.257079,A,0,2,
OECD.SDD.STES:DSD_STES@DF_FINMARK(4.0),CHL,M,IRLT,PA,_Z,_Z,_Z,_Z,N,2019-04,4.117896,A,0,2,
OECD.SDD.STES:DSD_STES@DF_FINMARK(4.0),CHL,M,IRLT,PA,_Z,_Z,_Z,_Z,N,2019-05,4.043687,A,0,2,
OECD.SDD.STES:DSD_STES@DF_FINMARK(4.0),CHL,M,IRLT,PA,_Z,_Z,_Z,_Z,N,2019-06,3.481093,A,0,2,
OECD.SDD.STES:DSD_STES@DF_FINMARK(4.0),CHL,M,IRLT,PA,_Z,_Z,_Z,_Z,N,2019-07,3.157262,A,0,2,
OECD.SDD.STES:DSD_STES@DF_FINMARK(4.0),CHL,M,IRLT,PA,_Z,_Z,_Z,_Z,N,2019-08,2.704126,A,0,2,
OECD.SDD.STES:DSD_STES@DF_FINMARK(4.0),CHL,M,IRLT,PA,_Z,_Z,_Z,_Z,N,2019-09,2.710508,A,0,2,
OECD.SDD.STES:DSD_STES@DF_FINMARK(4.0),CHL,M,IRLT,PA,_Z,_Z,_Z,_Z,N,2019-10,2.943769,A,0,2,
OECD.SDD.STES:DSD_STES@DF_FINMARK(4.0),CHL,M,IRLT,PA,_Z,_Z,_Z,_Z,N,2019-11,3.337316,A,0,2,
OECD.SDD.STES:DSD_STES@DF_FINMARK(4.0),CHL,M,IRLT,PA,_Z,_Z,_Z,_Z,N,2019-12,3.299993,A,0,2,
OECD.SDD.STES:DSD_STES@DF_FINMARK(4.0),CHL,M,IRLT,PA,_Z,_Z,_Z,_Z,N,2020-01,3.301501,A,0,2,
OECD.SDD.STES:DSD_STES@DF_FINMARK(4.0),CHL,M,IRLT,PA,_Z,_Z,_Z,_Z,N,2020-02,3.488111,A,0,2,
OECD.SDD.STES:DSD_STES@DF_FINMARK(4.0),CHL,M,IRLT,PA,_Z,_Z,_Z,_Z,N,2020-03,3.410495,A,0,2,
OECD.SDD.STES:DSD_STES@DF_FINMARK(4.0),CHL,M,IRLT,PA,_Z,_Z,_Z,_Z,N,2020-04,3.048472,A,0,2,
OECD.SDD.STES:DSD_STES@DF_FINMARK(4.0),CHL,M,IRLT,PA,_Z,_Z,_Z,_Z,N,2020-05,2.397114,A,0,2,
OECD.SDD.STES:DSD_STES@DF_FINMARK(4.0),CHL,M,IRLT,PA,_Z,_Z,_Z,_Z,N,2020-06,2.428933,A,0,2,
OECD.SDD.STES:DSD_STES@DF_FINMARK(4.0),CHL,M,IRLT,PA,_Z,_Z,_Z,_Z,N,2020-07,2.504537,A,0,2,
OECD.SDD.STES:DSD_STES@DF_FINMARK(4.0),CHL,M,IRLT,PA,_Z,_Z,_Z,_Z,N,2020-08,2.432622,A,0,2,
OECD.SDD.STES:DSD_STES@DF_FINMARK(4.0),CHL,M,IRLT,PA,_Z,_Z,_Z,_Z,N,2020-09,2.588419,A,0,2,
OECD.SDD.STES:DSD_STES@DF_FINMARK(4.0),CHL,M,IRLT,PA,_Z,_Z,_Z,_Z,N,2020-10,2.606371,A,0,2,
OECD.SDD.STES:DSD_STES@DF_FINMARK(4.0),CHL,M,IRLT,PA,_Z,_Z,_Z,_Z,N,2020-11,2.628114,A,0,2,
OECD.SDD.STES:DSD_STES@DF_FINMARK(4.0),CHL,M,IRLT,PA,_Z,_Z,_Z,_Z,N,2020-12,2.748069,A,0,2,
OECD.SDD.STES:DSD_STES@DF_FINMARK(4.0),CHL,M,IRLT,PA,_Z,_Z,_Z,_Z,N,2021-01,2.644623,A,0,2,
OECD.SDD.STES:DSD_STES@DF_FINMARK(4.0),CHL,M,IRLT,PA,_Z,_Z,_Z,_Z,N,2021-02,2.716856,A,0,2,
OECD.SDD.STES:DSD_STES@DF_FINMARK(4.0),CHL,M,IRLT,PA,_Z,_Z,_Z,_Z,N,2021-03,3.1756,A,0,2,
OECD.SDD.STES:DSD_STES@DF_FINMARK(4.0),CHL,M,IRLT,PA,_Z,_Z,_Z,_Z,N,2021-04,3.554217,A,0,2,
OECD.SDD.STES:DSD_STES@DF_FINMARK(4.0),CHL,M,IRLT,PA,_Z,_Z,_Z,_Z,N,2021-05,3.711216,A,0,2,
OECD.SDD.STES:DSD_STES@DF_FINMARK(4.0),CHL,M,IRLT,PA,_Z,_Z,_Z,_Z,N,2021-06,4.263269,A,0,2,
OECD.SDD.STES:DSD_STES@DF_FINMARK(4.0),CHL,M,IRLT,PA,_Z,_Z,_Z,_Z,N,2021-07,4.48758,A,0,2,
OECD.SDD.STES:DSD_STES@DF_FINMARK(4.0),CHL,M,IRLT,PA,_Z,_Z,_Z,_Z,N,2021-08,4.70484,A,0,2,
OECD.SDD.STES:DSD_STES@DF_FINMARK(4.0),CHL,M,IRLT,PA,_Z,_Z,_Z,_Z,N,2021-09,5.225313,A,0,2,
OECD.SDD.STES:DSD_STES@DF_FINMARK(4.0),CHL,M,IRLT,PA,_Z,_Z,_Z,_Z,N,2021-10,6.335927,A,0,2,
OECD.SDD.STES:DSD_STES@DF_FINMARK(4.0),CHL,M,IRLT,PA,_Z,_Z,_Z,_Z,N,2021-11,5.826743,A,0,2,
OECD.SDD.STES:DSD_STES@DF_FINMARK(4.0),CHL,M,IRLT,PA,_Z,_Z,_Z,_Z,N,2021-12,5.692897,A,0,2,
OECD.SDD.STES:DSD_STES@DF_FINMARK(4.0),CHL,M,IRLT,PA,_Z,_Z,_Z,_Z,N,2022-01,5.886167,A,0,2,
OECD.SDD.STES:DSD_STES@DF_FINMARK(4.0),CHL,M,IRLT,PA,_Z,_Z,_Z,_Z,N,2022-02,5.818815,A,0,2,
OECD.SDD.STES:DSD_STES@DF_FINMARK(4.0),CHL,M,IRLT,PA,_Z,_Z,_Z,_Z,N,2022-03,6.103209,A,0,2,
OECD.SDD.STES:DSD_STES@DF_FINMARK(4.0),CHL,M,IRLT,PA,_Z,_Z,_Z,_Z,N,2022-04,6.531166,A,0,2,
OECD.SDD.STES:DSD_STES@DF_FINMARK(4.0),CHL,M,IRLT,PA,_Z,_Z,_Z,_Z,N,2022-05,6.617833,A,0,2,
OECD.SDD.STES:DSD_STES@DF_FINMARK(4.0),CHL,M,IRLT,PA,_Z,_Z,_Z,_Z,N,2022-06,6.442466,A,0,2,
OECD.SDD.STES:DSD_STES@DF_FINMARK(4.0),CHL,M,IRLT,PA,_Z,_Z,_Z,_Z,N,2022-07,6.605394,A,0,2,
OECD.SDD.STES:DSD_STES@DF_FINMARK(4.0),CHL,M,IRLT,PA,_Z,_Z,_Z,_Z,N,2022-08,6.717589,A,0,2,
OECD.SDD.STES:DSD_STES@DF_FINMARK(4.0),CHL,M,IRLT,PA,_Z,_Z,_Z,_Z,N,2022-09,6.646309,A,0,2,
OECD.SDD.STES:DSD_STES@DF_FINMARK(4.0),CHL,M,IRLT,PA,_Z,_Z,_Z,_Z,N,2022-10,6.677438,A,0,2,
OECD.SDD.STES:DSD_STES@DF_FINMARK(4.0),CHL,M,IRLT,PA,_Z,_Z,_Z,_Z,N,2022-11,5.735703,A,0,2,
OECD.SDD.STES:DSD_STES@DF_FINMARK(4.0),CHL,M,IRLT,PA,_Z,_Z,_Z,_Z,N,2022-12,5.338179,A,0,2,
OECD.SDD.STES:DSD_STES@DF_FINMARK(4.0),CHL,M,IRLT,PA,_Z,_Z,_Z,_Z,N,2023-01,5.346144,A,0,2,
OECD.SDD.STES:DSD_STES@DF_FINMARK(4.0),CHL,M,IRLT,PA,_Z,_Z,_Z,_Z,N,2023-02,5.704796,A,0,2,
OECD.SDD.STES:DSD_STES@DF_FINMARK(4.0),CHL,M,IRLT,PA,_Z,_Z,_Z,_Z,N,2023-03,5.522494,A,0,2,
OECD.SDD.STES:DSD_STES@DF_FINMARK(4.0),CHL,M,IRLT,PA,_Z,_Z,_Z,_Z,N,2023-04,5.539444,A,0,2,
OECD.SDD.STES:DSD_STES@DF_FINMARK(4.0),CHL,M,IRLT,PA,_Z,_Z,_Z,_Z,N,2023-05,5.548636,A,0,2,
OECD.SDD.STES:DSD_STES@DF_FINMARK(4.0),CHL,M,IRLT,PA,_Z,_Z,_Z,_Z,N,2023-06,5.3055,A,0,2,
OECD.SDD.STES:DSD_STES@DF_FINMARK(4.0),CHL,M,IRLT,PA,_Z,_Z,_Z,_Z,N,2023-07,5.3305,A,0,2,
OECD.SDD.STES:DSD_STES@DF_FINMARK(4.0),CHL,M,IRLT,PA,_Z,_Z,_Z,_Z,N,2023-08,5.634737,A,0,2,
OECD.SDD.STES:DSD_STES@DF_FINMARK(4.0),CHL,M,IRLT,PA,_Z,_Z,_Z,_Z,N,2023-09,5.965714,A,0,2,
OECD.SDD.STES:DSD_STES@DF_FINMARK(4.0),CHL,M,IRLT,PA,_Z,_Z,_Z,_Z,N,2023-10,6.52625,A,0,2,
OECD.SDD.STES:DSD_STES@DF_FINMARK(4.0),CHL,M,IRLT,PA,_Z,_Z,_Z,_Z,N,2023-11,5.967143,A,0,2,
OECD.SDD.STES:DSD_STES@DF_FINMARK(4.0),CHL,M,IRLT,PA,_Z,_Z,_Z,_Z,N,2023-12,5.478235,A,0,2,
OECD.SDD.STES:DSD_STES@DF_FINMARK(4.0),CHL,M,IRLT,PA,_Z,_Z,_Z,_Z,N,2024-01,5.53,A,0,2,
OECD.SDD.STES:DSD_STES@DF_FINMARK(4.0),CHL,M,IRLT,PA,_Z,_Z,_Z,_Z,N,2024-02,5.4675,A,0,2,
OECD.SDD.STES:DSD_STES@DF_FINMARK(4.0),CHL,M,IRLT,PA,_Z,_Z,_Z,_Z,N,2024-03,5.768948,A,0,2,
OECD.SDD.STES:DSD_STES@DF_FINMARK(4.0),CHL,M,IRLT,PA,_Z,_Z,_Z,_Z,N,2024-04,6.104546,A,0,2,
OECD.SDD.STES:DSD_STES@DF_FINMARK(4.0),CHL,M,IRLT,PA,_Z,_Z,_Z,_Z,N,2024-05,6.022857,A,0,2,
OECD.SDD.STES:DSD_STES@DF_FINMARK(4.0),CHL,M,IRLT,PA,_Z,_Z,_Z,_Z,N,2024-06,6.076316,A,0,2,
OECD.SDD.STES:DSD_STES@DF_FINMARK(4.0),CHL,M,IRLT,PA,_Z,_Z,_Z,_Z,N,2024-07,6.151364,A,0,2,
OECD.SDD.STES:DSD_STES@DF_FINMARK(4.0),CHL,M,IRLT,PA,_Z,_Z,_Z,_Z,N,2024-08,5.825714,A,0,2,
OECD.SDD.STES:DSD_STES@DF_FINMARK(4.0),CHL,M,IRLT,PA,_Z,_Z,_Z,_Z,N,2024-09,5.383333,A,0,2,
OECD.SDD.STES:DSD_STES@DF_FINMARK(4.0),CHL,M,IRLT,PA,_Z,_Z,_Z,_Z,N,2024-10,5.548095,A,0,2,
OECD.SDD.STES:DSD_STES@DF_FINMARK(4.0),CHL,M,IRLT,PA,_Z,_Z,_Z,_Z,N,2024-11,5.827,A,0,2,
OECD.SDD.STES:DSD_STES@DF_FINMARK(4.0),CHL,M,IRLT,PA,_Z,_Z,_Z,_Z,N,2024-12,5.761579,A,0,2,
OECD.SDD.STES:DSD_STES@DF_FINMARK(4.0),CHL,M,IRLT,PA,_Z,_Z,_Z,_Z,N,2025-01,5.985714,A,0,2,
OECD.SDD.STES:DSD_STES@DF_FINMARK(4.0),CHL,M,IRLT,PA,_Z,_Z,_Z,_Z,N,2025-02,6.010909,A,0,2,
OECD.SDD.STES:DSD_STES@DF_FINMARK(4.0),CHL,M,IRLT,PA,_Z,_Z,_Z,_Z,N,2025-03,5.792143,A,0,2,
OECD.SDD.STES:DSD_STES@DF_FINMARK(4.0),CHL,M,IRLT,PA,_Z,_Z,_Z,_Z,N,2025-04,5.649474,A,0,2,
OECD.SDD.STES:DSD_STES@DF_FINMARK(4.0),CHL,M,IRLT,PA,_Z,_Z,_Z,_Z,N,2025-05,5.796,A,0,2,
OECD.SDD.STES:DSD_STES@DF_FINMARK(4.0),CHL,M,IRLT,PA,_Z,_Z,_Z,_Z,N,2025-06,5.734615,A,0,2,
OECD.SDD.STES:DSD_STES@DF_FINMARK(4.0),CHL,M,IRLT,PA,_Z,_Z,_Z,_Z,N,2025-07,5.624667,A,0,2,
OECD.SDD.STES:DSD_STES@DF_FINMARK(4.0),CHL,M,IRLT,PA,_Z,_Z,_Z,_Z,N,2025-08,5.603125,A,0,2,
OECD.SDD.STES:DSD_STES@DF_FINMARK(4.0),CHL,M,IRLT,PA,_Z,_Z,_Z,_Z,N,2025-09,5.6375,A,0,2,
OECD.SDD.STES:DSD_STES@DF_FINMARK(4.0),CHL,M,IRLT,PA,_Z,_Z,_Z,_Z,N,2025-10,5.577222,A,0,2,
OECD.SDD.STES:DSD_STES@DF_FINMARK(4.0),CHL,M,IRLT,PA,_Z,_Z,_Z,_Z,N,2025-11,5.437857,A,0,2,
OECD.SDD.STES:DSD_STES@DF_FINMARK(4.0),CHL,M,IRLT,PA,_Z,_Z,_Z,_Z,N,2025-12,5.363125,A,0,2,
OECD.SDD.STES:DSD_STES@DF_FINMARK(4.0),CHL,M,IRLT,PA,_Z,_Z,_Z,_Z,N,2026-01,5.341333,A,0,2,
OECD.SDD.STES:DSD_STES@DF_FINMARK(4.0),CHL,M,IRLT,PA,_Z,_Z,_Z,_Z,N,2026-02,5.3,A,0,2,
OECD.SDD.STES:DSD_STES@DF_FINMARK(4.0),CHL,M,IRLT,PA,_Z,_Z,_Z,_Z,N,2026-03,5.555555,A,0,2,
OECD.SDD.STES:DSD_STES@DF_FINMARK(4.0),ROU,M,IRLT,PA,_Z,_Z,_Z,_Z,N,2015-01,3.14,A,0,2,
OECD.SDD.STES:DSD_STES@DF_FINMARK(4.0),ROU,M,IRLT,PA,_Z,_Z,_Z,_Z,N,2015-02,2.83,A,0,2,
OECD.SDD.STES:DSD_STES@DF_FINMARK(4.0),ROU,M,IRLT,PA,_Z,_Z,_Z,_Z,N,2015-03,3.01,A,0,2,
OECD.SDD.STES:DSD_STES@DF_FINMARK(4.0),ROU,M,IRLT,PA,_Z,_Z,_Z,_Z,N,2015-04,3.25,A,0,2,
OECD.SDD.STES:DSD_STES@DF_FINMARK(4.0),ROU,M,IRLT,PA,_Z,_Z,_Z,_Z,N,2015-05,3.45,A,0,2,
OECD.SDD.STES:DSD_STES@DF_FINMARK(4.0),ROU,M,IRLT,PA,_Z,_Z,_Z,_Z,N,2015-06,3.84,A,0,2,
OECD.SDD.STES:DSD_STES@DF_FINMARK(4.0),ROU,M,IRLT,PA,_Z,_Z,_Z,_Z,N,2015-07,3.99,A,0,2,
OECD.SDD.STES:DSD_STES@DF_FINMARK(4.0),ROU,M,IRLT,PA,_Z,_Z,_Z,_Z,N,2015-08,3.86,A,0,2,
OECD.SDD.STES:DSD_STES@DF_FINMARK(4.0),ROU,M,IRLT,PA,_Z,_Z,_Z,_Z,N,2015-09,3.73,A,0,2,
OECD.SDD.STES:DSD_STES@DF_FINMARK(4.0),ROU,M,IRLT,PA,_Z,_Z,_Z,_Z,N,2015-10,3.47,A,0,2,
OECD.SDD.STES:DSD_STES@DF_FINMARK(4.0),ROU,M,IRLT,PA,_Z,_Z,_Z,_Z,N,2015-11,3.49,A,0,2,
OECD.SDD.STES:DSD_STES@DF_FINMARK(4.0),ROU,M,IRLT,PA,_Z,_Z,_Z,_Z,N,2015-12,3.62,A,0,2,
OECD.SDD.STES:DSD_STES@DF_FINMARK(4.0),ROU,M,IRLT,PA,_Z,_Z,_Z,_Z,N,2016-01,3.6,A,0,2,
OECD.SDD.STES:DSD_STES@DF_FINMARK(4.0),ROU,M,IRLT,PA,_Z,_Z,_Z,_Z,N,2016-02,3.33,A,0,2,
OECD.SDD.STES:DSD_STES@DF_FINMARK(4.0),ROU,M,IRLT,PA,_Z,_Z,_Z,_Z,N,2016-03,3.34,A,0,2,
OECD.SDD.STES:DSD_STES@DF_FINMARK(4.0),ROU,M,IRLT,PA,_Z,_Z,_Z,_Z,N,2016-04,3.43,A,0,2,
OECD.SDD.STES:DSD_STES@DF_FINMARK(4.0),ROU,M,IRLT,PA,_Z,_Z,_Z,_Z,N,2016-05,3.43,A,0,2,
OECD.SDD.STES:DSD_STES@DF_FINMARK(4.0),ROU,M,IRLT,PA,_Z,_Z,_Z,_Z,N,2016-06,3.48,A,0,2,
OECD.SDD.STES:DSD_STES@DF_FINMARK(4.0),ROU,M,IRLT,PA,_Z,_Z,_Z,_Z,N,2016-07,3.14,A,0,2,
OECD.SDD.STES:DSD_STES@DF_FINMARK(4.0),ROU,M,IRLT,PA,_Z,_Z,_Z,_Z,N,2016-08,2.93,A,0,2,
OECD.SDD.STES:DSD_STES@DF_FINMARK(4.0),ROU,M,IRLT,PA,_Z,_Z,_Z,_Z,N,2016-09,2.92,A,0,2,
OECD.SDD.STES:DSD_STES@DF_FINMARK(4.0),ROU,M,IRLT,PA,_Z,_Z,_Z,_Z,N,2016-10,2.94,A,0,2,
OECD.SDD.STES:DSD_STES@DF_FINMARK(4.0),ROU,M,IRLT,PA,_Z,_Z,_Z,_Z,N,2016-11,3.56,A,0,2,
OECD.SDD.STES:DSD_STES@DF_FINMARK(4.0),ROU,M,IRLT,PA,_Z,_Z,_Z,_Z,N,2016-12,3.73,A,0,2,
OECD.SDD.STES:DSD_STES@DF_FINMARK(4.0),ROU,M,IRLT,PA,_Z,_Z,_Z,_Z,N,2017-01,3.75,A,0,2,
OECD.SDD.STES:DSD_STES@DF_FINMARK(4.0),ROU,M,IRLT,PA,_Z,_Z,_Z,_Z,N,2017-02,3.96,A,0,2,
OECD.SDD.STES:DSD_STES@DF_FINMARK(4.0),ROU,M,IRLT,PA,_Z,_Z,_Z,_Z,N,2017-03,3.99,A,0,2,
OECD.SDD.STES:DSD_STES@DF_FINMARK(4.0),ROU,M,IRLT,PA,_Z,_Z,_Z,_Z,N,2017-04,3.79,A,0,2,
OECD.SDD.STES:DSD_STES@DF_FINMARK(4.0),ROU,M,IRLT,PA,_Z,_Z,_Z,_Z,N,2017-05,3.75,A,0,2,
OECD.SDD.STES:DSD_STES@DF_FINMARK(4.0),ROU,M,IRLT,PA,_Z,_Z,_Z,_Z,N,2017-06,3.67,A,0,2,
OECD.SDD.STES:DSD_STES@DF_FINMARK(4.0),ROU,M,IRLT,PA,_Z,_Z,_Z,_Z,N,2017-07,3.84,A,0,2,
OECD.SDD.STES:DSD_STES@DF_FINMARK(4.0),ROU,M,IRLT,PA,_Z,_Z,_Z,_Z,N,2017-08,3.86,A,0,2,
OECD.SDD.STES:DSD_STES@DF_FINMARK(4.0),ROU,M,IRLT,PA,_Z,_Z,_Z,_Z,N,2017-09,3.89,A,0,2,
OECD.SDD.STES:DSD_STES@DF_FINMARK(4.0),ROU,M,IRLT,PA,_Z,_Z,_Z,_Z,N,2017-10,4.17,A,0,2,
OECD.SDD.STES:DSD_STES@DF_FINMARK(4.0),ROU,M,IRLT,PA,_Z,_Z,_Z,_Z,N,2017-11,4.43,A,0,2,
OECD.SDD.STES:DSD_STES@DF_FINMARK(4.0),ROU,M,IRLT,PA,_Z,_Z,_Z,_Z,N,2017-12,4.4,A,0,2,
OECD.SDD.STES:DSD_STES@DF_FINMARK(4.0),ROU,M,IRLT,PA,_Z,_Z,_Z,_Z,N,2018-01,4.24,A,0,2,
OECD.SDD.STES:DSD_STES@DF_FINMARK(4.0),ROU,M,IRLT,PA,_Z,_Z,_Z,_Z,N,2018-02,4.49,A,0,2,
OECD.SDD.STES:DSD_STES@DF_FINMARK(4.0),ROU,M,IRLT,PA,_Z,_Z,_Z,_Z,N,2018-03,4.53,A,0,2,
OECD.SDD.STES:DSD_STES@DF_FINMARK(4.0),ROU,M,IRLT,PA,_Z,_Z,_Z,_Z,N,2018-04,4.46,A,0,2,
OECD.SDD.STES:DSD_STES@DF_FINMARK(4.0),ROU,M,IRLT,PA,_Z,_Z,_Z,_Z,N,2018-05,4.69,A,0,2,
OECD.SDD.STES:DSD_STES@DF_FINMARK(4.0),ROU,M,IRLT,PA,_Z,_Z,_Z,_Z,N,2018-06,4.95,A,0,2,
OECD.SDD.STES:DSD_STES@DF_FINMARK(4.0),ROU,M,IRLT,PA,_Z,_Z,_Z,_Z,N,2018-07,5.05,A,0,2,
OECD.SDD.STES:DSD_STES@DF_FINMARK(4.0),ROU,M,IRLT,PA,_Z,_Z,_Z,_Z,N,2018-08,4.8,A,0,2,
OECD.SDD.STES:DSD_STES@DF_FINMARK(4.0),ROU,M,IRLT,PA,_Z,_Z,_Z,_Z,N,2018-09,4.75,A,0,2,
OECD.SDD.STES:DSD_STES@DF_FINMARK(4.0),ROU,M,IRLT,PA,_Z,_Z,_Z,_Z,N,2018-10,4.9,A,0,2,
OECD.SDD.STES:DSD_STES@DF_FINMARK(4.0),ROU,M,IRLT,PA,_Z,_Z,_Z,_Z,N,2018-11,4.78,A,0,2,
OECD.SDD.STES:DSD_STES@DF_FINMARK(4.0),ROU,M,IRLT,PA,_Z,_Z,_Z,_Z,N,2018-12,4.6,A,0,2,
OECD.SDD.STES:DSD_STES@DF_FINMARK(4.0),ROU,M,IRLT,PA,_Z,_Z,_Z,_Z,N,2019-01,4.69,A,0,2,
OECD.SDD.STES:DSD_STES@DF_FINMARK(4.0),ROU,M,IRLT,PA,_Z,_Z,_Z,_Z,N,2019-02,4.79,A,0,2,
OECD.SDD.STES:DSD_STES@DF_FINMARK(4.0),ROU,M,IRLT,PA,_Z,_Z,_Z,_Z,N,2019-03,4.8,A,0,2,
OECD.SDD.STES:DSD_STES@DF_FINMARK(4.0),ROU,M,IRLT,PA,_Z,_Z,_Z,_Z,N,2019-04,4.91,A,0,2,
OECD.SDD.STES:DSD_STES@DF_FINMARK(4.0),ROU,M,IRLT,PA,_Z,_Z,_Z,_Z,N,2019-05,4.93,A,0,2,
OECD.SDD.STES:DSD_STES@DF_FINMARK(4.0),ROU,M,IRLT,PA,_Z,_Z,_Z,_Z,N,2019-06,4.59,A,0,2,
OECD.SDD.STES:DSD_STES@DF_FINMARK(4.0),ROU,M,IRLT,PA,_Z,_Z,_Z,_Z,N,2019-07,4.51,A,0,2,
OECD.SDD.STES:DSD_STES@DF_FINMARK(4.0),ROU,M,IRLT,PA,_Z,_Z,_Z,_Z,N,2019-08,4.12,A,0,2,
OECD.SDD.STES:DSD_STES@DF_FINMARK(4.0),ROU,M,IRLT,PA,_Z,_Z,_Z,_Z,N,2019-09,4.12,A,0,2,
OECD.SDD.STES:DSD_STES@DF_FINMARK(4.0),ROU,M,IRLT,PA,_Z,_Z,_Z,_Z,N,2019-10,4.12,A,0,2,
OECD.SDD.STES:DSD_STES@DF_FINMARK(4.0),ROU,M,IRLT,PA,_Z,_Z,_Z,_Z,N,2019-11,4.32,A,0,2,
OECD.SDD.STES:DSD_STES@DF_FINMARK(4.0),ROU,M,IRLT,PA,_Z,_Z,_Z,_Z,N,2019-12,4.57,A,0,2,
OECD.SDD.STES:DSD_STES@DF_FINMARK(4.0),ROU,M,IRLT,PA,_Z,_Z,_Z,_Z,N,2020-01,4.28,A,0,2,
OECD.SDD.STES:DSD_STES@DF_FINMARK(4.0),ROU,M,IRLT,PA,_Z,_Z,_Z,_Z,N,2020-02,4.04,A,0,2,
OECD.SDD.STES:DSD_STES@DF_FINMARK(4.0),ROU,M,IRLT,PA,_Z,_Z,_Z,_Z,N,2020-03,4.56,A,0,2,
OECD.SDD.STES:DSD_STES@DF_FINMARK(4.0),ROU,M,IRLT,PA,_Z,_Z,_Z,_Z,N,2020-04,4.83,A,0,2,
OECD.SDD.STES:DSD_STES@DF_FINMARK(4.0),ROU,M,IRLT,PA,_Z,_Z,_Z,_Z,N,2020-05,4.54,A,0,2,
OECD.SDD.STES:DSD_STES@DF_FINMARK(4.0),ROU,M,IRLT,PA,_Z,_Z,_Z,_Z,N,2020-06,3.89,A,0,2,
OECD.SDD.STES:DSD_STES@DF_FINMARK(4.0),ROU,M,IRLT,PA,_Z,_Z,_Z,_Z,N,2020-07,3.94,A,0,2,
OECD.SDD.STES:DSD_STES@DF_FINMARK(4.0),ROU,M,IRLT,PA,_Z,_Z,_Z,_Z,N,2020-08,3.88,A,0,2,
OECD.SDD.STES:DSD_STES@DF_FINMARK(4.0),ROU,M,IRLT,PA,_Z,_Z,_Z,_Z,N,2020-09,3.49,A,0,2,
OECD.SDD.STES:DSD_STES@DF_FINMARK(4.0),ROU,M,IRLT,PA,_Z,_Z,_Z,_Z,N,2020-10,3.29,A,0,2,
OECD.SDD.STES:DSD_STES@DF_FINMARK(4.0),ROU,M,IRLT,PA,_Z,_Z,_Z,_Z,N,2020-11,3.04,A,0,2,
OECD.SDD.STES:DSD_STES@DF_FINMARK(4.0),ROU,M,IRLT,PA,_Z,_Z,_Z,_Z,N,2020-12,2.94,A,0,2,
OECD.SDD.STES:DSD_STES@DF_FINMARK(4.0),ROU,M,IRLT,PA,_Z,_Z,_Z,_Z,N,2021-01,2.72,A,0,2,
OECD.SDD.STES:DSD_STES@DF_FINMARK(4.0),ROU,M,IRLT,PA,_Z,_Z,_Z,_Z,N,2021-02,2.65,A,0,2,
OECD.SDD.STES:DSD_STES@DF_FINMARK(4.0),ROU,M,IRLT,PA,_Z,_Z,_Z,_Z,N,2021-03,2.96,A,0,2,
OECD.SDD.STES:DSD_STES@DF_FINMARK(4.0),ROU,M,IRLT,PA,_Z,_Z,_Z,_Z,N,2021-04,2.84,A,0,2,
OECD.SDD.STES:DSD_STES@DF_FINMARK(4.0),ROU,M,IRLT,PA,_Z,_Z,_Z,_Z,N,2021-05,3.03,A,0,2,
OECD.SDD.STES:DSD_STES@DF_FINMARK(4.0),ROU,M,IRLT,PA,_Z,_Z,_Z,_Z,N,2021-06,3.11,A,0,2,
OECD.SDD.STES:DSD_STES@DF_FINMARK(4.0),ROU,M,IRLT,PA,_Z,_Z,_Z,_Z,N,2021-07,3.24,A,0,2,
OECD.SDD.STES:DSD_STES@DF_FINMARK(4.0),ROU,M,IRLT,PA,_Z,_Z,_Z,_Z,N,2021-08,3.72,A,0,2,
OECD.SDD.STES:DSD_STES@DF_FINMARK(4.0),ROU,M,IRLT,PA,_Z,_Z,_Z,_Z,N,2021-09,4,A,0,2,
OECD.SDD.STES:DSD_STES@DF_FINMARK(4.0),ROU,M,IRLT,PA,_Z,_Z,_Z,_Z,N,2021-10,4.75,A,0,2,
OECD.SDD.STES:DSD_STES@DF_FINMARK(4.0),ROU,M,IRLT,PA,_Z,_Z,_Z,_Z,N,2021-11,5.11,A,0,2,
OECD.SDD.STES:DSD_STES@DF_FINMARK(4.0),ROU,M,IRLT,PA,_Z,_Z,_Z,_Z,N,2021-12,5.37,A,0,2,
OECD.SDD.STES:DSD_STES@DF_FINMARK(4.0),ROU,M,IRLT,PA,_Z,_Z,_Z,_Z,N,2022-01,5.37,A,0,2,
OECD.SDD.STES:DSD_STES@DF_FINMARK(4.0),ROU,M,IRLT,PA,_Z,_Z,_Z,_Z,N,2022-02,5.6,A,0,2,
OECD.SDD.STES:DSD_STES@DF_FINMARK(4.0),ROU,M,IRLT,PA,_Z,_Z,_Z,_Z,N,2022-03,6.2,A,0,2,
OECD.SDD.STES:DSD_STES@DF_FINMARK(4.0),ROU,M,IRLT,PA,_Z,_Z,_Z,_Z,N,2022-04,6.61,A,0,2,
OECD.SDD.STES:DSD_STES@DF_FINMARK(4.0),ROU,M,IRLT,PA,_Z,_Z,_Z,_Z,N,2022-05,7.84,A,0,2,
OECD.SDD.STES:DSD_STES@DF_FINMARK(4.0),ROU,M,IRLT,PA,_Z,_Z,_Z,_Z,N,2022-06,8.74,A,0,2,
OECD.SDD.STES:DSD_STES@DF_FINMARK(4.0),ROU,M,IRLT,PA,_Z,_Z,_Z,_Z,N,2022-07,9.26,A,0,2,
OECD.SDD.STES:DSD_STES@DF_FINMARK(4.0),ROU,M,IRLT,PA,_Z,_Z,_Z,_Z,N,2022-08,8.14,A,0,2,
OECD.SDD.STES:DSD_STES@DF_FINMARK(4.0),ROU,M,IRLT,PA,_Z,_Z,_Z,_Z,N,2022-09,8.07,A,0,2,
OECD.SDD.STES:DSD_STES@DF_FINMARK(4.0),ROU,M,IRLT,PA,_Z,_Z,_Z,_Z,N,2022-10,9.13,A,0,2,
OECD.SDD.STES:DSD_STES@DF_FINMARK(4.0),ROU,M,IRLT,PA,_Z,_Z,_Z,_Z,N,2022-11,7.65,A,0,2,
OECD.SDD.STES:DSD_STES@DF_FINMARK(4.0),ROU,M,IRLT,PA,_Z,_Z,_Z,_Z,N,2022-12,7.17,A,0,2,
OECD.SDD.STES:DSD_STES@DF_FINMARK(4.0),ROU,M,IRLT,PA,_Z,_Z,_Z,_Z,N,2023-01,6.8,A,0,2,
OECD.SDD.STES:DSD_STES@DF_FINMARK(4.0),ROU,M,IRLT,PA,_Z,_Z,_Z,_Z,N,2023-02,7.46,A,0,2,
OECD.SDD.STES:DSD_STES@DF_FINMARK(4.0),ROU,M,IRLT,PA,_Z,_Z,_Z,_Z,N,2023-03,7.1,A,0,2,
OECD.SDD.STES:DSD_STES@DF_FINMARK(4.0),ROU,M,IRLT,PA,_Z,_Z,_Z,_Z,N,2023-04,7,A,0,2,
OECD.SDD.STES:DSD_STES@DF_FINMARK(4.0),ROU,M,IRLT,PA,_Z,_Z,_Z,_Z,N,2023-05,6.3,A,0,2,
OECD.SDD.STES:DSD_STES@DF_FINMARK(4.0),ROU,M,IRLT,PA,_Z,_Z,_Z,_Z,N,2023-06,6.11,A,0,2,
OECD.SDD.STES:DSD_STES@DF_FINMARK(4.0),ROU,M,IRLT,PA,_Z,_Z,_Z,_Z,N,2023-07,6.2,A,0,2,
OECD.SDD.STES:DSD_STES@DF_FINMARK(4.0),ROU,M,IRLT,PA,_Z,_Z,_Z,_Z,N,2023-08,6.34,A,0,2,
OECD.SDD.STES:DSD_STES@DF_FINMARK(4.0),ROU,M,IRLT,PA,_Z,_Z,_Z,_Z,N,2023-09,7.48,A,0,2,
OECD.SDD.STES:DSD_STES@DF_FINMARK(4.0),ROU,M,IRLT,PA,_Z,_Z,_Z,_Z,N,2023-10,6.81,A,0,2,
OECD.SDD.STES:DSD_STES@DF_FINMARK(4.0),ROU,M,IRLT,PA,_Z,_Z,_Z,_Z,N,2023-11,6.75,A,0,2,
OECD.SDD.STES:DSD_STES@DF_FINMARK(4.0),ROU,M,IRLT,PA,_Z,_Z,_Z,_Z,N,2023-12,6.19,A,0,2,
OECD.SDD.STES:DSD_STES@DF_FINMARK(4.0),ROU,M,IRLT,PA,_Z,_Z,_Z,_Z,N,2024-01,6.14,A,0,2,
OECD.SDD.STES:DSD_STES@DF_FINMARK(4.0),ROU,M,IRLT,PA,_Z,_Z,_Z,_Z,N,2024-02,6.06,A,0,2,
OECD.SDD.STES:DSD_STES@DF_FINMARK(4.0),ROU,M,IRLT,PA,_Z,_Z,_Z,_Z,N,2024-03,5.96,A,0,2,
OECD.SDD.STES:DSD_STES@DF_FINMARK(4.0),ROU,M,IRLT,PA,_Z,_Z,_Z,_Z,N,2024-04,6.25,A,0,2,
OECD.SDD.STES:DSD_STES@DF_FINMARK(4.0),ROU,M,IRLT,PA,_Z,_Z,_Z,_Z,N,2024-05,6.29,A,0,2,
OECD.SDD.STES:DSD_STES@DF_FINMARK(4.0),ROU,M,IRLT,PA,_Z,_Z,_Z,_Z,N,2024-06,5.99,A,0,2,
OECD.SDD.STES:DSD_STES@DF_FINMARK(4.0),ROU,M,IRLT,PA,_Z,_Z,_Z,_Z,N,2024-07,6.5,A,0,2,
OECD.SDD.STES:DSD_STES@DF_FINMARK(4.0),ROU,M,IRLT,PA,_Z,_Z,_Z,_Z,N,2024-08,6.42,A,0,2,
OECD.SDD.STES:DSD_STES@DF_FINMARK(4.0),ROU,M,IRLT,PA,_Z,_Z,_Z,_Z,N,2024-09,6.42,A,0,2,
OECD.SDD.STES:DSD_STES@DF_FINMARK(4.0),ROU,M,IRLT,PA,_Z,_Z,_Z,_Z,N,2024-10,6.36,A,0,2,
OECD.SDD.STES:DSD_STES@DF_FINMARK(4.0),ROU,M,IRLT,PA,_Z,_Z,_Z,_Z,N,2024-11,6.6,A,0,2,
OECD.SDD.STES:DSD_STES@DF_FINMARK(4.0),ROU,M,IRLT,PA,_Z,_Z,_Z,_Z,N,2024-12,6.81,A,0,2,
OECD.SDD.STES:DSD_STES@DF_FINMARK(4.0),ROU,M,IRLT,PA,_Z,_Z,_Z,_Z,N,2025-01,7.07,A,0,2,
OECD.SDD.STES:DSD_STES@DF_FINMARK(4.0),ROU,M,IRLT,PA,_Z,_Z,_Z,_Z,N,2025-02,6.83,A,0,2,
OECD.SDD.STES:DSD_STES@DF_FINMARK(4.0),ROU,M,IRLT,PA,_Z,_Z,_Z,_Z,N,2025-03,6.33,A,0,2,
OECD.SDD.STES:DSD_STES@DF_FINMARK(4.0),ROU,M,IRLT,PA,_Z,_Z,_Z,_Z,N,2025-04,6.63,A,0,2,
OECD.SDD.STES:DSD_STES@DF_FINMARK(4.0),ROU,M,IRLT,PA,_Z,_Z,_Z,_Z,N,2025-05,6.83,A,0,2,
OECD.SDD.STES:DSD_STES@DF_FINMARK(4.0),ROU,M,IRLT,PA,_Z,_Z,_Z,_Z,N,2025-06,7.37,A,0,2,
OECD.SDD.STES:DSD_STES@DF_FINMARK(4.0),ROU,M,IRLT,PA,_Z,_Z,_Z,_Z,N,2025-07,7.13,A,0,2,
OECD.SDD.STES:DSD_STES@DF_FINMARK(4.0),ROU,M,IRLT,PA,_Z,_Z,_Z,_Z,N,2025-08,7.17,A,0,2,
OECD.SDD.STES:DSD_STES@DF_FINMARK(4.0),ROU,M,IRLT,PA,_Z,_Z,_Z,_Z,N,2025-09,7.29,A,0,2,
OECD.SDD.STES:DSD_STES@DF_FINMARK(4.0),ROU,M,IRLT,PA,_Z,_Z,_Z,_Z,N,2025-10,7.07,A,0,2,
OECD.SDD.STES:DSD_STES@DF_FINMARK(4.0),ROU,M,IRLT,PA,_Z,_Z,_Z,_Z,N,2025-11,6.82,A,0,2,
OECD.SDD.STES:DSD_STES@DF_FINMARK(4.0),ROU,M,IRLT,PA,_Z,_Z,_Z,_Z,N,2025-12,6.72,A,0,2,
OECD.SDD.STES:DSD_STES@DF_FINMARK(4.0),ROU,M,IRLT,PA,_Z,_Z,_Z,_Z,N,2026-01,6.59,A,0,2,
OECD.SDD.STES:DSD_STES@DF_FINMARK(4.0),ROU,M,IRLT,PA,_Z,_Z,_Z,_Z,N,2026-02,5.99,A,0,2,
OECD.SDD.STES:DSD_STES@DF_FINMARK(4.0),ROU,M,IRLT,PA,_Z,_Z,_Z,_Z,N,2026-03,6.33,A,0,2,
OECD.SDD.STES:DSD_STES@DF_FINMARK(4.0),ROU,M,IRLT,PA,_Z,_Z,_Z,_Z,N,2026-04,6.15,A,0,2,
OECD.SDD.STES:DSD_STES@DF_FINMARK(4.0),ROU,M,IRLT,PA,_Z,_Z,_Z,_Z,N,2026-05,6.17,A,0,2,
OECD.SDD.STES:DSD_STES@DF_FINMARK(4.0),HRV,M,IRLT,PA,_Z,_Z,_Z,_Z,N,2015-01,3.32,A,0,2,
OECD.SDD.STES:DSD_STES@DF_FINMARK(4.0),HRV,M,IRLT,PA,_Z,_Z,_Z,_Z,N,2015-02,3.24,A,0,2,
OECD.SDD.STES:DSD_STES@DF_FINMARK(4.0),HRV,M,IRLT,PA,_Z,_Z,_Z,_Z,N,2015-03,3.08,A,0,2,
OECD.SDD.STES:DSD_STES@DF_FINMARK(4.0),HRV,M,IRLT,PA,_Z,_Z,_Z,_Z,N,2015-04,3.17,A,0,2,
OECD.SDD.STES:DSD_STES@DF_FINMARK(4.0),HRV,M,IRLT,PA,_Z,_Z,_Z,_Z,N,2015-05,2.98,A,0,2,
OECD.SDD.STES:DSD_STES@DF_FINMARK(4.0),HRV,M,IRLT,PA,_Z,_Z,_Z,_Z,N,2015-06,3.07,A,0,2,
OECD.SDD.STES:DSD_STES@DF_FINMARK(4.0),HRV,M,IRLT,PA,_Z,_Z,_Z,_Z,N,2015-07,3.94,A,0,2,
OECD.SDD.STES:DSD_STES@DF_FINMARK(4.0),HRV,M,IRLT,PA,_Z,_Z,_Z,_Z,N,2015-08,3.9,A,0,2,
OECD.SDD.STES:DSD_STES@DF_FINMARK(4.0),HRV,M,IRLT,PA,_Z,_Z,_Z,_Z,N,2015-09,3.91,A,0,2,
OECD.SDD.STES:DSD_STES@DF_FINMARK(4.0),HRV,M,IRLT,PA,_Z,_Z,_Z,_Z,N,2015-10,3.93,A,0,2,
OECD.SDD.STES:DSD_STES@DF_FINMARK(4.0),HRV,M,IRLT,PA,_Z,_Z,_Z,_Z,N,2015-11,3.86,A,0,2,
OECD.SDD.STES:DSD_STES@DF_FINMARK(4.0),HRV,M,IRLT,PA,_Z,_Z,_Z,_Z,N,2015-12,3.92,A,0,2,
OECD.SDD.STES:DSD_STES@DF_FINMARK(4.0),HRV,M,IRLT,PA,_Z,_Z,_Z,_Z,N,2016-01,3.84,A,0,2,
OECD.SDD.STES:DSD_STES@DF_FINMARK(4.0),HRV,M,IRLT,PA,_Z,_Z,_Z,_Z,N,2016-02,3.68,A,0,2,
OECD.SDD.STES:DSD_STES@DF_FINMARK(4.0),HRV,M,IRLT,PA,_Z,_Z,_Z,_Z,N,2016-03,3.66,A,0,2,
OECD.SDD.STES:DSD_STES@DF_FINMARK(4.0),HRV,M,IRLT,PA,_Z,_Z,_Z,_Z,N,2016-04,3.62,A,0,2,
OECD.SDD.STES:DSD_STES@DF_FINMARK(4.0),HRV,M,IRLT,PA,_Z,_Z,_Z,_Z,N,2016-05,3.52,A,0,2,
OECD.SDD.STES:DSD_STES@DF_FINMARK(4.0),HRV,M,IRLT,PA,_Z,_Z,_Z,_Z,N,2016-06,3.68,A,0,2,
OECD.SDD.STES:DSD_STES@DF_FINMARK(4.0),HRV,M,IRLT,PA,_Z,_Z,_Z,_Z,N,2016-07,3.75,A,0,2,
OECD.SDD.STES:DSD_STES@DF_FINMARK(4.0),HRV,M,IRLT,PA,_Z,_Z,_Z,_Z,N,2016-08,3.58,A,0,2,
OECD.SDD.STES:DSD_STES@DF_FINMARK(4.0),HRV,M,IRLT,PA,_Z,_Z,_Z,_Z,N,2016-09,3.34,A,0,2,
OECD.SDD.STES:DSD_STES@DF_FINMARK(4.0),HRV,M,IRLT,PA,_Z,_Z,_Z,_Z,N,2016-10,3.07,A,0,2,
OECD.SDD.STES:DSD_STES@DF_FINMARK(4.0),HRV,M,IRLT,PA,_Z,_Z,_Z,_Z,N,2016-11,3.01,A,0,2,
OECD.SDD.STES:DSD_STES@DF_FINMARK(4.0),HRV,M,IRLT,PA,_Z,_Z,_Z,_Z,N,2016-12,2.95,A,0,2,
OECD.SDD.STES:DSD_STES@DF_FINMARK(4.0),HRV,M,IRLT,PA,_Z,_Z,_Z,_Z,N,2017-01,2.8,A,0,2,
OECD.SDD.STES:DSD_STES@DF_FINMARK(4.0),HRV,M,IRLT,PA,_Z,_Z,_Z,_Z,N,2017-02,2.71,A,0,2,
OECD.SDD.STES:DSD_STES@DF_FINMARK(4.0),HRV,M,IRLT,PA,_Z,_Z,_Z,_Z,N,2017-03,2.74,A,0,2,
OECD.SDD.STES:DSD_STES@DF_FINMARK(4.0),HRV,M,IRLT,PA,_Z,_Z,_Z,_Z,N,2017-04,2.98,A,0,2,
OECD.SDD.STES:DSD_STES@DF_FINMARK(4.0),HRV,M,IRLT,PA,_Z,_Z,_Z,_Z,N,2017-05,3.01,A,0,2,
OECD.SDD.STES:DSD_STES@DF_FINMARK(4.0),HRV,M,IRLT,PA,_Z,_Z,_Z,_Z,N,2017-06,2.83,A,0,2,
OECD.SDD.STES:DSD_STES@DF_FINMARK(4.0),HRV,M,IRLT,PA,_Z,_Z,_Z,_Z,N,2017-07,2.78,A,0,2,
OECD.SDD.STES:DSD_STES@DF_FINMARK(4.0),HRV,M,IRLT,PA,_Z,_Z,_Z,_Z,N,2017-08,2.87,A,0,2,
OECD.SDD.STES:DSD_STES@DF_FINMARK(4.0),HRV,M,IRLT,PA,_Z,_Z,_Z,_Z,N,2017-09,2.71,A,0,2,
OECD.SDD.STES:DSD_STES@DF_FINMARK(4.0),HRV,M,IRLT,PA,_Z,_Z,_Z,_Z,N,2017-10,2.66,A,0,2,
OECD.SDD.STES:DSD_STES@DF_FINMARK(4.0),HRV,M,IRLT,PA,_Z,_Z,_Z,_Z,N,2017-11,2.65,A,0,2,
OECD.SDD.STES:DSD_STES@DF_FINMARK(4.0),HRV,M,IRLT,PA,_Z,_Z,_Z,_Z,N,2017-12,2.47,A,0,2,
OECD.SDD.STES:DSD_STES@DF_FINMARK(4.0),HRV,M,IRLT,PA,_Z,_Z,_Z,_Z,N,2018-01,2.35,A,0,2,
OECD.SDD.STES:DSD_STES@DF_FINMARK(4.0),HRV,M,IRLT,PA,_Z,_Z,_Z,_Z,N,2018-02,2.27,A,0,2,
OECD.SDD.STES:DSD_STES@DF_FINMARK(4.0),HRV,M,IRLT,PA,_Z,_Z,_Z,_Z,N,2018-03,2.19,A,0,2,
OECD.SDD.STES:DSD_STES@DF_FINMARK(4.0),HRV,M,IRLT,PA,_Z,_Z,_Z,_Z,N,2018-04,2.12,A,0,2,
OECD.SDD.STES:DSD_STES@DF_FINMARK(4.0),HRV,M,IRLT,PA,_Z,_Z,_Z,_Z,N,2018-05,2.16,A,0,2,
OECD.SDD.STES:DSD_STES@DF_FINMARK(4.0),HRV,M,IRLT,PA,_Z,_Z,_Z,_Z,N,2018-06,2.2,A,0,2,
OECD.SDD.STES:DSD_STES@DF_FINMARK(4.0),HRV,M,IRLT,PA,_Z,_Z,_Z,_Z,N,2018-07,2.26,A,0,2,
OECD.SDD.STES:DSD_STES@DF_FINMARK(4.0),HRV,M,IRLT,PA,_Z,_Z,_Z,_Z,N,2018-08,2.18,A,0,2,
OECD.SDD.STES:DSD_STES@DF_FINMARK(4.0),HRV,M,IRLT,PA,_Z,_Z,_Z,_Z,N,2018-09,2.14,A,0,2,
OECD.SDD.STES:DSD_STES@DF_FINMARK(4.0),HRV,M,IRLT,PA,_Z,_Z,_Z,_Z,N,2018-10,2.09,A,0,2,
OECD.SDD.STES:DSD_STES@DF_FINMARK(4.0),HRV,M,IRLT,PA,_Z,_Z,_Z,_Z,N,2018-11,2.07,A,0,2,
OECD.SDD.STES:DSD_STES@DF_FINMARK(4.0),HRV,M,IRLT,PA,_Z,_Z,_Z,_Z,N,2018-12,2.04,A,0,2,
OECD.SDD.STES:DSD_STES@DF_FINMARK(4.0),HRV,M,IRLT,PA,_Z,_Z,_Z,_Z,N,2019-01,2.23,A,0,2,
OECD.SDD.STES:DSD_STES@DF_FINMARK(4.0),HRV,M,IRLT,PA,_Z,_Z,_Z,_Z,N,2019-02,2.31,A,0,2,
OECD.SDD.STES:DSD_STES@DF_FINMARK(4.0),HRV,M,IRLT,PA,_Z,_Z,_Z,_Z,N,2019-03,2.07,A,0,2,
OECD.SDD.STES:DSD_STES@DF_FINMARK(4.0),HRV,M,IRLT,PA,_Z,_Z,_Z,_Z,N,2019-04,1.82,A,0,2,
OECD.SDD.STES:DSD_STES@DF_FINMARK(4.0),HRV,M,IRLT,PA,_Z,_Z,_Z,_Z,N,2019-05,1.69,A,0,2,
OECD.SDD.STES:DSD_STES@DF_FINMARK(4.0),HRV,M,IRLT,PA,_Z,_Z,_Z,_Z,N,2019-06,1.36,A,0,2,
OECD.SDD.STES:DSD_STES@DF_FINMARK(4.0),HRV,M,IRLT,PA,_Z,_Z,_Z,_Z,N,2019-07,1.06,A,0,2,
OECD.SDD.STES:DSD_STES@DF_FINMARK(4.0),HRV,M,IRLT,PA,_Z,_Z,_Z,_Z,N,2019-08,0.83,A,0,2,
OECD.SDD.STES:DSD_STES@DF_FINMARK(4.0),HRV,M,IRLT,PA,_Z,_Z,_Z,_Z,N,2019-09,0.49,A,0,2,
OECD.SDD.STES:DSD_STES@DF_FINMARK(4.0),HRV,M,IRLT,PA,_Z,_Z,_Z,_Z,N,2019-10,0.47,A,0,2,
OECD.SDD.STES:DSD_STES@DF_FINMARK(4.0),HRV,M,IRLT,PA,_Z,_Z,_Z,_Z,N,2019-11,0.53,A,0,2,
OECD.SDD.STES:DSD_STES@DF_FINMARK(4.0),HRV,M,IRLT,PA,_Z,_Z,_Z,_Z,N,2019-12,0.59,A,0,2,
OECD.SDD.STES:DSD_STES@DF_FINMARK(4.0),HRV,M,IRLT,PA,_Z,_Z,_Z,_Z,N,2020-01,0.61,A,0,2,
OECD.SDD.STES:DSD_STES@DF_FINMARK(4.0),HRV,M,IRLT,PA,_Z,_Z,_Z,_Z,N,2020-02,0.57,A,0,2,
OECD.SDD.STES:DSD_STES@DF_FINMARK(4.0),HRV,M,IRLT,PA,_Z,_Z,_Z,_Z,N,2020-03,0.96,A,0,2,
OECD.SDD.STES:DSD_STES@DF_FINMARK(4.0),HRV,M,IRLT,PA,_Z,_Z,_Z,_Z,N,2020-04,1.24,A,0,2,
OECD.SDD.STES:DSD_STES@DF_FINMARK(4.0),HRV,M,IRLT,PA,_Z,_Z,_Z,_Z,N,2020-05,0.91,A,0,2,
OECD.SDD.STES:DSD_STES@DF_FINMARK(4.0),HRV,M,IRLT,PA,_Z,_Z,_Z,_Z,N,2020-06,0.96,A,0,2,
OECD.SDD.STES:DSD_STES@DF_FINMARK(4.0),HRV,M,IRLT,PA,_Z,_Z,_Z,_Z,N,2020-07,0.97,A,0,2,
OECD.SDD.STES:DSD_STES@DF_FINMARK(4.0),HRV,M,IRLT,PA,_Z,_Z,_Z,_Z,N,2020-08,0.85,A,0,2,
OECD.SDD.STES:DSD_STES@DF_FINMARK(4.0),HRV,M,IRLT,PA,_Z,_Z,_Z,_Z,N,2020-09,0.79,A,0,2,
OECD.SDD.STES:DSD_STES@DF_FINMARK(4.0),HRV,M,IRLT,PA,_Z,_Z,_Z,_Z,N,2020-10,0.78,A,0,2,
OECD.SDD.STES:DSD_STES@DF_FINMARK(4.0),HRV,M,IRLT,PA,_Z,_Z,_Z,_Z,N,2020-11,0.73,A,0,2,
OECD.SDD.STES:DSD_STES@DF_FINMARK(4.0),HRV,M,IRLT,PA,_Z,_Z,_Z,_Z,N,2020-12,0.63,A,0,2,
OECD.SDD.STES:DSD_STES@DF_FINMARK(4.0),HRV,M,IRLT,PA,_Z,_Z,_Z,_Z,N,2021-01,0.58,A,0,2,
OECD.SDD.STES:DSD_STES@DF_FINMARK(4.0),HRV,M,IRLT,PA,_Z,_Z,_Z,_Z,N,2021-02,0.52,A,0,2,
OECD.SDD.STES:DSD_STES@DF_FINMARK(4.0),HRV,M,IRLT,PA,_Z,_Z,_Z,_Z,N,2021-03,0.51,A,0,2,
OECD.SDD.STES:DSD_STES@DF_FINMARK(4.0),HRV,M,IRLT,PA,_Z,_Z,_Z,_Z,N,2021-04,0.5,A,0,2,
OECD.SDD.STES:DSD_STES@DF_FINMARK(4.0),HRV,M,IRLT,PA,_Z,_Z,_Z,_Z,N,2021-05,0.5,A,0,2,
OECD.SDD.STES:DSD_STES@DF_FINMARK(4.0),HRV,M,IRLT,PA,_Z,_Z,_Z,_Z,N,2021-06,0.49,A,0,2,
OECD.SDD.STES:DSD_STES@DF_FINMARK(4.0),HRV,M,IRLT,PA,_Z,_Z,_Z,_Z,N,2021-07,0.45,A,0,2,
OECD.SDD.STES:DSD_STES@DF_FINMARK(4.0),HRV,M,IRLT,PA,_Z,_Z,_Z,_Z,N,2021-08,0.43,A,0,2,
OECD.SDD.STES:DSD_STES@DF_FINMARK(4.0),HRV,M,IRLT,PA,_Z,_Z,_Z,_Z,N,2021-09,0.37,A,0,2,
OECD.SDD.STES:DSD_STES@DF_FINMARK(4.0),HRV,M,IRLT,PA,_Z,_Z,_Z,_Z,N,2021-10,0.32,A,0,2,
OECD.SDD.STES:DSD_STES@DF_FINMARK(4.0),HRV,M,IRLT,PA,_Z,_Z,_Z,_Z,N,2021-11,0.32,A,0,2,
OECD.SDD.STES:DSD_STES@DF_FINMARK(4.0),HRV,M,IRLT,PA,_Z,_Z,_Z,_Z,N,2021-12,0.38,A,0,2,
OECD.SDD.STES:DSD_STES@DF_FINMARK(4.0),HRV,M,IRLT,PA,_Z,_Z,_Z,_Z,N,2022-01,0.7,A,0,2,
OECD.SDD.STES:DSD_STES@DF_FINMARK(4.0),HRV,M,IRLT,PA,_Z,_Z,_Z,_Z,N,2022-02,1.23,A,0,2,
OECD.SDD.STES:DSD_STES@DF_FINMARK(4.0),HRV,M,IRLT,PA,_Z,_Z,_Z,_Z,N,2022-03,2.08,A,0,2,
OECD.SDD.STES:DSD_STES@DF_FINMARK(4.0),HRV,M,IRLT,PA,_Z,_Z,_Z,_Z,N,2022-04,2.44,A,0,2,
OECD.SDD.STES:DSD_STES@DF_FINMARK(4.0),HRV,M,IRLT,PA,_Z,_Z,_Z,_Z,N,2022-05,2.96,A,0,2,
OECD.SDD.STES:DSD_STES@DF_FINMARK(4.0),HRV,M,IRLT,PA,_Z,_Z,_Z,_Z,N,2022-06,3.02,A,0,2,
OECD.SDD.STES:DSD_STES@DF_FINMARK(4.0),HRV,M,IRLT,PA,_Z,_Z,_Z,_Z,N,2022-07,3.31,A,0,2,
OECD.SDD.STES:DSD_STES@DF_FINMARK(4.0),HRV,M,IRLT,PA,_Z,_Z,_Z,_Z,N,2022-08,2.48,A,0,2,
OECD.SDD.STES:DSD_STES@DF_FINMARK(4.0),HRV,M,IRLT,PA,_Z,_Z,_Z,_Z,N,2022-09,3.18,A,0,2,
OECD.SDD.STES:DSD_STES@DF_FINMARK(4.0),HRV,M,IRLT,PA,_Z,_Z,_Z,_Z,N,2022-10,4.02,A,0,2,
OECD.SDD.STES:DSD_STES@DF_FINMARK(4.0),HRV,M,IRLT,PA,_Z,_Z,_Z,_Z,N,2022-11,3.57,A,0,2,
OECD.SDD.STES:DSD_STES@DF_FINMARK(4.0),HRV,M,IRLT,PA,_Z,_Z,_Z,_Z,N,2022-12,3.36,A,0,2,
OECD.SDD.STES:DSD_STES@DF_FINMARK(4.0),HRV,M,IRLT,PA,_Z,_Z,_Z,_Z,N,2023-01,3.65,A,0,2,
OECD.SDD.STES:DSD_STES@DF_FINMARK(4.0),HRV,M,IRLT,PA,_Z,_Z,_Z,_Z,N,2023-02,3.76,A,0,2,
OECD.SDD.STES:DSD_STES@DF_FINMARK(4.0),HRV,M,IRLT,PA,_Z,_Z,_Z,_Z,N,2023-03,3.86,A,0,2,
OECD.SDD.STES:DSD_STES@DF_FINMARK(4.0),HRV,M,IRLT,PA,_Z,_Z,_Z,_Z,N,2023-04,3.72,A,0,2,
OECD.SDD.STES:DSD_STES@DF_FINMARK(4.0),HRV,M,IRLT,PA,_Z,_Z,_Z,_Z,N,2023-05,3.71,A,0,2,
OECD.SDD.STES:DSD_STES@DF_FINMARK(4.0),HRV,M,IRLT,PA,_Z,_Z,_Z,_Z,N,2023-06,3.73,A,0,2,
OECD.SDD.STES:DSD_STES@DF_FINMARK(4.0),HRV,M,IRLT,PA,_Z,_Z,_Z,_Z,N,2023-07,3.74,A,0,2,
OECD.SDD.STES:DSD_STES@DF_FINMARK(4.0),HRV,M,IRLT,PA,_Z,_Z,_Z,_Z,N,2023-08,3.93,A,0,2,
OECD.SDD.STES:DSD_STES@DF_FINMARK(4.0),HRV,M,IRLT,PA,_Z,_Z,_Z,_Z,N,2023-09,3.95,A,0,2,
OECD.SDD.STES:DSD_STES@DF_FINMARK(4.0),HRV,M,IRLT,PA,_Z,_Z,_Z,_Z,N,2023-10,4.18,A,0,2,
OECD.SDD.STES:DSD_STES@DF_FINMARK(4.0),HRV,M,IRLT,PA,_Z,_Z,_Z,_Z,N,2023-11,3.93,A,0,2,
OECD.SDD.STES:DSD_STES@DF_FINMARK(4.0),HRV,M,IRLT,PA,_Z,_Z,_Z,_Z,N,2023-12,3.39,A,0,2,
OECD.SDD.STES:DSD_STES@DF_FINMARK(4.0),HRV,M,IRLT,PA,_Z,_Z,_Z,_Z,N,2024-01,3.29,A,0,2,
OECD.SDD.STES:DSD_STES@DF_FINMARK(4.0),HRV,M,IRLT,PA,_Z,_Z,_Z,_Z,N,2024-02,3.3,A,0,2,
OECD.SDD.STES:DSD_STES@DF_FINMARK(4.0),HRV,M,IRLT,PA,_Z,_Z,_Z,_Z,N,2024-03,3.29,A,0,2,
OECD.SDD.STES:DSD_STES@DF_FINMARK(4.0),HRV,M,IRLT,PA,_Z,_Z,_Z,_Z,N,2024-04,3.34,A,0,2,
OECD.SDD.STES:DSD_STES@DF_FINMARK(4.0),HRV,M,IRLT,PA,_Z,_Z,_Z,_Z,N,2024-05,3.41,A,0,2,
OECD.SDD.STES:DSD_STES@DF_FINMARK(4.0),HRV,M,IRLT,PA,_Z,_Z,_Z,_Z,N,2024-06,3.38,A,0,2,
OECD.SDD.STES:DSD_STES@DF_FINMARK(4.0),HRV,M,IRLT,PA,_Z,_Z,_Z,_Z,N,2024-07,3.37,A,0,2,
OECD.SDD.STES:DSD_STES@DF_FINMARK(4.0),HRV,M,IRLT,PA,_Z,_Z,_Z,_Z,N,2024-08,3.4,A,0,2,
OECD.SDD.STES:DSD_STES@DF_FINMARK(4.0),HRV,M,IRLT,PA,_Z,_Z,_Z,_Z,N,2024-09,3.33,A,0,2,
OECD.SDD.STES:DSD_STES@DF_FINMARK(4.0),HRV,M,IRLT,PA,_Z,_Z,_Z,_Z,N,2024-10,3.32,A,0,2,
OECD.SDD.STES:DSD_STES@DF_FINMARK(4.0),HRV,M,IRLT,PA,_Z,_Z,_Z,_Z,N,2024-11,3.2,A,0,2,
OECD.SDD.STES:DSD_STES@DF_FINMARK(4.0),HRV,M,IRLT,PA,_Z,_Z,_Z,_Z,N,2024-12,3.09,A,0,2,
OECD.SDD.STES:DSD_STES@DF_FINMARK(4.0),HRV,M,IRLT,PA,_Z,_Z,_Z,_Z,N,2025-01,2.98,A,0,2,
OECD.SDD.STES:DSD_STES@DF_FINMARK(4.0),HRV,M,IRLT,PA,_Z,_Z,_Z,_Z,N,2025-02,2.99,A,0,2,
OECD.SDD.STES:DSD_STES@DF_FINMARK(4.0),HRV,M,IRLT,PA,_Z,_Z,_Z,_Z,N,2025-03,3.05,A,0,2,
OECD.SDD.STES:DSD_STES@DF_FINMARK(4.0),HRV,M,IRLT,PA,_Z,_Z,_Z,_Z,N,2025-04,3.05,A,0,2,
OECD.SDD.STES:DSD_STES@DF_FINMARK(4.0),HRV,M,IRLT,PA,_Z,_Z,_Z,_Z,N,2025-05,3.04,A,0,2,
OECD.SDD.STES:DSD_STES@DF_FINMARK(4.0),HRV,M,IRLT,PA,_Z,_Z,_Z,_Z,N,2025-06,3.04,A,0,2,
OECD.SDD.STES:DSD_STES@DF_FINMARK(4.0),HRV,M,IRLT,PA,_Z,_Z,_Z,_Z,N,2025-07,3.05,A,0,2,
OECD.SDD.STES:DSD_STES@DF_FINMARK(4.0),HRV,M,IRLT,PA,_Z,_Z,_Z,_Z,N,2025-08,2.98,A,0,2,
OECD.SDD.STES:DSD_STES@DF_FINMARK(4.0),HRV,M,IRLT,PA,_Z,_Z,_Z,_Z,N,2025-09,2.88,A,0,2,
OECD.SDD.STES:DSD_STES@DF_FINMARK(4.0),HRV,M,IRLT,PA,_Z,_Z,_Z,_Z,N,2025-10,2.92,A,0,2,
OECD.SDD.STES:DSD_STES@DF_FINMARK(4.0),HRV,M,IRLT,PA,_Z,_Z,_Z,_Z,N,2025-11,2.94,A,0,2,
OECD.SDD.STES:DSD_STES@DF_FINMARK(4.0),HRV,M,IRLT,PA,_Z,_Z,_Z,_Z,N,2025-12,3.14,A,0,2,
OECD.SDD.STES:DSD_STES@DF_FINMARK(4.0),HRV,M,IRLT,PA,_Z,_Z,_Z,_Z,N,2026-01,2.94,A,0,2,
OECD.SDD.STES:DSD_STES@DF_FINMARK(4.0),HRV,M,IRLT,PA,_Z,_Z,_Z,_Z,N,2026-02,3.09,A,0,2,
OECD.SDD.STES:DSD_STES@DF_FINMARK(4.0),HRV,M,IRLT,PA,_Z,_Z,_Z,_Z,N,2026-03,3.19,A,0,2,
OECD.SDD.STES:DSD_STES@DF_FINMARK(4.0),HRV,M,IRLT,PA,_Z,_Z,_Z,_Z,N,2026-04,3.55,A,0,2,
OECD.SDD.STES:DSD_STES@DF_FINMARK(4.0),HRV,M,IRLT,PA,_Z,_Z,_Z,_Z,N,2026-05,3.57,A,0,2,
OECD.SDD.STES:DSD_STES@DF_FINMARK(4.0),MEX,M,IRLT,PA,_Z,_Z,_Z,_Z,N,2015-02,5.31,A,0,2,
OECD.SDD.STES:DSD_STES@DF_FINMARK(4.0),MEX,M,IRLT,PA,_Z,_Z,_Z,_Z,N,2015-03,6.04,A,0,2,
OECD.SDD.STES:DSD_STES@DF_FINMARK(4.0),MEX,M,IRLT,PA,_Z,_Z,_Z,_Z,N,2015-04,5.83,A,0,2,
OECD.SDD.STES:DSD_STES@DF_FINMARK(4.0),MEX,M,IRLT,PA,_Z,_Z,_Z,_Z,N,2015-06,6.25,A,0,2,
OECD.SDD.STES:DSD_STES@DF_FINMARK(4.0),MEX,M,IRLT,PA,_Z,_Z,_Z,_Z,N,2015-07,6.07,A,0,2,
OECD.SDD.STES:DSD_STES@DF_FINMARK(4.0),MEX,M,IRLT,PA,_Z,_Z,_Z,_Z,N,2015-09,6.07,A,0,2,
OECD.SDD.STES:DSD_STES@DF_FINMARK(4.0),MEX,M,IRLT,PA,_Z,_Z,_Z,_Z,N,2015-11,6.18,A,0,2,
OECD.SDD.STES:DSD_STES@DF_FINMARK(4.0),MEX,M,IRLT,PA,_Z,_Z,_Z,_Z,N,2016-01,6.23,A,0,2,
OECD.SDD.STES:DSD_STES@DF_FINMARK(4.0),MEX,M,IRLT,PA,_Z,_Z,_Z,_Z,N,2016-02,6.07,A,0,2,
OECD.SDD.STES:DSD_STES@DF_FINMARK(4.0),MEX,M,IRLT,PA,_Z,_Z,_Z,_Z,N,2016-03,6.03,A,0,2,
OECD.SDD.STES:DSD_STES@DF_FINMARK(4.0),MEX,M,IRLT,PA,_Z,_Z,_Z,_Z,N,2016-05,5.91,A,0,2,
OECD.SDD.STES:DSD_STES@DF_FINMARK(4.0),MEX,M,IRLT,PA,_Z,_Z,_Z,_Z,N,2016-06,6.08,A,0,2,
OECD.SDD.STES:DSD_STES@DF_FINMARK(4.0),MEX,M,IRLT,PA,_Z,_Z,_Z,_Z,N,2016-08,6.01,A,0,2,
OECD.SDD.STES:DSD_STES@DF_FINMARK(4.0),MEX,M,IRLT,PA,_Z,_Z,_Z,_Z,N,2016-09,5.99,A,0,2,
OECD.SDD.STES:DSD_STES@DF_FINMARK(4.0),MEX,M,IRLT,PA,_Z,_Z,_Z,_Z,N,2016-10,6.09,A,0,2,
OECD.SDD.STES:DSD_STES@DF_FINMARK(4.0),MEX,M,IRLT,PA,_Z,_Z,_Z,_Z,N,2016-12,7.25,A,0,2,
OECD.SDD.STES:DSD_STES@DF_FINMARK(4.0),MEX,M,IRLT,PA,_Z,_Z,_Z,_Z,N,2017-01,7.6,A,0,2,
OECD.SDD.STES:DSD_STES@DF_FINMARK(4.0),MEX,M,IRLT,PA,_Z,_Z,_Z,_Z,N,2017-03,7.4,A,0,2,
OECD.SDD.STES:DSD_STES@DF_FINMARK(4.0),MEX,M,IRLT,PA,_Z,_Z,_Z,_Z,N,2017-04,7.24,A,0,2,
OECD.SDD.STES:DSD_STES@DF_FINMARK(4.0),MEX,M,IRLT,PA,_Z,_Z,_Z,_Z,N,2017-05,7.32,A,0,2,
OECD.SDD.STES:DSD_STES@DF_FINMARK(4.0),MEX,M,IRLT,PA,_Z,_Z,_Z,_Z,N,2017-07,6.88,A,0,2,
OECD.SDD.STES:DSD_STES@DF_FINMARK(4.0),MEX,M,IRLT,PA,_Z,_Z,_Z,_Z,N,2017-08,6.89,A,0,2,
OECD.SDD.STES:DSD_STES@DF_FINMARK(4.0),MEX,M,IRLT,PA,_Z,_Z,_Z,_Z,N,2017-09,6.79,A,0,2,
OECD.SDD.STES:DSD_STES@DF_FINMARK(4.0),MEX,M,IRLT,PA,_Z,_Z,_Z,_Z,N,2017-11,7.19,A,0,2,
OECD.SDD.STES:DSD_STES@DF_FINMARK(4.0),MEX,M,IRLT,PA,_Z,_Z,_Z,_Z,N,2017-12,7.53,A,0,2,
OECD.SDD.STES:DSD_STES@DF_FINMARK(4.0),MEX,M,IRLT,PA,_Z,_Z,_Z,_Z,N,2018-02,7.64,A,0,2,
OECD.SDD.STES:DSD_STES@DF_FINMARK(4.0),MEX,M,IRLT,PA,_Z,_Z,_Z,_Z,N,2018-03,7.52,A,0,2,
OECD.SDD.STES:DSD_STES@DF_FINMARK(4.0),MEX,M,IRLT,PA,_Z,_Z,_Z,_Z,N,2018-04,7.54,A,0,2,
OECD.SDD.STES:DSD_STES@DF_FINMARK(4.0),MEX,M,IRLT,PA,_Z,_Z,_Z,_Z,N,2018-06,7.88,A,0,2,
OECD.SDD.STES:DSD_STES@DF_FINMARK(4.0),MEX,M,IRLT,PA,_Z,_Z,_Z,_Z,N,2018-07,7.75,A,0,2,
OECD.SDD.STES:DSD_STES@DF_FINMARK(4.0),MEX,M,IRLT,PA,_Z,_Z,_Z,_Z,N,2018-08,7.83,A,0,2,
OECD.SDD.STES:DSD_STES@DF_FINMARK(4.0),MEX,M,IRLT,PA,_Z,_Z,_Z,_Z,N,2018-10,8.17,A,0,2,
OECD.SDD.STES:DSD_STES@DF_FINMARK(4.0),MEX,M,IRLT,PA,_Z,_Z,_Z,_Z,N,2018-11,9.11,A,0,2,
OECD.SDD.STES:DSD_STES@DF_FINMARK(4.0),MEX,M,IRLT,PA,_Z,_Z,_Z,_Z,N,2019-01,8.71,A,0,2,
OECD.SDD.STES:DSD_STES@DF_FINMARK(4.0),MEX,M,IRLT,PA,_Z,_Z,_Z,_Z,N,2019-02,8.49,A,0,2,
OECD.SDD.STES:DSD_STES@DF_FINMARK(4.0),MEX,M,IRLT,PA,_Z,_Z,_Z,_Z,N,2019-03,8.01,A,0,2,
OECD.SDD.STES:DSD_STES@DF_FINMARK(4.0),MEX,M,IRLT,PA,_Z,_Z,_Z,_Z,N,2019-05,8.24,A,0,2,
OECD.SDD.STES:DSD_STES@DF_FINMARK(4.0),MEX,M,IRLT,PA,_Z,_Z,_Z,_Z,N,2019-06,7.68,A,0,2,
OECD.SDD.STES:DSD_STES@DF_FINMARK(4.0),MEX,M,IRLT,PA,_Z,_Z,_Z,_Z,N,2019-08,7.53,A,0,2,
OECD.SDD.STES:DSD_STES@DF_FINMARK(4.0),MEX,M,IRLT,PA,_Z,_Z,_Z,_Z,N,2019-09,7.08,A,0,2,
OECD.SDD.STES:DSD_STES@DF_FINMARK(4.0),MEX,M,IRLT,PA,_Z,_Z,_Z,_Z,N,2019-10,6.87,A,0,2,
OECD.SDD.STES:DSD_STES@DF_FINMARK(4.0),MEX,M,IRLT,PA,_Z,_Z,_Z,_Z,N,2019-12,7.14,A,0,2,
OECD.SDD.STES:DSD_STES@DF_FINMARK(4.0),MEX,M,IRLT,PA,_Z,_Z,_Z,_Z,N,2020-01,6.85,A,0,2,
OECD.SDD.STES:DSD_STES@DF_FINMARK(4.0),MEX,M,IRLT,PA,_Z,_Z,_Z,_Z,N,2020-02,6.47,A,0,2,
OECD.SDD.STES:DSD_STES@DF_FINMARK(4.0),MEX,M,IRLT,PA,_Z,_Z,_Z,_Z,N,2020-04,7.37,A,0,2,
OECD.SDD.STES:DSD_STES@DF_FINMARK(4.0),MEX,M,IRLT,PA,_Z,_Z,_Z,_Z,N,2020-05,6.06,A,0,2,
OECD.SDD.STES:DSD_STES@DF_FINMARK(4.0),MEX,M,IRLT,PA,_Z,_Z,_Z,_Z,N,2020-07,5.81,A,0,2,
OECD.SDD.STES:DSD_STES@DF_FINMARK(4.0),MEX,M,IRLT,PA,_Z,_Z,_Z,_Z,N,2020-08,5.77,A,0,2,
OECD.SDD.STES:DSD_STES@DF_FINMARK(4.0),MEX,M,IRLT,PA,_Z,_Z,_Z,_Z,N,2020-09,5.68,A,0,2,
OECD.SDD.STES:DSD_STES@DF_FINMARK(4.0),MEX,M,IRLT,PA,_Z,_Z,_Z,_Z,N,2020-11,6.07,A,0,2,
OECD.SDD.STES:DSD_STES@DF_FINMARK(4.0),MEX,M,IRLT,PA,_Z,_Z,_Z,_Z,N,2020-12,5.67,A,0,2,
OECD.SDD.STES:DSD_STES@DF_FINMARK(4.0),MEX,M,IRLT,PA,_Z,_Z,_Z,_Z,N,2021-01,5.61,A,0,2,
OECD.SDD.STES:DSD_STES@DF_FINMARK(4.0),MEX,M,IRLT,PA,_Z,_Z,_Z,_Z,N,2021-03,6.25,A,0,2,
OECD.SDD.STES:DSD_STES@DF_FINMARK(4.0),MEX,M,IRLT,PA,_Z,_Z,_Z,_Z,N,2021-04,6.68,A,0,2,
OECD.SDD.STES:DSD_STES@DF_FINMARK(4.0),MEX,M,IRLT,PA,_Z,_Z,_Z,_Z,N,2021-06,6.54,A,0,2,
OECD.SDD.STES:DSD_STES@DF_FINMARK(4.0),MEX,M,IRLT,PA,_Z,_Z,_Z,_Z,N,2021-07,6.9,A,0,2,
OECD.SDD.STES:DSD_STES@DF_FINMARK(4.0),MEX,M,IRLT,PA,_Z,_Z,_Z,_Z,N,2021-08,6.98,A,0,2,
OECD.SDD.STES:DSD_STES@DF_FINMARK(4.0),MEX,M,IRLT,PA,_Z,_Z,_Z,_Z,N,2021-10,7.61,A,0,2,
OECD.SDD.STES:DSD_STES@DF_FINMARK(4.0),MEX,M,IRLT,PA,_Z,_Z,_Z,_Z,N,2021-11,7.54,A,0,2,
OECD.SDD.STES:DSD_STES@DF_FINMARK(4.0),MEX,M,IRLT,PA,_Z,_Z,_Z,_Z,N,2021-12,7.57,A,0,2,
OECD.SDD.STES:DSD_STES@DF_FINMARK(4.0),MEX,M,IRLT,PA,_Z,_Z,_Z,_Z,N,2022-02,7.68,A,0,2,
OECD.SDD.STES:DSD_STES@DF_FINMARK(4.0),MEX,M,IRLT,PA,_Z,_Z,_Z,_Z,N,2022-03,8.6,A,0,2,
OECD.SDD.STES:DSD_STES@DF_FINMARK(4.0),MEX,M,IRLT,PA,_Z,_Z,_Z,_Z,N,2022-04,8.86,A,0,2,
OECD.SDD.STES:DSD_STES@DF_FINMARK(4.0),MEX,M,IRLT,PA,_Z,_Z,_Z,_Z,N,2022-05,8.87,A,0,2,
OECD.SDD.STES:DSD_STES@DF_FINMARK(4.0),MEX,M,IRLT,PA,_Z,_Z,_Z,_Z,N,2022-06,9.22,A,0,2,
OECD.SDD.STES:DSD_STES@DF_FINMARK(4.0),MEX,M,IRLT,PA,_Z,_Z,_Z,_Z,N,2022-07,8.78,A,0,2,
OECD.SDD.STES:DSD_STES@DF_FINMARK(4.0),MEX,M,IRLT,PA,_Z,_Z,_Z,_Z,N,2022-09,9.1,A,0,2,
OECD.SDD.STES:DSD_STES@DF_FINMARK(4.0),MEX,M,IRLT,PA,_Z,_Z,_Z,_Z,N,2022-10,9.52,A,0,2,
OECD.SDD.STES:DSD_STES@DF_FINMARK(4.0),MEX,M,IRLT,PA,_Z,_Z,_Z,_Z,N,2022-11,9.75,A,0,2,
OECD.SDD.STES:DSD_STES@DF_FINMARK(4.0),MEX,M,IRLT,PA,_Z,_Z,_Z,_Z,N,2022-12,8.94,A,0,2,
OECD.SDD.STES:DSD_STES@DF_FINMARK(4.0),MEX,M,IRLT,PA,_Z,_Z,_Z,_Z,N,2023-01,8.69,A,0,2,
OECD.SDD.STES:DSD_STES@DF_FINMARK(4.0),MEX,M,IRLT,PA,_Z,_Z,_Z,_Z,N,2023-02,9.38,A,0,2,
OECD.SDD.STES:DSD_STES@DF_FINMARK(4.0),MEX,M,IRLT,PA,_Z,_Z,_Z,_Z,N,2023-04,8.89,A,0,2,
OECD.SDD.STES:DSD_STES@DF_FINMARK(4.0),MEX,M,IRLT,PA,_Z,_Z,_Z,_Z,N,2023-05,8.76,A,0,2,
OECD.SDD.STES:DSD_STES@DF_FINMARK(4.0),MEX,M,IRLT,PA,_Z,_Z,_Z,_Z,N,2023-06,8.57,A,0,2,
OECD.SDD.STES:DSD_STES@DF_FINMARK(4.0),MEX,M,IRLT,PA,_Z,_Z,_Z,_Z,N,2023-08,9.1,A,0,2,
OECD.SDD.STES:DSD_STES@DF_FINMARK(4.0),MEX,M,IRLT,PA,_Z,_Z,_Z,_Z,N,2023-09,9.68,A,0,2,
OECD.SDD.STES:DSD_STES@DF_FINMARK(4.0),MEX,M,IRLT,PA,_Z,_Z,_Z,_Z,N,2023-11,10.23,A,0,2,
OECD.SDD.STES:DSD_STES@DF_FINMARK(4.0),MEX,M,IRLT,PA,_Z,_Z,_Z,_Z,N,2023-12,9.39,A,0,2,
OECD.SDD.STES:DSD_STES@DF_FINMARK(4.0),MEX,M,IRLT,PA,_Z,_Z,_Z,_Z,N,2024-01,9.31,A,0,2,
OECD.SDD.STES:DSD_STES@DF_FINMARK(4.0),MEX,M,IRLT,PA,_Z,_Z,_Z,_Z,N,2024-03,9.2,A,0,2,
OECD.SDD.STES:DSD_STES@DF_FINMARK(4.0),MEX,M,IRLT,PA,_Z,_Z,_Z,_Z,N,2024-04,9.85,A,0,2,
OECD.SDD.STES:DSD_STES@DF_FINMARK(4.0),MEX,M,IRLT,PA,_Z,_Z,_Z,_Z,N,2024-05,9.64,A,0,2,
OECD.SDD.STES:DSD_STES@DF_FINMARK(4.0),MEX,M,IRLT,PA,_Z,_Z,_Z,_Z,N,2024-07,9.95,A,0,2,
OECD.SDD.STES:DSD_STES@DF_FINMARK(4.0),MEX,M,IRLT,PA,_Z,_Z,_Z,_Z,N,2024-08,9.74,A,0,2,
OECD.SDD.STES:DSD_STES@DF_FINMARK(4.0),MEX,M,IRLT,PA,_Z,_Z,_Z,_Z,N,2024-09,9.21,A,0,2,
OECD.SDD.STES:DSD_STES@DF_FINMARK(4.0),MEX,M,IRLT,PA,_Z,_Z,_Z,_Z,N,2024-10,10.06,A,0,2,
OECD.SDD.STES:DSD_STES@DF_FINMARK(4.0),MEX,M,IRLT,PA,_Z,_Z,_Z,_Z,N,2024-11,10.02,A,0,2,
OECD.SDD.STES:DSD_STES@DF_FINMARK(4.0),MEX,M,IRLT,PA,_Z,_Z,_Z,_Z,N,2024-12,10.43,A,0,2,
OECD.SDD.STES:DSD_STES@DF_FINMARK(4.0),MEX,M,IRLT,PA,_Z,_Z,_Z,_Z,N,2025-01,10.33,A,0,2,
OECD.SDD.STES:DSD_STES@DF_FINMARK(4.0),MEX,M,IRLT,PA,_Z,_Z,_Z,_Z,N,2025-02,9.85,A,0,2,
OECD.SDD.STES:DSD_STES@DF_FINMARK(4.0),MEX,M,IRLT,PA,_Z,_Z,_Z,_Z,N,2025-04,9.26,A,0,2,
OECD.SDD.STES:DSD_STES@DF_FINMARK(4.0),MEX,M,IRLT,PA,_Z,_Z,_Z,_Z,N,2025-05,9.41,A,0,2,
OECD.SDD.STES:DSD_STES@DF_FINMARK(4.0),MEX,M,IRLT,PA,_Z,_Z,_Z,_Z,N,2025-06,9.39,A,0,2,
OECD.SDD.STES:DSD_STES@DF_FINMARK(4.0),MEX,M,IRLT,PA,_Z,_Z,_Z,_Z,N,2025-07,9.47,A,0,2,
OECD.SDD.STES:DSD_STES@DF_FINMARK(4.0),MEX,M,IRLT,PA,_Z,_Z,_Z,_Z,N,2025-08,9.14,A,0,2,
OECD.SDD.STES:DSD_STES@DF_FINMARK(4.0),MEX,M,IRLT,PA,_Z,_Z,_Z,_Z,N,2025-09,8.79,A,0,2,
OECD.SDD.STES:DSD_STES@DF_FINMARK(4.0),MEX,M,IRLT,PA,_Z,_Z,_Z,_Z,N,2025-10,8.71,A,0,2,
OECD.SDD.STES:DSD_STES@DF_FINMARK(4.0),MEX,M,IRLT,PA,_Z,_Z,_Z,_Z,N,2025-11,8.96,A,0,2,
OECD.SDD.STES:DSD_STES@DF_FINMARK(4.0),MEX,M,IRLT,PA,_Z,_Z,_Z,_Z,N,2025-12,9.2,A,0,2,
OECD.SDD.STES:DSD_STES@DF_FINMARK(4.0),MEX,M,IRLT,PA,_Z,_Z,_Z,_Z,N,2026-01,9.21,A,0,2,
OECD.SDD.STES:DSD_STES@DF_FINMARK(4.0),MEX,M,IRLT,PA,_Z,_Z,_Z,_Z,N,2026-02,8.74,A,0,2,
OECD.SDD.STES:DSD_STES@DF_FINMARK(4.0),MEX,M,IRLT,PA,_Z,_Z,_Z,_Z,N,2026-04,8.88,A,0,2,
OECD.SDD.STES:DSD_STES@DF_FINMARK(4.0),MEX,M,IRLT,PA,_Z,_Z,_Z,_Z,N,2026-05,9.45,A,0,2,
OECD.SDD.STES:DSD_STES@DF_FINMARK(4.0),RUS,M,IRLT,PA,_Z,_Z,_Z,_Z,N,2015-01,10.37,A,0,2,
OECD.SDD.STES:DSD_STES@DF_FINMARK(4.0),RUS,M,IRLT,PA,_Z,_Z,_Z,_Z,N,2015-02,10.51,A,0,2,
OECD.SDD.STES:DSD_STES@DF_FINMARK(4.0),RUS,M,IRLT,PA,_Z,_Z,_Z,_Z,N,2015-03,10.7,A,0,2,
OECD.SDD.STES:DSD_STES@DF_FINMARK(4.0),RUS,M,IRLT,PA,_Z,_Z,_Z,_Z,N,2015-04,10,A,0,2,
OECD.SDD.STES:DSD_STES@DF_FINMARK(4.0),RUS,M,IRLT,PA,_Z,_Z,_Z,_Z,N,2015-05,9.61,A,0,2,
OECD.SDD.STES:DSD_STES@DF_FINMARK(4.0),RUS,M,IRLT,PA,_Z,_Z,_Z,_Z,N,2015-06,9.13,A,0,2,
OECD.SDD.STES:DSD_STES@DF_FINMARK(4.0),RUS,M,IRLT,PA,_Z,_Z,_Z,_Z,N,2015-07,9.19,A,0,2,
OECD.SDD.STES:DSD_STES@DF_FINMARK(4.0),RUS,M,IRLT,PA,_Z,_Z,_Z,_Z,N,2015-08,12.16,A,0,2,
OECD.SDD.STES:DSD_STES@DF_FINMARK(4.0),RUS,M,IRLT,PA,_Z,_Z,_Z,_Z,N,2015-09,12.64,A,0,2,
OECD.SDD.STES:DSD_STES@DF_FINMARK(4.0),RUS,M,IRLT,PA,_Z,_Z,_Z,_Z,N,2015-10,12.27,A,0,2,
OECD.SDD.STES:DSD_STES@DF_FINMARK(4.0),RUS,M,IRLT,PA,_Z,_Z,_Z,_Z,N,2015-11,12.24,A,0,2,
OECD.SDD.STES:DSD_STES@DF_FINMARK(4.0),RUS,M,IRLT,PA,_Z,_Z,_Z,_Z,N,2015-12,11.82,A,0,2,
OECD.SDD.STES:DSD_STES@DF_FINMARK(4.0),RUS,M,IRLT,PA,_Z,_Z,_Z,_Z,N,2016-01,11.56,A,0,2,
OECD.SDD.STES:DSD_STES@DF_FINMARK(4.0),RUS,M,IRLT,PA,_Z,_Z,_Z,_Z,N,2016-02,11.25,A,0,2,
OECD.SDD.STES:DSD_STES@DF_FINMARK(4.0),RUS,M,IRLT,PA,_Z,_Z,_Z,_Z,N,2016-03,10.65,A,0,2,
OECD.SDD.STES:DSD_STES@DF_FINMARK(4.0),RUS,M,IRLT,PA,_Z,_Z,_Z,_Z,N,2016-04,10.61,A,0,2,
OECD.SDD.STES:DSD_STES@DF_FINMARK(4.0),RUS,M,IRLT,PA,_Z,_Z,_Z,_Z,N,2016-05,10.49,A,0,2,
OECD.SDD.STES:DSD_STES@DF_FINMARK(4.0),RUS,M,IRLT,PA,_Z,_Z,_Z,_Z,N,2016-06,10.3,A,0,2,
OECD.SDD.STES:DSD_STES@DF_FINMARK(4.0),RUS,M,IRLT,PA,_Z,_Z,_Z,_Z,N,2016-07,10.13,A,0,2,
OECD.SDD.STES:DSD_STES@DF_FINMARK(4.0),RUS,M,IRLT,PA,_Z,_Z,_Z,_Z,N,2016-08,10.12,A,0,2,
OECD.SDD.STES:DSD_STES@DF_FINMARK(4.0),RUS,M,IRLT,PA,_Z,_Z,_Z,_Z,N,2016-09,10.01,A,0,2,
OECD.SDD.STES:DSD_STES@DF_FINMARK(4.0),RUS,M,IRLT,PA,_Z,_Z,_Z,_Z,N,2016-10,10.08,A,0,2,
OECD.SDD.STES:DSD_STES@DF_FINMARK(4.0),RUS,M,IRLT,PA,_Z,_Z,_Z,_Z,N,2016-11,10.11,A,0,2,
OECD.SDD.STES:DSD_STES@DF_FINMARK(4.0),RUS,M,IRLT,PA,_Z,_Z,_Z,_Z,N,2016-12,9.95,A,0,2,
OECD.SDD.STES:DSD_STES@DF_FINMARK(4.0),RUS,M,IRLT,PA,_Z,_Z,_Z,_Z,N,2017-01,9.62,A,0,2,
OECD.SDD.STES:DSD_STES@DF_FINMARK(4.0),RUS,M,IRLT,PA,_Z,_Z,_Z,_Z,N,2017-02,9.77,A,0,2,
OECD.SDD.STES:DSD_STES@DF_FINMARK(4.0),RUS,M,IRLT,PA,_Z,_Z,_Z,_Z,N,2017-03,9.56,A,0,2,
OECD.SDD.STES:DSD_STES@DF_FINMARK(4.0),RUS,M,IRLT,PA,_Z,_Z,_Z,_Z,N,2017-04,9.33,A,0,2,
OECD.SDD.STES:DSD_STES@DF_FINMARK(4.0),RUS,M,IRLT,PA,_Z,_Z,_Z,_Z,N,2017-05,9.09,A,0,2,
OECD.SDD.STES:DSD_STES@DF_FINMARK(4.0),RUS,M,IRLT,PA,_Z,_Z,_Z,_Z,N,2017-06,8.99,A,0,2,
OECD.SDD.STES:DSD_STES@DF_FINMARK(4.0),RUS,M,IRLT,PA,_Z,_Z,_Z,_Z,N,2017-07,8.84,A,0,2,
OECD.SDD.STES:DSD_STES@DF_FINMARK(4.0),RUS,M,IRLT,PA,_Z,_Z,_Z,_Z,N,2017-08,8.74,A,0,2,
OECD.SDD.STES:DSD_STES@DF_FINMARK(4.0),RUS,M,IRLT,PA,_Z,_Z,_Z,_Z,N,2017-09,8.65,A,0,2,
OECD.SDD.STES:DSD_STES@DF_FINMARK(4.0),RUS,M,IRLT,PA,_Z,_Z,_Z,_Z,N,2017-10,8.59,A,0,2,
OECD.SDD.STES:DSD_STES@DF_FINMARK(4.0),RUS,M,IRLT,PA,_Z,_Z,_Z,_Z,N,2017-11,8.48,A,0,2,
OECD.SDD.STES:DSD_STES@DF_FINMARK(4.0),RUS,M,IRLT,PA,_Z,_Z,_Z,_Z,N,2017-12,8.25,A,0,2,
OECD.SDD.STES:DSD_STES@DF_FINMARK(4.0),RUS,M,IRLT,PA,_Z,_Z,_Z,_Z,N,2018-01,7.98,A,0,2,
OECD.SDD.STES:DSD_STES@DF_FINMARK(4.0),RUS,M,IRLT,PA,_Z,_Z,_Z,_Z,N,2018-02,7.85,A,0,2,
OECD.SDD.STES:DSD_STES@DF_FINMARK(4.0),RUS,M,IRLT,PA,_Z,_Z,_Z,_Z,N,2018-03,7.79,A,0,2,
OECD.SDD.STES:DSD_STES@DF_FINMARK(4.0),RUS,M,IRLT,PA,_Z,_Z,_Z,_Z,N,2018-04,7.81,A,0,2,
OECD.SDD.STES:DSD_STES@DF_FINMARK(4.0),RUS,M,IRLT,PA,_Z,_Z,_Z,_Z,N,2018-05,7.67,A,0,2,
OECD.SDD.STES:DSD_STES@DF_FINMARK(4.0),RUS,M,IRLT,PA,_Z,_Z,_Z,_Z,N,2018-06,7.62,A,0,2,
OECD.SDD.STES:DSD_STES@DF_FINMARK(4.0),IND,M,IRLT,PA,_Z,_Z,_Z,_Z,N,2015-01,7.79366,A,0,2,
OECD.SDD.STES:DSD_STES@DF_FINMARK(4.0),IND,M,IRLT,PA,_Z,_Z,_Z,_Z,N,2015-02,7.7342,A,0,2,
OECD.SDD.STES:DSD_STES@DF_FINMARK(4.0),IND,M,IRLT,PA,_Z,_Z,_Z,_Z,N,2015-03,7.8208,A,0,2,
OECD.SDD.STES:DSD_STES@DF_FINMARK(4.0),IND,M,IRLT,PA,_Z,_Z,_Z,_Z,N,2015-04,7.836967,A,0,2,
OECD.SDD.STES:DSD_STES@DF_FINMARK(4.0),IND,M,IRLT,PA,_Z,_Z,_Z,_Z,N,2015-05,7.85218,A,0,2,
OECD.SDD.STES:DSD_STES@DF_FINMARK(4.0),IND,M,IRLT,PA,_Z,_Z,_Z,_Z,N,2015-06,7.805225,A,0,2,
OECD.SDD.STES:DSD_STES@DF_FINMARK(4.0),IND,M,IRLT,PA,_Z,_Z,_Z,_Z,N,2015-07,7.81692,A,0,2,
OECD.SDD.STES:DSD_STES@DF_FINMARK(4.0),IND,M,IRLT,PA,_Z,_Z,_Z,_Z,N,2015-08,7.785975,A,0,2,
OECD.SDD.STES:DSD_STES@DF_FINMARK(4.0),IND,M,IRLT,PA,_Z,_Z,_Z,_Z,N,2015-09,7.73205,A,0,2,
OECD.SDD.STES:DSD_STES@DF_FINMARK(4.0),IND,M,IRLT,PA,_Z,_Z,_Z,_Z,N,2015-10,7.5969,A,0,2,
OECD.SDD.STES:DSD_STES@DF_FINMARK(4.0),IND,M,IRLT,PA,_Z,_Z,_Z,_Z,N,2015-11,7.7452,A,0,2,
OECD.SDD.STES:DSD_STES@DF_FINMARK(4.0),IND,M,IRLT,PA,_Z,_Z,_Z,_Z,N,2015-12,7.791575,A,0,2,
OECD.SDD.STES:DSD_STES@DF_FINMARK(4.0),IND,M,IRLT,PA,_Z,_Z,_Z,_Z,N,2016-01,7.66876,A,0,2,
OECD.SDD.STES:DSD_STES@DF_FINMARK(4.0),IND,M,IRLT,PA,_Z,_Z,_Z,_Z,N,2016-02,7.720025,A,0,2,
OECD.SDD.STES:DSD_STES@DF_FINMARK(4.0),IND,M,IRLT,PA,_Z,_Z,_Z,_Z,N,2016-03,7.584775,A,0,2,
OECD.SDD.STES:DSD_STES@DF_FINMARK(4.0),IND,M,IRLT,PA,_Z,_Z,_Z,_Z,N,2016-04,7.43606,A,0,2,
OECD.SDD.STES:DSD_STES@DF_FINMARK(4.0),IND,M,IRLT,PA,_Z,_Z,_Z,_Z,N,2016-05,7.2793,A,0,2,
OECD.SDD.STES:DSD_STES@DF_FINMARK(4.0),IND,M,IRLT,PA,_Z,_Z,_Z,_Z,N,2016-06,7.502625,A,0,2,
OECD.SDD.STES:DSD_STES@DF_FINMARK(4.0),IND,M,IRLT,PA,_Z,_Z,_Z,_Z,N,2016-07,7.35092,A,0,2,
OECD.SDD.STES:DSD_STES@DF_FINMARK(4.0),IND,M,IRLT,PA,_Z,_Z,_Z,_Z,N,2016-08,7.14185,A,0,2,
OECD.SDD.STES:DSD_STES@DF_FINMARK(4.0),IND,M,IRLT,PA,_Z,_Z,_Z,_Z,N,2016-09,6.86438,A,0,2,
OECD.SDD.STES:DSD_STES@DF_FINMARK(4.0),IND,M,IRLT,PA,_Z,_Z,_Z,_Z,N,2016-10,6.784525,A,0,2,
OECD.SDD.STES:DSD_STES@DF_FINMARK(4.0),IND,M,IRLT,PA,_Z,_Z,_Z,_Z,N,2016-11,6.613,A,0,2,
OECD.SDD.STES:DSD_STES@DF_FINMARK(4.0),IND,M,IRLT,PA,_Z,_Z,_Z,_Z,N,2016-12,6.52812,A,0,2,
OECD.SDD.STES:DSD_STES@DF_FINMARK(4.0),IND,M,IRLT,PA,_Z,_Z,_Z,_Z,N,2017-01,6.7918,A,0,2,
OECD.SDD.STES:DSD_STES@DF_FINMARK(4.0),IND,M,IRLT,PA,_Z,_Z,_Z,_Z,N,2017-02,6.9794,A,0,2,
OECD.SDD.STES:DSD_STES@DF_FINMARK(4.0),IND,M,IRLT,PA,_Z,_Z,_Z,_Z,N,2017-03,7.11756,A,0,2,
OECD.SDD.STES:DSD_STES@DF_FINMARK(4.0),IND,M,IRLT,PA,_Z,_Z,_Z,_Z,N,2017-04,7.16485,A,0,2,
OECD.SDD.STES:DSD_STES@DF_FINMARK(4.0),IND,M,IRLT,PA,_Z,_Z,_Z,_Z,N,2017-05,7.1144,A,0,2,
OECD.SDD.STES:DSD_STES@DF_FINMARK(4.0),IND,M,IRLT,PA,_Z,_Z,_Z,_Z,N,2017-06,6.58302,A,0,2,
OECD.SDD.STES:DSD_STES@DF_FINMARK(4.0),IND,M,IRLT,PA,_Z,_Z,_Z,_Z,N,2017-07,6.54905,A,0,2,
OECD.SDD.STES:DSD_STES@DF_FINMARK(4.0),IND,M,IRLT,PA,_Z,_Z,_Z,_Z,N,2017-08,6.6025,A,0,2,
OECD.SDD.STES:DSD_STES@DF_FINMARK(4.0),IND,M,IRLT,PA,_Z,_Z,_Z,_Z,N,2017-09,6.72384,A,0,2,
OECD.SDD.STES:DSD_STES@DF_FINMARK(4.0),IND,M,IRLT,PA,_Z,_Z,_Z,_Z,N,2017-10,6.94395,A,0,2,
OECD.SDD.STES:DSD_STES@DF_FINMARK(4.0),IND,M,IRLT,PA,_Z,_Z,_Z,_Z,N,2017-11,7.16575,A,0,2,
OECD.SDD.STES:DSD_STES@DF_FINMARK(4.0),IND,M,IRLT,PA,_Z,_Z,_Z,_Z,N,2017-12,7.35076,A,0,2,
OECD.SDD.STES:DSD_STES@DF_FINMARK(4.0),IND,M,IRLT,PA,_Z,_Z,_Z,_Z,N,2018-01,7.219725,A,0,2,
OECD.SDD.STES:DSD_STES@DF_FINMARK(4.0),IND,M,IRLT,PA,_Z,_Z,_Z,_Z,N,2018-02,7.571275,A,0,2,
OECD.SDD.STES:DSD_STES@DF_FINMARK(4.0),IND,M,IRLT,PA,_Z,_Z,_Z,_Z,N,2018-03,7.60806,A,0,2,
OECD.SDD.STES:DSD_STES@DF_FINMARK(4.0),IND,M,IRLT,PA,_Z,_Z,_Z,_Z,N,2018-04,7.547875,A,0,2,
OECD.SDD.STES:DSD_STES@DF_FINMARK(4.0),IND,M,IRLT,PA,_Z,_Z,_Z,_Z,N,2018-05,7.846075,A,0,2,
OECD.SDD.STES:DSD_STES@DF_FINMARK(4.0),IND,M,IRLT,PA,_Z,_Z,_Z,_Z,N,2018-06,7.93574,A,0,2,
OECD.SDD.STES:DSD_STES@DF_FINMARK(4.0),IND,M,IRLT,PA,_Z,_Z,_Z,_Z,N,2018-07,7.800625,A,0,2,
OECD.SDD.STES:DSD_STES@DF_FINMARK(4.0),IND,M,IRLT,PA,_Z,_Z,_Z,_Z,N,2018-08,7.82458,A,0,2,
OECD.SDD.STES:DSD_STES@DF_FINMARK(4.0),IND,M,IRLT,PA,_Z,_Z,_Z,_Z,N,2018-09,8.019075,A,0,2,
OECD.SDD.STES:DSD_STES@DF_FINMARK(4.0),IND,M,IRLT,PA,_Z,_Z,_Z,_Z,N,2018-10,7.92485,A,0,2,
OECD.SDD.STES:DSD_STES@DF_FINMARK(4.0),IND,M,IRLT,PA,_Z,_Z,_Z,_Z,N,2018-11,7.78462,A,0,2,
OECD.SDD.STES:DSD_STES@DF_FINMARK(4.0),IND,M,IRLT,PA,_Z,_Z,_Z,_Z,N,2018-12,7.37335,A,0,2,
OECD.SDD.STES:DSD_STES@DF_FINMARK(4.0),IND,M,IRLT,PA,_Z,_Z,_Z,_Z,N,2019-01,7.34735,A,0,2,
OECD.SDD.STES:DSD_STES@DF_FINMARK(4.0),IND,M,IRLT,PA,_Z,_Z,_Z,_Z,N,2019-02,7.4312,A,0,2,
OECD.SDD.STES:DSD_STES@DF_FINMARK(4.0),IND,M,IRLT,PA,_Z,_Z,_Z,_Z,N,2019-03,7.41366,A,0,2,
OECD.SDD.STES:DSD_STES@DF_FINMARK(4.0),IND,M,IRLT,PA,_Z,_Z,_Z,_Z,N,2019-04,7.421075,A,0,2,
OECD.SDD.STES:DSD_STES@DF_FINMARK(4.0),IND,M,IRLT,PA,_Z,_Z,_Z,_Z,N,2019-05,7.3271,A,0,2,
OECD.SDD.STES:DSD_STES@DF_FINMARK(4.0),IND,M,IRLT,PA,_Z,_Z,_Z,_Z,N,2019-06,6.96805,A,0,2,
OECD.SDD.STES:DSD_STES@DF_FINMARK(4.0),IND,M,IRLT,PA,_Z,_Z,_Z,_Z,N,2019-07,6.597725,A,0,2,
OECD.SDD.STES:DSD_STES@DF_FINMARK(4.0),IND,M,IRLT,PA,_Z,_Z,_Z,_Z,N,2019-08,6.61912,A,0,2,
OECD.SDD.STES:DSD_STES@DF_FINMARK(4.0),IND,M,IRLT,PA,_Z,_Z,_Z,_Z,N,2019-09,6.81335,A,0,2,
OECD.SDD.STES:DSD_STES@DF_FINMARK(4.0),IND,M,IRLT,PA,_Z,_Z,_Z,_Z,N,2019-10,6.5418,A,0,2,
OECD.SDD.STES:DSD_STES@DF_FINMARK(4.0),IND,M,IRLT,PA,_Z,_Z,_Z,_Z,N,2019-11,6.63498,A,0,2,
OECD.SDD.STES:DSD_STES@DF_FINMARK(4.0),IND,M,IRLT,PA,_Z,_Z,_Z,_Z,N,2019-12,6.848575,A,0,2,
OECD.SDD.STES:DSD_STES@DF_FINMARK(4.0),IND,M,IRLT,PA,_Z,_Z,_Z,_Z,N,2020-01,6.8218,A,0,2,
OECD.SDD.STES:DSD_STES@DF_FINMARK(4.0),IND,M,IRLT,PA,_Z,_Z,_Z,_Z,N,2020-02,6.65965,A,0,2,
OECD.SDD.STES:DSD_STES@DF_FINMARK(4.0),IND,M,IRLT,PA,_Z,_Z,_Z,_Z,N,2020-03,6.701575,A,0,2,
OECD.SDD.STES:DSD_STES@DF_FINMARK(4.0),IND,M,IRLT,PA,_Z,_Z,_Z,_Z,N,2020-04,6.76515,A,0,2,
OECD.SDD.STES:DSD_STES@DF_FINMARK(4.0),IND,M,IRLT,PA,_Z,_Z,_Z,_Z,N,2020-05,5.91544,A,0,2,
OECD.SDD.STES:DSD_STES@DF_FINMARK(4.0),IND,M,IRLT,PA,_Z,_Z,_Z,_Z,N,2020-06,5.8551,A,0,2,
OECD.SDD.STES:DSD_STES@DF_FINMARK(4.0),IND,M,IRLT,PA,_Z,_Z,_Z,_Z,N,2020-07,5.81452,A,0,2,
OECD.SDD.STES:DSD_STES@DF_FINMARK(4.0),IND,M,IRLT,PA,_Z,_Z,_Z,_Z,N,2020-08,6.0105,A,0,2,
OECD.SDD.STES:DSD_STES@DF_FINMARK(4.0),IND,M,IRLT,PA,_Z,_Z,_Z,_Z,N,2020-09,6.024675,A,0,2,
OECD.SDD.STES:DSD_STES@DF_FINMARK(4.0),IND,M,IRLT,PA,_Z,_Z,_Z,_Z,N,2020-10,5.94484,A,0,2,
OECD.SDD.STES:DSD_STES@DF_FINMARK(4.0),IND,M,IRLT,PA,_Z,_Z,_Z,_Z,N,2020-11,5.8952,A,0,2,
OECD.SDD.STES:DSD_STES@DF_FINMARK(4.0),IND,M,IRLT,PA,_Z,_Z,_Z,_Z,N,2020-12,5.8929,A,0,2,
OECD.SDD.STES:DSD_STES@DF_FINMARK(4.0),IND,M,IRLT,PA,_Z,_Z,_Z,_Z,N,2021-01,5.94162,A,0,2,
OECD.SDD.STES:DSD_STES@DF_FINMARK(4.0),IND,M,IRLT,PA,_Z,_Z,_Z,_Z,N,2021-02,6.1935,A,0,2,
OECD.SDD.STES:DSD_STES@DF_FINMARK(4.0),IND,M,IRLT,PA,_Z,_Z,_Z,_Z,N,2021-03,6.350775,A,0,2,
OECD.SDD.STES:DSD_STES@DF_FINMARK(4.0),IND,M,IRLT,PA,_Z,_Z,_Z,_Z,N,2021-04,6.2801,A,0,2,
OECD.SDD.STES:DSD_STES@DF_FINMARK(4.0),IND,M,IRLT,PA,_Z,_Z,_Z,_Z,N,2021-05,6.225375,A,0,2,
OECD.SDD.STES:DSD_STES@DF_FINMARK(4.0),IND,M,IRLT,PA,_Z,_Z,_Z,_Z,N,2021-06,6.267675,A,0,2,
OECD.SDD.STES:DSD_STES@DF_FINMARK(4.0),IND,M,IRLT,PA,_Z,_Z,_Z,_Z,N,2021-07,6.20842,A,0,2,
OECD.SDD.STES:DSD_STES@DF_FINMARK(4.0),IND,M,IRLT,PA,_Z,_Z,_Z,_Z,N,2021-08,6.280325,A,0,2,
OECD.SDD.STES:DSD_STES@DF_FINMARK(4.0),IND,M,IRLT,PA,_Z,_Z,_Z,_Z,N,2021-09,6.1883,A,0,2,
OECD.SDD.STES:DSD_STES@DF_FINMARK(4.0),IND,M,IRLT,PA,_Z,_Z,_Z,_Z,N,2021-10,6.35978,A,0,2,
OECD.SDD.STES:DSD_STES@DF_FINMARK(4.0),IND,M,IRLT,PA,_Z,_Z,_Z,_Z,N,2021-11,6.354375,A,0,2,
OECD.SDD.STES:DSD_STES@DF_FINMARK(4.0),IND,M,IRLT,PA,_Z,_Z,_Z,_Z,N,2021-12,6.44032,A,0,2,
OECD.SDD.STES:DSD_STES@DF_FINMARK(4.0),IND,M,IRLT,PA,_Z,_Z,_Z,_Z,N,2022-01,6.643025,A,0,2,
OECD.SDD.STES:DSD_STES@DF_FINMARK(4.0),IND,M,IRLT,PA,_Z,_Z,_Z,_Z,N,2022-02,6.750475,A,0,2,
OECD.SDD.STES:DSD_STES@DF_FINMARK(4.0),IND,M,IRLT,PA,_Z,_Z,_Z,_Z,N,2022-03,6.819825,A,0,2,
OECD.SDD.STES:DSD_STES@DF_FINMARK(4.0),IND,M,IRLT,PA,_Z,_Z,_Z,_Z,N,2022-04,7.1058,A,0,2,
OECD.SDD.STES:DSD_STES@DF_FINMARK(4.0),IND,M,IRLT,PA,_Z,_Z,_Z,_Z,N,2022-05,7.38565,A,0,2,
OECD.SDD.STES:DSD_STES@DF_FINMARK(4.0),IND,M,IRLT,PA,_Z,_Z,_Z,_Z,N,2022-06,7.529625,A,0,2,
OECD.SDD.STES:DSD_STES@DF_FINMARK(4.0),IND,M,IRLT,PA,_Z,_Z,_Z,_Z,N,2022-07,7.40206,A,0,2,
OECD.SDD.STES:DSD_STES@DF_FINMARK(4.0),IND,M,IRLT,PA,_Z,_Z,_Z,_Z,N,2022-08,7.27475,A,0,2,
OECD.SDD.STES:DSD_STES@DF_FINMARK(4.0),IND,M,IRLT,PA,_Z,_Z,_Z,_Z,N,2022-09,7.280374,A,0,2,
OECD.SDD.STES:DSD_STES@DF_FINMARK(4.0),IND,M,IRLT,PA,_Z,_Z,_Z,_Z,N,2022-10,7.464925,A,0,2,
OECD.SDD.STES:DSD_STES@DF_FINMARK(4.0),IND,M,IRLT,PA,_Z,_Z,_Z,_Z,N,2022-11,7.357575,A,0,2,
OECD.SDD.STES:DSD_STES@DF_FINMARK(4.0),IND,M,IRLT,PA,_Z,_Z,_Z,_Z,N,2022-12,7.29416,A,0,2,
OECD.SDD.STES:DSD_STES@DF_FINMARK(4.0),IND,M,IRLT,PA,_Z,_Z,_Z,_Z,N,2023-01,7.39,A,0,2,
OECD.SDD.STES:DSD_STES@DF_FINMARK(4.0),IND,M,IRLT,PA,_Z,_Z,_Z,_Z,N,2023-02,7.334525,A,0,2,
OECD.SDD.STES:DSD_STES@DF_FINMARK(4.0),IND,M,IRLT,PA,_Z,_Z,_Z,_Z,N,2023-03,7.36,A,0,2,
OECD.SDD.STES:DSD_STES@DF_FINMARK(4.0),IND,M,IRLT,PA,_Z,_Z,_Z,_Z,N,2023-04,7.18,A,0,2,
OECD.SDD.STES:DSD_STES@DF_FINMARK(4.0),IND,M,IRLT,PA,_Z,_Z,_Z,_Z,N,2023-05,7.0125,A,0,2,
OECD.SDD.STES:DSD_STES@DF_FINMARK(4.0),IND,M,IRLT,PA,_Z,_Z,_Z,_Z,N,2023-06,7.054,A,0,2,
OECD.SDD.STES:DSD_STES@DF_FINMARK(4.0),IND,M,IRLT,PA,_Z,_Z,_Z,_Z,N,2023-07,7.1125,A,0,2,
OECD.SDD.STES:DSD_STES@DF_FINMARK(4.0),IND,M,IRLT,PA,_Z,_Z,_Z,_Z,N,2023-08,7.185,A,0,2,
OECD.SDD.STES:DSD_STES@DF_FINMARK(4.0),IND,M,IRLT,PA,_Z,_Z,_Z,_Z,N,2023-09,7.172,A,0,2,
OECD.SDD.STES:DSD_STES@DF_FINMARK(4.0),IND,M,IRLT,PA,_Z,_Z,_Z,_Z,N,2023-10,7.35,A,0,2,
OECD.SDD.STES:DSD_STES@DF_FINMARK(4.0),IND,M,IRLT,PA,_Z,_Z,_Z,_Z,N,2023-11,7.27,A,0,2,
OECD.SDD.STES:DSD_STES@DF_FINMARK(4.0),IND,M,IRLT,PA,_Z,_Z,_Z,_Z,N,2023-12,7.224,A,0,2,
OECD.SDD.STES:DSD_STES@DF_FINMARK(4.0),IND,M,IRLT,PA,_Z,_Z,_Z,_Z,N,2024-01,7.2025,A,0,2,
OECD.SDD.STES:DSD_STES@DF_FINMARK(4.0),IND,M,IRLT,PA,_Z,_Z,_Z,_Z,N,2024-02,7.09,A,0,2,
OECD.SDD.STES:DSD_STES@DF_FINMARK(4.0),IND,M,IRLT,PA,_Z,_Z,_Z,_Z,N,2024-03,7.068,A,0,2,
OECD.SDD.STES:DSD_STES@DF_FINMARK(4.0),IND,M,IRLT,PA,_Z,_Z,_Z,_Z,N,2024-04,7.15,A,0,2,
OECD.SDD.STES:DSD_STES@DF_FINMARK(4.0),IND,M,IRLT,PA,_Z,_Z,_Z,_Z,N,2024-05,7.054,A,0,2,
OECD.SDD.STES:DSD_STES@DF_FINMARK(4.0),IND,M,IRLT,PA,_Z,_Z,_Z,_Z,N,2024-06,7.0225,A,0,2,
OECD.SDD.STES:DSD_STES@DF_FINMARK(4.0),IND,M,IRLT,PA,_Z,_Z,_Z,_Z,N,2024-07,7.0075,A,0,2,
OECD.SDD.STES:DSD_STES@DF_FINMARK(4.0),IND,M,IRLT,PA,_Z,_Z,_Z,_Z,N,2024-08,6.91,A,0,2,
OECD.SDD.STES:DSD_STES@DF_FINMARK(4.0),IND,M,IRLT,PA,_Z,_Z,_Z,_Z,N,2024-09,6.8325,A,0,2,
OECD.SDD.STES:DSD_STES@DF_FINMARK(4.0),IND,M,IRLT,PA,_Z,_Z,_Z,_Z,N,2024-10,6.785,A,0,2,
OECD.SDD.STES:DSD_STES@DF_FINMARK(4.0),IND,M,IRLT,PA,_Z,_Z,_Z,_Z,N,2024-11,6.812,A,0,2,
OECD.SDD.STES:DSD_STES@DF_FINMARK(4.0),IND,M,IRLT,PA,_Z,_Z,_Z,_Z,N,2024-12,6.7775,A,0,2,
OECD.SDD.STES:DSD_STES@DF_FINMARK(4.0),IND,M,IRLT,PA,_Z,_Z,_Z,_Z,N,2025-01,6.758,A,0,2,
OECD.SDD.STES:DSD_STES@DF_FINMARK(4.0),IND,M,IRLT,PA,_Z,_Z,_Z,_Z,N,2025-02,6.7325,A,0,2,
OECD.SDD.STES:DSD_STES@DF_FINMARK(4.0),IND,M,IRLT,PA,_Z,_Z,_Z,_Z,N,2025-03,6.6825,A,0,2,
OECD.SDD.STES:DSD_STES@DF_FINMARK(4.0),IND,M,IRLT,PA,_Z,_Z,_Z,_Z,N,2025-04,6.455,A,0,2,
OECD.SDD.STES:DSD_STES@DF_FINMARK(4.0),IND,M,IRLT,PA,_Z,_Z,_Z,_Z,N,2025-05,6.272,A,0,2,
OECD.SDD.STES:DSD_STES@DF_FINMARK(4.0),IND,M,IRLT,PA,_Z,_Z,_Z,_Z,N,2025-06,6.3075,A,0,2,
OECD.SDD.STES:DSD_STES@DF_FINMARK(4.0),IND,M,IRLT,PA,_Z,_Z,_Z,_Z,N,2025-07,6.35,A,0,2,
OECD.SDD.STES:DSD_STES@DF_FINMARK(4.0),IND,M,IRLT,PA,_Z,_Z,_Z,_Z,N,2025-08,6.522,A,0,2,
OECD.SDD.STES:DSD_STES@DF_FINMARK(4.0),IND,M,IRLT,PA,_Z,_Z,_Z,_Z,N,2025-09,6.585,A,0,2,
OECD.SDD.STES:DSD_STES@DF_FINMARK(4.0),IND,M,IRLT,PA,_Z,_Z,_Z,_Z,N,2025-10,6.482,A,0,2,
OECD.SDD.STES:DSD_STES@DF_FINMARK(4.0),IND,M,IRLT,PA,_Z,_Z,_Z,_Z,N,2025-11,6.5375,A,0,2,
OECD.SDD.STES:DSD_STES@DF_FINMARK(4.0),IND,M,IRLT,PA,_Z,_Z,_Z,_Z,N,2025-12,6.6325,A,0,2,
OECD.SDD.STES:DSD_STES@DF_FINMARK(4.0),IND,M,IRLT,PA,_Z,_Z,_Z,_Z,N,2026-01,6.732,A,0,2,
OECD.SDD.STES:DSD_STES@DF_FINMARK(4.0),IND,M,IRLT,PA,_Z,_Z,_Z,_Z,N,2026-02,6.77,A,0,2,
OECD.SDD.STES:DSD_STES@DF_FINMARK(4.0),IND,M,IRLT,PA,_Z,_Z,_Z,_Z,N,2026-03,6.84,A,0,2,
OECD.SDD.STES:DSD_STES@DF_FINMARK(4.0),IND,M,IRLT,PA,_Z,_Z,_Z,_Z,N,2026-04,7.05,A,0,2,
OECD.SDD.STES:DSD_STES@DF_FINMARK(4.0),IND,M,IRLT,PA,_Z,_Z,_Z,_Z,N,2026-05,7.02,A,0,2,
OECD.SDD.STES:DSD_STES@DF_FINMARK(4.0),CRI,M,IRLT,PA,_Z,_Z,_Z,_Z,N,2015-01,10.27437,A,0,2,
OECD.SDD.STES:DSD_STES@DF_FINMARK(4.0),CRI,M,IRLT,PA,_Z,_Z,_Z,_Z,N,2015-02,10.2911,A,0,2,
OECD.SDD.STES:DSD_STES@DF_FINMARK(4.0),CRI,M,IRLT,PA,_Z,_Z,_Z,_Z,N,2015-03,10.37706,A,0,2,
OECD.SDD.STES:DSD_STES@DF_FINMARK(4.0),CRI,M,IRLT,PA,_Z,_Z,_Z,_Z,N,2015-04,10.2925,A,0,2,
OECD.SDD.STES:DSD_STES@DF_FINMARK(4.0),CRI,M,IRLT,PA,_Z,_Z,_Z,_Z,N,2015-05,9.854383,A,0,2,
OECD.SDD.STES:DSD_STES@DF_FINMARK(4.0),CRI,M,IRLT,PA,_Z,_Z,_Z,_Z,N,2015-06,9.738154,A,0,2,
OECD.SDD.STES:DSD_STES@DF_FINMARK(4.0),CRI,M,IRLT,PA,_Z,_Z,_Z,_Z,N,2015-07,9.57885,A,0,2,
OECD.SDD.STES:DSD_STES@DF_FINMARK(4.0),CRI,M,IRLT,PA,_Z,_Z,_Z,_Z,N,2015-08,9.358691,A,0,2,
OECD.SDD.STES:DSD_STES@DF_FINMARK(4.0),CRI,M,IRLT,PA,_Z,_Z,_Z,_Z,N,2015-09,9.401232,A,0,2,
OECD.SDD.STES:DSD_STES@DF_FINMARK(4.0),CRI,M,IRLT,PA,_Z,_Z,_Z,_Z,N,2015-10,9.119866,A,0,2,
OECD.SDD.STES:DSD_STES@DF_FINMARK(4.0),CRI,M,IRLT,PA,_Z,_Z,_Z,_Z,N,2015-11,8.590872,A,0,2,
OECD.SDD.STES:DSD_STES@DF_FINMARK(4.0),CRI,M,IRLT,PA,_Z,_Z,_Z,_Z,N,2015-12,8.478889,A,0,2,
OECD.SDD.STES:DSD_STES@DF_FINMARK(4.0),CRI,M,IRLT,PA,_Z,_Z,_Z,_Z,N,2016-01,8.416921,A,0,2,
OECD.SDD.STES:DSD_STES@DF_FINMARK(4.0),CRI,M,IRLT,PA,_Z,_Z,_Z,_Z,N,2016-02,8.471544,A,0,2,
OECD.SDD.STES:DSD_STES@DF_FINMARK(4.0),CRI,M,IRLT,PA,_Z,_Z,_Z,_Z,N,2016-03,8.533093,A,0,2,
OECD.SDD.STES:DSD_STES@DF_FINMARK(4.0),CRI,M,IRLT,PA,_Z,_Z,_Z,_Z,N,2016-04,8.283434,A,0,2,
OECD.SDD.STES:DSD_STES@DF_FINMARK(4.0),CRI,M,IRLT,PA,_Z,_Z,_Z,_Z,N,2016-05,8.190866,A,0,2,
OECD.SDD.STES:DSD_STES@DF_FINMARK(4.0),CRI,M,IRLT,PA,_Z,_Z,_Z,_Z,N,2016-06,8.254964,A,0,2,
OECD.SDD.STES:DSD_STES@DF_FINMARK(4.0),CRI,M,IRLT,PA,_Z,_Z,_Z,_Z,N,2016-07,8.286057,A,0,2,
OECD.SDD.STES:DSD_STES@DF_FINMARK(4.0),CRI,M,IRLT,PA,_Z,_Z,_Z,_Z,N,2016-08,8.233443,A,0,2,
OECD.SDD.STES:DSD_STES@DF_FINMARK(4.0),CRI,M,IRLT,PA,_Z,_Z,_Z,_Z,N,2016-09,8.310247,A,0,2,
OECD.SDD.STES:DSD_STES@DF_FINMARK(4.0),CRI,M,IRLT,PA,_Z,_Z,_Z,_Z,N,2016-10,8.303314,A,0,2,
OECD.SDD.STES:DSD_STES@DF_FINMARK(4.0),CRI,M,IRLT,PA,_Z,_Z,_Z,_Z,N,2016-11,8.333798,A,0,2,
OECD.SDD.STES:DSD_STES@DF_FINMARK(4.0),CRI,M,IRLT,PA,_Z,_Z,_Z,_Z,N,2016-12,8.38562,A,0,2,
OECD.SDD.STES:DSD_STES@DF_FINMARK(4.0),CRI,M,IRLT,PA,_Z,_Z,_Z,_Z,N,2017-01,8.373899,A,0,2,
OECD.SDD.STES:DSD_STES@DF_FINMARK(4.0),CRI,M,IRLT,PA,_Z,_Z,_Z,_Z,N,2017-02,8.329342,A,0,2,
OECD.SDD.STES:DSD_STES@DF_FINMARK(4.0),CRI,M,IRLT,PA,_Z,_Z,_Z,_Z,N,2017-03,8.374182,A,0,2,
OECD.SDD.STES:DSD_STES@DF_FINMARK(4.0),CRI,M,IRLT,PA,_Z,_Z,_Z,_Z,N,2017-04,8.489732,A,0,2,
OECD.SDD.STES:DSD_STES@DF_FINMARK(4.0),CRI,M,IRLT,PA,_Z,_Z,_Z,_Z,N,2017-05,8.444304,A,0,2,
OECD.SDD.STES:DSD_STES@DF_FINMARK(4.0),CRI,M,IRLT,PA,_Z,_Z,_Z,_Z,N,2017-06,8.315769,A,0,2,
OECD.SDD.STES:DSD_STES@DF_FINMARK(4.0),CRI,M,IRLT,PA,_Z,_Z,_Z,_Z,N,2017-07,8.743361,A,0,2,
OECD.SDD.STES:DSD_STES@DF_FINMARK(4.0),CRI,M,IRLT,PA,_Z,_Z,_Z,_Z,N,2017-08,8.787133,A,0,2,
OECD.SDD.STES:DSD_STES@DF_FINMARK(4.0),CRI,M,IRLT,PA,_Z,_Z,_Z,_Z,N,2017-09,9.609016,A,0,2,
OECD.SDD.STES:DSD_STES@DF_FINMARK(4.0),CRI,M,IRLT,PA,_Z,_Z,_Z,_Z,N,2017-10,9.733134,A,0,2,
OECD.SDD.STES:DSD_STES@DF_FINMARK(4.0),CRI,M,IRLT,PA,_Z,_Z,_Z,_Z,N,2017-11,9.935719,A,0,2,
OECD.SDD.STES:DSD_STES@DF_FINMARK(4.0),CRI,M,IRLT,PA,_Z,_Z,_Z,_Z,N,2017-12,9.947688,A,0,2,
OECD.SDD.STES:DSD_STES@DF_FINMARK(4.0),CRI,M,IRLT,PA,_Z,_Z,_Z,_Z,N,2018-01,9.826592,A,0,2,
OECD.SDD.STES:DSD_STES@DF_FINMARK(4.0),CRI,M,IRLT,PA,_Z,_Z,_Z,_Z,N,2018-02,9.896644,A,0,2,
OECD.SDD.STES:DSD_STES@DF_FINMARK(4.0),CRI,M,IRLT,PA,_Z,_Z,_Z,_Z,N,2018-03,9.73925,A,0,2,
OECD.SDD.STES:DSD_STES@DF_FINMARK(4.0),CRI,M,IRLT,PA,_Z,_Z,_Z,_Z,N,2018-04,9.6145,A,0,2,
OECD.SDD.STES:DSD_STES@DF_FINMARK(4.0),CRI,M,IRLT,PA,_Z,_Z,_Z,_Z,N,2018-05,9.7764,A,0,2,
OECD.SDD.STES:DSD_STES@DF_FINMARK(4.0),CRI,M,IRLT,PA,_Z,_Z,_Z,_Z,N,2018-06,9.7525,A,0,2,
OECD.SDD.STES:DSD_STES@DF_FINMARK(4.0),CRI,M,IRLT,PA,_Z,_Z,_Z,_Z,N,2018-07,9.8785,A,0,2,
OECD.SDD.STES:DSD_STES@DF_FINMARK(4.0),CRI,M,IRLT,PA,_Z,_Z,_Z,_Z,N,2018-08,9.7978,A,0,2,
OECD.SDD.STES:DSD_STES@DF_FINMARK(4.0),CRI,M,IRLT,PA,_Z,_Z,_Z,_Z,N,2018-09,9.962,A,0,2,
OECD.SDD.STES:DSD_STES@DF_FINMARK(4.0),CRI,M,IRLT,PA,_Z,_Z,_Z,_Z,N,2018-10,10.169,A,0,2,
OECD.SDD.STES:DSD_STES@DF_FINMARK(4.0),CRI,M,IRLT,PA,_Z,_Z,_Z,_Z,N,2018-11,10.181,A,0,2,
OECD.SDD.STES:DSD_STES@DF_FINMARK(4.0),CRI,M,IRLT,PA,_Z,_Z,_Z,_Z,N,2018-12,11.10375,A,0,2,
OECD.SDD.STES:DSD_STES@DF_FINMARK(4.0),CRI,M,IRLT,PA,_Z,_Z,_Z,_Z,N,2019-01,11.9576,A,0,2,
OECD.SDD.STES:DSD_STES@DF_FINMARK(4.0),CRI,M,IRLT,PA,_Z,_Z,_Z,_Z,N,2019-02,11.747,A,0,2,
OECD.SDD.STES:DSD_STES@DF_FINMARK(4.0),CRI,M,IRLT,PA,_Z,_Z,_Z,_Z,N,2019-03,12.31325,A,0,2,
OECD.SDD.STES:DSD_STES@DF_FINMARK(4.0),CRI,M,IRLT,PA,_Z,_Z,_Z,_Z,N,2019-04,12.05175,A,0,2,
OECD.SDD.STES:DSD_STES@DF_FINMARK(4.0),CRI,M,IRLT,PA,_Z,_Z,_Z,_Z,N,2019-05,10.8902,A,0,2,
OECD.SDD.STES:DSD_STES@DF_FINMARK(4.0),CRI,M,IRLT,PA,_Z,_Z,_Z,_Z,N,2019-06,10.4,A,0,2,
OECD.SDD.STES:DSD_STES@DF_FINMARK(4.0),CRI,M,IRLT,PA,_Z,_Z,_Z,_Z,N,2019-07,10.3042,A,0,2,
OECD.SDD.STES:DSD_STES@DF_FINMARK(4.0),CRI,M,IRLT,PA,_Z,_Z,_Z,_Z,N,2019-08,9.96425,A,0,2,
OECD.SDD.STES:DSD_STES@DF_FINMARK(4.0),CRI,M,IRLT,PA,_Z,_Z,_Z,_Z,N,2019-09,9.952,A,0,2,
OECD.SDD.STES:DSD_STES@DF_FINMARK(4.0),CRI,M,IRLT,PA,_Z,_Z,_Z,_Z,N,2019-10,9.7332,A,0,2,
OECD.SDD.STES:DSD_STES@DF_FINMARK(4.0),CRI,M,IRLT,PA,_Z,_Z,_Z,_Z,N,2019-11,9.0995,A,0,2,
OECD.SDD.STES:DSD_STES@DF_FINMARK(4.0),CRI,M,IRLT,PA,_Z,_Z,_Z,_Z,N,2019-12,8.73525,A,0,2,
OECD.SDD.STES:DSD_STES@DF_FINMARK(4.0),CRI,M,IRLT,PA,_Z,_Z,_Z,_Z,N,2020-01,8.5214,A,0,2,
OECD.SDD.STES:DSD_STES@DF_FINMARK(4.0),CRI,M,IRLT,PA,_Z,_Z,_Z,_Z,N,2020-02,8.1565,A,0,2,
OECD.SDD.STES:DSD_STES@DF_FINMARK(4.0),CRI,M,IRLT,PA,_Z,_Z,_Z,_Z,N,2020-03,8.319,A,0,2,
OECD.SDD.STES:DSD_STES@DF_FINMARK(4.0),CRI,M,IRLT,PA,_Z,_Z,_Z,_Z,N,2020-04,8.4178,A,0,2,
OECD.SDD.STES:DSD_STES@DF_FINMARK(4.0),CRI,M,IRLT,PA,_Z,_Z,_Z,_Z,N,2020-05,8.575,A,0,2,
OECD.SDD.STES:DSD_STES@DF_FINMARK(4.0),CRI,M,IRLT,PA,_Z,_Z,_Z,_Z,N,2020-06,8.4775,A,0,2,
OECD.SDD.STES:DSD_STES@DF_FINMARK(4.0),CRI,M,IRLT,PA,_Z,_Z,_Z,_Z,N,2020-07,9.0746,A,0,2,
OECD.SDD.STES:DSD_STES@DF_FINMARK(4.0),CRI,M,IRLT,PA,_Z,_Z,_Z,_Z,N,2020-08,9.06175,A,0,2,
OECD.SDD.STES:DSD_STES@DF_FINMARK(4.0),CRI,M,IRLT,PA,_Z,_Z,_Z,_Z,N,2020-09,9.2196,A,0,2,
OECD.SDD.STES:DSD_STES@DF_FINMARK(4.0),CRI,M,IRLT,PA,_Z,_Z,_Z,_Z,N,2020-10,9.358,A,0,2,
OECD.SDD.STES:DSD_STES@DF_FINMARK(4.0),CRI,M,IRLT,PA,_Z,_Z,_Z,_Z,N,2020-11,9.3105,A,0,2,
OECD.SDD.STES:DSD_STES@DF_FINMARK(4.0),CRI,M,IRLT,PA,_Z,_Z,_Z,_Z,N,2020-12,9.560391,A,0,2,
OECD.SDD.STES:DSD_STES@DF_FINMARK(4.0),CRI,M,IRLT,PA,_Z,_Z,_Z,_Z,N,2021-01,9.63471,A,0,2,
OECD.SDD.STES:DSD_STES@DF_FINMARK(4.0),CRI,M,IRLT,PA,_Z,_Z,_Z,_Z,N,2021-02,9.313719,A,0,2,
OECD.SDD.STES:DSD_STES@DF_FINMARK(4.0),CRI,M,IRLT,PA,_Z,_Z,_Z,_Z,N,2021-03,9.335773,A,0,2,
OECD.SDD.STES:DSD_STES@DF_FINMARK(4.0),CRI,M,IRLT,PA,_Z,_Z,_Z,_Z,N,2021-04,9.226683,A,0,2,
OECD.SDD.STES:DSD_STES@DF_FINMARK(4.0),CRI,M,IRLT,PA,_Z,_Z,_Z,_Z,N,2021-05,8.835665,A,0,2,
OECD.SDD.STES:DSD_STES@DF_FINMARK(4.0),CRI,M,IRLT,PA,_Z,_Z,_Z,_Z,N,2021-06,8.326866,A,0,2,
OECD.SDD.STES:DSD_STES@DF_FINMARK(4.0),CRI,M,IRLT,PA,_Z,_Z,_Z,_Z,N,2021-07,7.588401,A,0,2,
OECD.SDD.STES:DSD_STES@DF_FINMARK(4.0),CRI,M,IRLT,PA,_Z,_Z,_Z,_Z,N,2021-08,6.836487,A,0,2,
OECD.SDD.STES:DSD_STES@DF_FINMARK(4.0),CRI,M,IRLT,PA,_Z,_Z,_Z,_Z,N,2021-09,6.341501,A,0,2,
OECD.SDD.STES:DSD_STES@DF_FINMARK(4.0),CRI,M,IRLT,PA,_Z,_Z,_Z,_Z,N,2021-10,6.504766,A,0,2,
OECD.SDD.STES:DSD_STES@DF_FINMARK(4.0),CRI,M,IRLT,PA,_Z,_Z,_Z,_Z,N,2021-11,6.409928,A,0,2,
OECD.SDD.STES:DSD_STES@DF_FINMARK(4.0),CRI,M,IRLT,PA,_Z,_Z,_Z,_Z,N,2021-12,6.568003,A,0,2,
OECD.SDD.STES:DSD_STES@DF_FINMARK(4.0),CRI,M,IRLT,PA,_Z,_Z,_Z,_Z,N,2022-01,6.812889,A,0,2,
OECD.SDD.STES:DSD_STES@DF_FINMARK(4.0),CRI,M,IRLT,PA,_Z,_Z,_Z,_Z,N,2022-02,6.939849,A,0,2,
OECD.SDD.STES:DSD_STES@DF_FINMARK(4.0),CRI,M,IRLT,PA,_Z,_Z,_Z,_Z,N,2022-03,7.220241,A,0,2,
OECD.SDD.STES:DSD_STES@DF_FINMARK(4.0),CRI,M,IRLT,PA,_Z,_Z,_Z,_Z,N,2022-04,7.154207,A,0,2,
OECD.SDD.STES:DSD_STES@DF_FINMARK(4.0),CRI,M,IRLT,PA,_Z,_Z,_Z,_Z,N,2022-05,7.072453,A,0,2,
OECD.SDD.STES:DSD_STES@DF_FINMARK(4.0),CRI,M,IRLT,PA,_Z,_Z,_Z,_Z,N,2022-06,7.105731,A,0,2,
OECD.SDD.STES:DSD_STES@DF_FINMARK(4.0),CRI,M,IRLT,PA,_Z,_Z,_Z,_Z,N,2022-07,7.175912,A,0,2,
OECD.SDD.STES:DSD_STES@DF_FINMARK(4.0),CRI,M,IRLT,PA,_Z,_Z,_Z,_Z,N,2022-08,8.922194,A,0,2,
OECD.SDD.STES:DSD_STES@DF_FINMARK(4.0),CRI,M,IRLT,PA,_Z,_Z,_Z,_Z,N,2022-09,9.373094,A,0,2,
OECD.SDD.STES:DSD_STES@DF_FINMARK(4.0),CRI,M,IRLT,PA,_Z,_Z,_Z,_Z,N,2022-10,9.487272,A,0,2,
OECD.SDD.STES:DSD_STES@DF_FINMARK(4.0),CRI,M,IRLT,PA,_Z,_Z,_Z,_Z,N,2022-11,9.61314,A,0,2,
OECD.SDD.STES:DSD_STES@DF_FINMARK(4.0),CRI,M,IRLT,PA,_Z,_Z,_Z,_Z,N,2022-12,9.578482,A,0,2,
OECD.SDD.STES:DSD_STES@DF_FINMARK(4.0),CRI,M,IRLT,PA,_Z,_Z,_Z,_Z,N,2023-01,9.611379,A,0,2,
OECD.SDD.STES:DSD_STES@DF_FINMARK(4.0),CRI,M,IRLT,PA,_Z,_Z,_Z,_Z,N,2023-02,9.626599,A,0,2,
OECD.SDD.STES:DSD_STES@DF_FINMARK(4.0),CRI,M,IRLT,PA,_Z,_Z,_Z,_Z,N,2023-03,9.428802,A,0,2,
OECD.SDD.STES:DSD_STES@DF_FINMARK(4.0),CRI,M,IRLT,PA,_Z,_Z,_Z,_Z,N,2023-04,8.842948,A,0,2,
OECD.SDD.STES:DSD_STES@DF_FINMARK(4.0),CRI,M,IRLT,PA,_Z,_Z,_Z,_Z,N,2023-05,8.12456,A,0,2,
OECD.SDD.STES:DSD_STES@DF_FINMARK(4.0),CRI,M,IRLT,PA,_Z,_Z,_Z,_Z,N,2023-06,7.789842,A,0,2,
OECD.SDD.STES:DSD_STES@DF_FINMARK(4.0),CRI,M,IRLT,PA,_Z,_Z,_Z,_Z,N,2023-07,7.639836,A,0,2,
OECD.SDD.STES:DSD_STES@DF_FINMARK(4.0),CRI,M,IRLT,PA,_Z,_Z,_Z,_Z,N,2023-08,7.336282,A,0,2,
OECD.SDD.STES:DSD_STES@DF_FINMARK(4.0),CRI,M,IRLT,PA,_Z,_Z,_Z,_Z,N,2023-09,7.093329,A,0,2,
OECD.SDD.STES:DSD_STES@DF_FINMARK(4.0),CRI,M,IRLT,PA,_Z,_Z,_Z,_Z,N,2023-10,7.150375,A,0,2,
OECD.SDD.STES:DSD_STES@DF_FINMARK(4.0),CRI,M,IRLT,PA,_Z,_Z,_Z,_Z,N,2023-11,7.216017,A,0,2,
OECD.SDD.STES:DSD_STES@DF_FINMARK(4.0),CRI,M,IRLT,PA,_Z,_Z,_Z,_Z,N,2023-12,7.161987,A,0,2,
OECD.SDD.STES:DSD_STES@DF_FINMARK(4.0),CRI,M,IRLT,PA,_Z,_Z,_Z,_Z,N,2024-01,6.807463,A,0,2,
OECD.SDD.STES:DSD_STES@DF_FINMARK(4.0),CRI,M,IRLT,PA,_Z,_Z,_Z,_Z,N,2024-02,6.691419,A,0,2,
OECD.SDD.STES:DSD_STES@DF_FINMARK(4.0),CRI,M,IRLT,PA,_Z,_Z,_Z,_Z,N,2024-03,6.685418,A,0,2,
OECD.SDD.STES:DSD_STES@DF_FINMARK(4.0),CRI,M,IRLT,PA,_Z,_Z,_Z,_Z,N,2024-04,6.518298,A,0,2,
OECD.SDD.STES:DSD_STES@DF_FINMARK(4.0),CRI,M,IRLT,PA,_Z,_Z,_Z,_Z,N,2024-05,6.473825,A,0,2,
OECD.SDD.STES:DSD_STES@DF_FINMARK(4.0),CRI,M,IRLT,PA,_Z,_Z,_Z,_Z,N,2024-06,6.448437,A,0,2,
OECD.SDD.STES:DSD_STES@DF_FINMARK(4.0),CRI,M,IRLT,PA,_Z,_Z,_Z,_Z,N,2024-07,6.425354,A,0,2,
OECD.SDD.STES:DSD_STES@DF_FINMARK(4.0),CRI,M,IRLT,PA,_Z,_Z,_Z,_Z,N,2024-08,6.447659,A,0,2,
OECD.SDD.STES:DSD_STES@DF_FINMARK(4.0),CRI,M,IRLT,PA,_Z,_Z,_Z,_Z,N,2024-09,6.460644,A,0,2,
OECD.SDD.STES:DSD_STES@DF_FINMARK(4.0),CRI,M,IRLT,PA,_Z,_Z,_Z,_Z,N,2024-10,6.425794,A,0,2,
OECD.SDD.STES:DSD_STES@DF_FINMARK(4.0),CRI,M,IRLT,PA,_Z,_Z,_Z,_Z,N,2024-11,6.406806,A,0,2,
OECD.SDD.STES:DSD_STES@DF_FINMARK(4.0),CRI,M,IRLT,PA,_Z,_Z,_Z,_Z,N,2024-12,6.420618,A,0,2,
OECD.SDD.STES:DSD_STES@DF_FINMARK(4.0),CRI,M,IRLT,PA,_Z,_Z,_Z,_Z,N,2025-01,6.440717,A,0,2,
OECD.SDD.STES:DSD_STES@DF_FINMARK(4.0),CRI,M,IRLT,PA,_Z,_Z,_Z,_Z,N,2025-02,6.460239,A,0,2,
OECD.SDD.STES:DSD_STES@DF_FINMARK(4.0),CRI,M,IRLT,PA,_Z,_Z,_Z,_Z,N,2025-03,6.478605,A,0,2,
OECD.SDD.STES:DSD_STES@DF_FINMARK(4.0),CRI,M,IRLT,PA,_Z,_Z,_Z,_Z,N,2025-04,6.514502,A,0,2,
OECD.SDD.STES:DSD_STES@DF_FINMARK(4.0),CRI,M,IRLT,PA,_Z,_Z,_Z,_Z,N,2025-05,6.477301,A,0,2,
OECD.SDD.STES:DSD_STES@DF_FINMARK(4.0),CRI,M,IRLT,PA,_Z,_Z,_Z,_Z,N,2025-06,6.529454,A,0,2,
OECD.SDD.STES:DSD_STES@DF_FINMARK(4.0),CRI,M,IRLT,PA,_Z,_Z,_Z,_Z,N,2025-07,6.548319,A,0,2,
OECD.SDD.STES:DSD_STES@DF_FINMARK(4.0),CRI,M,IRLT,PA,_Z,_Z,_Z,_Z,N,2025-08,6.541758,A,0,2,
OECD.SDD.STES:DSD_STES@DF_FINMARK(4.0),CRI,M,IRLT,PA,_Z,_Z,_Z,_Z,N,2025-09,6.548936,A,0,2,
OECD.SDD.STES:DSD_STES@DF_FINMARK(4.0),CRI,M,IRLT,PA,_Z,_Z,_Z,_Z,N,2025-10,6.629573,A,0,2,
OECD.SDD.STES:DSD_STES@DF_FINMARK(4.0),CRI,M,IRLT,PA,_Z,_Z,_Z,_Z,N,2025-11,6.802811,A,0,2,
OECD.SDD.STES:DSD_STES@DF_FINMARK(4.0),CRI,M,IRLT,PA,_Z,_Z,_Z,_Z,N,2025-12,6.686883,A,0,2,
OECD.SDD.STES:DSD_STES@DF_FINMARK(4.0),CRI,M,IRLT,PA,_Z,_Z,_Z,_Z,N,2026-01,6.637717,A,0,2,
OECD.SDD.STES:DSD_STES@DF_FINMARK(4.0),CRI,M,IRLT,PA,_Z,_Z,_Z,_Z,N,2026-02,6.660392,A,0,2,
OECD.SDD.STES:DSD_STES@DF_FINMARK(4.0),CRI,M,IRLT,PA,_Z,_Z,_Z,_Z,N,2026-03,6.639163,A,0,2,
OECD.SDD.STES:DSD_STES@DF_FINMARK(4.0),CRI,M,IRLT,PA,_Z,_Z,_Z,_Z,N,2026-04,6.632488,A,0,2,
OECD.SDD.STES:DSD_STES@DF_FINMARK(4.0),IDN,M,IRLT,PA,_Z,_Z,_Z,_Z,N,2015-01,7.05,A,0,2,
OECD.SDD.STES:DSD_STES@DF_FINMARK(4.0),IDN,M,IRLT,PA,_Z,_Z,_Z,_Z,N,2015-02,6.86,A,0,2,
OECD.SDD.STES:DSD_STES@DF_FINMARK(4.0),IDN,M,IRLT,PA,_Z,_Z,_Z,_Z,N,2015-03,7.41,A,0,2,
OECD.SDD.STES:DSD_STES@DF_FINMARK(4.0),IDN,M,IRLT,PA,_Z,_Z,_Z,_Z,N,2015-04,7.7,A,0,2,
OECD.SDD.STES:DSD_STES@DF_FINMARK(4.0),IDN,M,IRLT,PA,_Z,_Z,_Z,_Z,N,2015-05,8.1,A,0,2,
OECD.SDD.STES:DSD_STES@DF_FINMARK(4.0),IDN,M,IRLT,PA,_Z,_Z,_Z,_Z,N,2015-06,8.37,A,0,2,
OECD.SDD.STES:DSD_STES@DF_FINMARK(4.0),IDN,M,IRLT,PA,_Z,_Z,_Z,_Z,N,2015-07,8.57,A,0,2,
OECD.SDD.STES:DSD_STES@DF_FINMARK(4.0),IDN,M,IRLT,PA,_Z,_Z,_Z,_Z,N,2015-08,8.73,A,0,2,
OECD.SDD.STES:DSD_STES@DF_FINMARK(4.0),IDN,M,IRLT,PA,_Z,_Z,_Z,_Z,N,2015-09,9.64,A,0,2,
OECD.SDD.STES:DSD_STES@DF_FINMARK(4.0),IDN,M,IRLT,PA,_Z,_Z,_Z,_Z,N,2015-10,8.79,A,0,2,
OECD.SDD.STES:DSD_STES@DF_FINMARK(4.0),IDN,M,IRLT,PA,_Z,_Z,_Z,_Z,N,2015-11,8.62,A,0,2,
OECD.SDD.STES:DSD_STES@DF_FINMARK(4.0),IDN,M,IRLT,PA,_Z,_Z,_Z,_Z,N,2015-12,8.82,A,0,2,
OECD.SDD.STES:DSD_STES@DF_FINMARK(4.0),IDN,M,IRLT,PA,_Z,_Z,_Z,_Z,N,2016-01,8.38,A,0,2,
OECD.SDD.STES:DSD_STES@DF_FINMARK(4.0),IDN,M,IRLT,PA,_Z,_Z,_Z,_Z,N,2016-02,8.2,A,0,2,
OECD.SDD.STES:DSD_STES@DF_FINMARK(4.0),IDN,M,IRLT,PA,_Z,_Z,_Z,_Z,N,2016-03,7.66,A,0,2,
OECD.SDD.STES:DSD_STES@DF_FINMARK(4.0),IDN,M,IRLT,PA,_Z,_Z,_Z,_Z,N,2016-04,7.7,A,0,2,
OECD.SDD.STES:DSD_STES@DF_FINMARK(4.0),IDN,M,IRLT,PA,_Z,_Z,_Z,_Z,N,2016-05,7.83,A,0,2,
OECD.SDD.STES:DSD_STES@DF_FINMARK(4.0),IDN,M,IRLT,PA,_Z,_Z,_Z,_Z,N,2016-06,7.43,A,0,2,
OECD.SDD.STES:DSD_STES@DF_FINMARK(4.0),IDN,M,IRLT,PA,_Z,_Z,_Z,_Z,N,2016-07,6.9,A,0,2,
OECD.SDD.STES:DSD_STES@DF_FINMARK(4.0),IDN,M,IRLT,PA,_Z,_Z,_Z,_Z,N,2016-08,7.14,A,0,2,
OECD.SDD.STES:DSD_STES@DF_FINMARK(4.0),IDN,M,IRLT,PA,_Z,_Z,_Z,_Z,N,2016-09,6.99,A,0,2,
OECD.SDD.STES:DSD_STES@DF_FINMARK(4.0),IDN,M,IRLT,PA,_Z,_Z,_Z,_Z,N,2016-10,7.27,A,0,2,
OECD.SDD.STES:DSD_STES@DF_FINMARK(4.0),IDN,M,IRLT,PA,_Z,_Z,_Z,_Z,N,2016-11,8.17,A,0,2,
OECD.SDD.STES:DSD_STES@DF_FINMARK(4.0),IDN,M,IRLT,PA,_Z,_Z,_Z,_Z,N,2016-12,7.99,A,0,2,
OECD.SDD.STES:DSD_STES@DF_FINMARK(4.0),IDN,M,IRLT,PA,_Z,_Z,_Z,_Z,N,2017-01,7.59,A,0,2,
OECD.SDD.STES:DSD_STES@DF_FINMARK(4.0),IDN,M,IRLT,PA,_Z,_Z,_Z,_Z,N,2017-02,7.53,A,0,2,
OECD.SDD.STES:DSD_STES@DF_FINMARK(4.0),IDN,M,IRLT,PA,_Z,_Z,_Z,_Z,N,2017-03,7.01,A,0,2,
OECD.SDD.STES:DSD_STES@DF_FINMARK(4.0),IDN,M,IRLT,PA,_Z,_Z,_Z,_Z,N,2017-04,7.01,A,0,2,
OECD.SDD.STES:DSD_STES@DF_FINMARK(4.0),IDN,M,IRLT,PA,_Z,_Z,_Z,_Z,N,2017-05,6.94,A,0,2,
OECD.SDD.STES:DSD_STES@DF_FINMARK(4.0),IDN,M,IRLT,PA,_Z,_Z,_Z,_Z,N,2017-06,6.8,A,0,2,
OECD.SDD.STES:DSD_STES@DF_FINMARK(4.0),IDN,M,IRLT,PA,_Z,_Z,_Z,_Z,N,2017-07,6.93,A,0,2,
OECD.SDD.STES:DSD_STES@DF_FINMARK(4.0),IDN,M,IRLT,PA,_Z,_Z,_Z,_Z,N,2017-08,6.67,A,0,2,
OECD.SDD.STES:DSD_STES@DF_FINMARK(4.0),IDN,M,IRLT,PA,_Z,_Z,_Z,_Z,N,2017-09,6.47,A,0,2,
OECD.SDD.STES:DSD_STES@DF_FINMARK(4.0),IDN,M,IRLT,PA,_Z,_Z,_Z,_Z,N,2017-10,6.81,A,0,2,
OECD.SDD.STES:DSD_STES@DF_FINMARK(4.0),IDN,M,IRLT,PA,_Z,_Z,_Z,_Z,N,2017-11,6.49,A,0,2,
OECD.SDD.STES:DSD_STES@DF_FINMARK(4.0),IDN,M,IRLT,PA,_Z,_Z,_Z,_Z,N,2017-12,6.29,A,0,2,
OECD.SDD.STES:DSD_STES@DF_FINMARK(4.0),IDN,M,IRLT,PA,_Z,_Z,_Z,_Z,N,2018-01,6.26,A,0,2,
OECD.SDD.STES:DSD_STES@DF_FINMARK(4.0),IDN,M,IRLT,PA,_Z,_Z,_Z,_Z,N,2018-02,6.53,A,0,2,
OECD.SDD.STES:DSD_STES@DF_FINMARK(4.0),IDN,M,IRLT,PA,_Z,_Z,_Z,_Z,N,2018-03,6.66,A,0,2,
OECD.SDD.STES:DSD_STES@DF_FINMARK(4.0),IDN,M,IRLT,PA,_Z,_Z,_Z,_Z,N,2018-04,6.86,A,0,2,
OECD.SDD.STES:DSD_STES@DF_FINMARK(4.0),IDN,M,IRLT,PA,_Z,_Z,_Z,_Z,N,2018-05,7,A,0,2,
OECD.SDD.STES:DSD_STES@DF_FINMARK(4.0),IDN,M,IRLT,PA,_Z,_Z,_Z,_Z,N,2018-06,7.88,A,0,2,
OECD.SDD.STES:DSD_STES@DF_FINMARK(4.0),IDN,M,IRLT,PA,_Z,_Z,_Z,_Z,N,2018-07,7.7,A,0,2,
OECD.SDD.STES:DSD_STES@DF_FINMARK(4.0),IDN,M,IRLT,PA,_Z,_Z,_Z,_Z,N,2018-08,8.1,A,0,2,
OECD.SDD.STES:DSD_STES@DF_FINMARK(4.0),IDN,M,IRLT,PA,_Z,_Z,_Z,_Z,N,2018-09,8.14,A,0,2,
OECD.SDD.STES:DSD_STES@DF_FINMARK(4.0),IDN,M,IRLT,PA,_Z,_Z,_Z,_Z,N,2018-10,8.56,A,0,2,
OECD.SDD.STES:DSD_STES@DF_FINMARK(4.0),IDN,M,IRLT,PA,_Z,_Z,_Z,_Z,N,2018-11,7.83,A,0,2,
OECD.SDD.STES:DSD_STES@DF_FINMARK(4.0),IDN,M,IRLT,PA,_Z,_Z,_Z,_Z,N,2018-12,7.97,A,0,2,
OECD.SDD.STES:DSD_STES@DF_FINMARK(4.0),IDN,M,IRLT,PA,_Z,_Z,_Z,_Z,N,2019-01,8.06,A,0,2,
OECD.SDD.STES:DSD_STES@DF_FINMARK(4.0),IDN,M,IRLT,PA,_Z,_Z,_Z,_Z,N,2019-02,7.82,A,0,2,
OECD.SDD.STES:DSD_STES@DF_FINMARK(4.0),IDN,M,IRLT,PA,_Z,_Z,_Z,_Z,N,2019-03,7.66,A,0,2,
OECD.SDD.STES:DSD_STES@DF_FINMARK(4.0),IDN,M,IRLT,PA,_Z,_Z,_Z,_Z,N,2019-04,7.8,A,0,2,
OECD.SDD.STES:DSD_STES@DF_FINMARK(4.0),IDN,M,IRLT,PA,_Z,_Z,_Z,_Z,N,2019-05,7.8768,A,0,2,
OECD.SDD.STES:DSD_STES@DF_FINMARK(4.0),IDN,M,IRLT,PA,_Z,_Z,_Z,_Z,N,2019-06,7.3346,A,0,2,
OECD.SDD.STES:DSD_STES@DF_FINMARK(4.0),IDN,M,IRLT,PA,_Z,_Z,_Z,_Z,N,2019-07,7.354,A,0,2,
OECD.SDD.STES:DSD_STES@DF_FINMARK(4.0),IDN,M,IRLT,PA,_Z,_Z,_Z,_Z,N,2019-08,7.3012,A,0,2,
OECD.SDD.STES:DSD_STES@DF_FINMARK(4.0),IDN,M,IRLT,PA,_Z,_Z,_Z,_Z,N,2019-09,7.2652,A,0,2,
OECD.SDD.STES:DSD_STES@DF_FINMARK(4.0),IDN,M,IRLT,PA,_Z,_Z,_Z,_Z,N,2019-10,6.981,A,0,2,
OECD.SDD.STES:DSD_STES@DF_FINMARK(4.0),IDN,M,IRLT,PA,_Z,_Z,_Z,_Z,N,2019-11,7.0586,A,0,2,
OECD.SDD.STES:DSD_STES@DF_FINMARK(4.0),IDN,M,IRLT,PA,_Z,_Z,_Z,_Z,N,2019-12,7.0722,A,0,2,
OECD.SDD.STES:DSD_STES@DF_FINMARK(4.0),IDN,M,IRLT,PA,_Z,_Z,_Z,_Z,N,2020-01,6.6598,A,0,2,
OECD.SDD.STES:DSD_STES@DF_FINMARK(4.0),IDN,M,IRLT,PA,_Z,_Z,_Z,_Z,N,2020-02,6.871,A,0,2,
OECD.SDD.STES:DSD_STES@DF_FINMARK(4.0),IDN,M,IRLT,PA,_Z,_Z,_Z,_Z,N,2020-03,7.87,A,0,2,
OECD.SDD.STES:DSD_STES@DF_FINMARK(4.0),IDN,M,IRLT,PA,_Z,_Z,_Z,_Z,N,2020-04,7.8172,A,0,2,
OECD.SDD.STES:DSD_STES@DF_FINMARK(4.0),IDN,M,IRLT,PA,_Z,_Z,_Z,_Z,N,2020-05,7.3095,A,0,2,
OECD.SDD.STES:DSD_STES@DF_FINMARK(4.0),IDN,M,IRLT,PA,_Z,_Z,_Z,_Z,N,2020-06,7.1707,A,0,2,
OECD.SDD.STES:DSD_STES@DF_FINMARK(4.0),IDN,M,IRLT,PA,_Z,_Z,_Z,_Z,N,2020-07,6.777756,A,0,2,
OECD.SDD.STES:DSD_STES@DF_FINMARK(4.0),IDN,M,IRLT,PA,_Z,_Z,_Z,_Z,N,2020-08,6.836486,A,0,2,
OECD.SDD.STES:DSD_STES@DF_FINMARK(4.0),IDN,M,IRLT,PA,_Z,_Z,_Z,_Z,N,2020-09,6.88042,A,0,2,
OECD.SDD.STES:DSD_STES@DF_FINMARK(4.0),IDN,M,IRLT,PA,_Z,_Z,_Z,_Z,N,2020-10,6.578206,A,0,2,
OECD.SDD.STES:DSD_STES@DF_FINMARK(4.0),IDN,M,IRLT,PA,_Z,_Z,_Z,_Z,N,2020-11,6.161688,A,0,2,
OECD.SDD.STES:DSD_STES@DF_FINMARK(4.0),IDN,M,IRLT,PA,_Z,_Z,_Z,_Z,N,2020-12,5.925991,A,0,2,
OECD.SDD.STES:DSD_STES@DF_FINMARK(4.0),IDN,M,IRLT,PA,_Z,_Z,_Z,_Z,N,2021-01,6.211745,A,0,2,
OECD.SDD.STES:DSD_STES@DF_FINMARK(4.0),IDN,M,IRLT,PA,_Z,_Z,_Z,_Z,N,2021-02,6.59674,A,0,2,
OECD.SDD.STES:DSD_STES@DF_FINMARK(4.0),IDN,M,IRLT,PA,_Z,_Z,_Z,_Z,N,2021-03,6.77387,A,0,2,
OECD.SDD.STES:DSD_STES@DF_FINMARK(4.0),IDN,M,IRLT,PA,_Z,_Z,_Z,_Z,N,2021-04,6.447473,A,0,2,
OECD.SDD.STES:DSD_STES@DF_FINMARK(4.0),IDN,M,IRLT,PA,_Z,_Z,_Z,_Z,N,2021-05,6.376468,A,0,2,
OECD.SDD.STES:DSD_STES@DF_FINMARK(4.0),IDN,M,IRLT,PA,_Z,_Z,_Z,_Z,N,2021-06,6.555274,A,0,2,
OECD.SDD.STES:DSD_STES@DF_FINMARK(4.0),IDN,M,IRLT,PA,_Z,_Z,_Z,_Z,N,2021-07,6.236538,A,0,2,
OECD.SDD.STES:DSD_STES@DF_FINMARK(4.0),IDN,M,IRLT,PA,_Z,_Z,_Z,_Z,N,2021-08,6.040791,A,0,2,
OECD.SDD.STES:DSD_STES@DF_FINMARK(4.0),IDN,M,IRLT,PA,_Z,_Z,_Z,_Z,N,2021-09,6.348333,A,0,2,
OECD.SDD.STES:DSD_STES@DF_FINMARK(4.0),IDN,M,IRLT,PA,_Z,_Z,_Z,_Z,N,2021-10,6.16179,A,0,2,
OECD.SDD.STES:DSD_STES@DF_FINMARK(4.0),IDN,M,IRLT,PA,_Z,_Z,_Z,_Z,N,2021-11,6.252629,A,0,2,
OECD.SDD.STES:DSD_STES@DF_FINMARK(4.0),IDN,M,IRLT,PA,_Z,_Z,_Z,_Z,N,2021-12,6.353757,A,0,2,
OECD.SDD.STES:DSD_STES@DF_FINMARK(4.0),IDN,M,IRLT,PA,_Z,_Z,_Z,_Z,N,2022-01,6.413286,A,0,2,
OECD.SDD.STES:DSD_STES@DF_FINMARK(4.0),IDN,M,IRLT,PA,_Z,_Z,_Z,_Z,N,2022-02,6.499663,A,0,2,
OECD.SDD.STES:DSD_STES@DF_FINMARK(4.0),IDN,M,IRLT,PA,_Z,_Z,_Z,_Z,N,2022-03,6.714029,A,0,2,
OECD.SDD.STES:DSD_STES@DF_FINMARK(4.0),IDN,M,IRLT,PA,_Z,_Z,_Z,_Z,N,2022-04,6.956494,A,0,2,
OECD.SDD.STES:DSD_STES@DF_FINMARK(4.0),IDN,M,IRLT,PA,_Z,_Z,_Z,_Z,N,2022-05,7.058009,A,0,2,
OECD.SDD.STES:DSD_STES@DF_FINMARK(4.0),IDN,M,IRLT,PA,_Z,_Z,_Z,_Z,N,2022-06,7.171133,A,0,2,
OECD.SDD.STES:DSD_STES@DF_FINMARK(4.0),IDN,M,IRLT,PA,_Z,_Z,_Z,_Z,N,2022-07,7.109228,A,0,2,
OECD.SDD.STES:DSD_STES@DF_FINMARK(4.0),IDN,M,IRLT,PA,_Z,_Z,_Z,_Z,N,2022-08,7.11,A,0,2,
OECD.SDD.STES:DSD_STES@DF_FINMARK(4.0),IDN,M,IRLT,PA,_Z,_Z,_Z,_Z,N,2022-09,7.34,A,0,2,
OECD.SDD.STES:DSD_STES@DF_FINMARK(4.0),IDN,M,IRLT,PA,_Z,_Z,_Z,_Z,N,2022-10,7.5,A,0,2,
OECD.SDD.STES:DSD_STES@DF_FINMARK(4.0),IDN,M,IRLT,PA,_Z,_Z,_Z,_Z,N,2022-11,6.89,A,0,2,
OECD.SDD.STES:DSD_STES@DF_FINMARK(4.0),IDN,M,IRLT,PA,_Z,_Z,_Z,_Z,N,2022-12,6.91,A,0,2,
OECD.SDD.STES:DSD_STES@DF_FINMARK(4.0),IDN,M,IRLT,PA,_Z,_Z,_Z,_Z,N,2023-01,6.69,A,0,2,
OECD.SDD.STES:DSD_STES@DF_FINMARK(4.0),IDN,M,IRLT,PA,_Z,_Z,_Z,_Z,N,2023-02,6.86,A,0,2,
OECD.SDD.STES:DSD_STES@DF_FINMARK(4.0),IDN,M,IRLT,PA,_Z,_Z,_Z,_Z,N,2023-03,6.77,A,0,2,
OECD.SDD.STES:DSD_STES@DF_FINMARK(4.0),IDN,M,IRLT,PA,_Z,_Z,_Z,_Z,N,2023-04,6.45,A,0,2,
OECD.SDD.STES:DSD_STES@DF_FINMARK(4.0),IDN,M,IRLT,PA,_Z,_Z,_Z,_Z,N,2023-05,6.36,A,0,2,
OECD.SDD.STES:DSD_STES@DF_FINMARK(4.0),IDN,M,IRLT,PA,_Z,_Z,_Z,_Z,N,2023-06,6.22,A,0,2,
OECD.SDD.STES:DSD_STES@DF_FINMARK(4.0),IDN,M,IRLT,PA,_Z,_Z,_Z,_Z,N,2023-07,6.33,A,0,2,
OECD.SDD.STES:DSD_STES@DF_FINMARK(4.0),IDN,M,IRLT,PA,_Z,_Z,_Z,_Z,N,2023-08,6.36,A,0,2,
OECD.SDD.STES:DSD_STES@DF_FINMARK(4.0),IDN,M,IRLT,PA,_Z,_Z,_Z,_Z,N,2023-09,6.91,A,0,2,
OECD.SDD.STES:DSD_STES@DF_FINMARK(4.0),IDN,M,IRLT,PA,_Z,_Z,_Z,_Z,N,2023-10,7.05,A,0,2,
OECD.SDD.STES:DSD_STES@DF_FINMARK(4.0),IDN,M,IRLT,PA,_Z,_Z,_Z,_Z,N,2023-11,6.6,A,0,2,
OECD.SDD.STES:DSD_STES@DF_FINMARK(4.0),IDN,M,IRLT,PA,_Z,_Z,_Z,_Z,N,2023-12,6.6,A,0,2,
OECD.SDD.STES:DSD_STES@DF_FINMARK(4.0),IDN,M,IRLT,PA,_Z,_Z,_Z,_Z,N,2024-01,6.56,A,0,2,
OECD.SDD.STES:DSD_STES@DF_FINMARK(4.0),IDN,M,IRLT,PA,_Z,_Z,_Z,_Z,N,2024-02,6.6,A,0,2,
OECD.SDD.STES:DSD_STES@DF_FINMARK(4.0),IDN,M,IRLT,PA,_Z,_Z,_Z,_Z,N,2024-03,6.68,A,0,2,
OECD.SDD.STES:DSD_STES@DF_FINMARK(4.0),IDN,M,IRLT,PA,_Z,_Z,_Z,_Z,N,2024-04,7.22,A,0,2,
OECD.SDD.STES:DSD_STES@DF_FINMARK(4.0),IDN,M,IRLT,PA,_Z,_Z,_Z,_Z,N,2024-05,6.9,A,0,2,
OECD.SDD.STES:DSD_STES@DF_FINMARK(4.0),IDN,M,IRLT,PA,_Z,_Z,_Z,_Z,N,2024-06,7.03,A,0,2,
OECD.SDD.STES:DSD_STES@DF_FINMARK(4.0),IDN,M,IRLT,PA,_Z,_Z,_Z,_Z,N,2024-07,6.89,A,0,2,
OECD.SDD.STES:DSD_STES@DF_FINMARK(4.0),IDN,M,IRLT,PA,_Z,_Z,_Z,_Z,N,2024-08,6.62,A,0,2,
OECD.SDD.STES:DSD_STES@DF_FINMARK(4.0),IDN,M,IRLT,PA,_Z,_Z,_Z,_Z,N,2024-09,6.43,A,0,2,
OECD.SDD.STES:DSD_STES@DF_FINMARK(4.0),IDN,M,IRLT,PA,_Z,_Z,_Z,_Z,N,2024-10,6.76,A,0,2,
OECD.SDD.STES:DSD_STES@DF_FINMARK(4.0),IDN,M,IRLT,PA,_Z,_Z,_Z,_Z,N,2024-11,6.82,A,0,2,
OECD.SDD.STES:DSD_STES@DF_FINMARK(4.0),IDN,M,IRLT,PA,_Z,_Z,_Z,_Z,N,2024-12,7.01,A,0,2,
OECD.SDD.STES:DSD_STES@DF_FINMARK(4.0),CHN,M,IRLT,PA,_Z,_Z,_Z,_Z,N,2015-01,3.4966,A,0,2,
OECD.SDD.STES:DSD_STES@DF_FINMARK(4.0),CHN,M,IRLT,PA,_Z,_Z,_Z,_Z,N,2015-02,3.3602,A,0,2,
OECD.SDD.STES:DSD_STES@DF_FINMARK(4.0),CHN,M,IRLT,PA,_Z,_Z,_Z,_Z,N,2015-03,3.6483,A,0,2,
OECD.SDD.STES:DSD_STES@DF_FINMARK(4.0),CHN,M,IRLT,PA,_Z,_Z,_Z,_Z,N,2015-04,3.3503,A,0,2,
OECD.SDD.STES:DSD_STES@DF_FINMARK(4.0),CHN,M,IRLT,PA,_Z,_Z,_Z,_Z,N,2015-05,3.5954,A,0,2,
OECD.SDD.STES:DSD_STES@DF_FINMARK(4.0),CHN,M,IRLT,PA,_Z,_Z,_Z,_Z,N,2015-06,3.5976,A,0,2,
OECD.SDD.STES:DSD_STES@DF_FINMARK(4.0),CHN,M,IRLT,PA,_Z,_Z,_Z,_Z,N,2015-07,3.4752,A,0,2,
OECD.SDD.STES:DSD_STES@DF_FINMARK(4.0),CHN,M,IRLT,PA,_Z,_Z,_Z,_Z,N,2015-08,3.3252,A,0,2,
OECD.SDD.STES:DSD_STES@DF_FINMARK(4.0),CHN,M,IRLT,PA,_Z,_Z,_Z,_Z,N,2015-09,3.2362,A,0,2,
OECD.SDD.STES:DSD_STES@DF_FINMARK(4.0),CHN,M,IRLT,PA,_Z,_Z,_Z,_Z,N,2015-10,3.06,A,0,2,
OECD.SDD.STES:DSD_STES@DF_FINMARK(4.0),CHN,M,IRLT,PA,_Z,_Z,_Z,_Z,N,2015-11,3.0404,A,0,2,
OECD.SDD.STES:DSD_STES@DF_FINMARK(4.0),CHN,M,IRLT,PA,_Z,_Z,_Z,_Z,N,2015-12,2.8212,A,0,2,
OECD.SDD.STES:DSD_STES@DF_FINMARK(4.0),CHN,M,IRLT,PA,_Z,_Z,_Z,_Z,N,2016-01,2.8419,A,0,2,
OECD.SDD.STES:DSD_STES@DF_FINMARK(4.0),CHN,M,IRLT,PA,_Z,_Z,_Z,_Z,N,2016-02,2.8502,A,0,2,
OECD.SDD.STES:DSD_STES@DF_FINMARK(4.0),CHN,M,IRLT,PA,_Z,_Z,_Z,_Z,N,2016-03,2.8419,A,0,2,
OECD.SDD.STES:DSD_STES@DF_FINMARK(4.0),CHN,M,IRLT,PA,_Z,_Z,_Z,_Z,N,2016-04,2.8913,A,0,2,
OECD.SDD.STES:DSD_STES@DF_FINMARK(4.0),CHN,M,IRLT,PA,_Z,_Z,_Z,_Z,N,2016-05,2.9851,A,0,2,
OECD.SDD.STES:DSD_STES@DF_FINMARK(4.0),CHN,M,IRLT,PA,_Z,_Z,_Z,_Z,N,2016-06,2.8411,A,0,2,
OECD.SDD.STES:DSD_STES@DF_FINMARK(4.0),CHN,M,IRLT,PA,_Z,_Z,_Z,_Z,N,2016-07,2.7768,A,0,2,
OECD.SDD.STES:DSD_STES@DF_FINMARK(4.0),CHN,M,IRLT,PA,_Z,_Z,_Z,_Z,N,2016-08,2.7425,A,0,2,
OECD.SDD.STES:DSD_STES@DF_FINMARK(4.0),CHN,M,IRLT,PA,_Z,_Z,_Z,_Z,N,2016-09,2.7258,A,0,2,
OECD.SDD.STES:DSD_STES@DF_FINMARK(4.0),CHN,M,IRLT,PA,_Z,_Z,_Z,_Z,N,2016-10,2.7425,A,0,2,
OECD.SDD.STES:DSD_STES@DF_FINMARK(4.0),CHN,M,IRLT,PA,_Z,_Z,_Z,_Z,N,2016-11,2.9502,A,0,2,
OECD.SDD.STES:DSD_STES@DF_FINMARK(4.0),CHN,M,IRLT,PA,_Z,_Z,_Z,_Z,N,2016-12,3.0115,A,0,2,
OECD.SDD.STES:DSD_STES@DF_FINMARK(4.0),CHN,M,IRLT,PA,_Z,_Z,_Z,_Z,N,2017-01,3.35,A,0,2,
OECD.SDD.STES:DSD_STES@DF_FINMARK(4.0),CHN,M,IRLT,PA,_Z,_Z,_Z,_Z,N,2017-02,3.29,A,0,2,
OECD.SDD.STES:DSD_STES@DF_FINMARK(4.0),CHN,M,IRLT,PA,_Z,_Z,_Z,_Z,N,2017-03,3.28,A,0,2,
OECD.SDD.STES:DSD_STES@DF_FINMARK(4.0),CHN,M,IRLT,PA,_Z,_Z,_Z,_Z,N,2017-04,3.47,A,0,2,
OECD.SDD.STES:DSD_STES@DF_FINMARK(4.0),CHN,M,IRLT,PA,_Z,_Z,_Z,_Z,N,2017-05,3.61,A,0,2,
OECD.SDD.STES:DSD_STES@DF_FINMARK(4.0),CHN,M,IRLT,PA,_Z,_Z,_Z,_Z,N,2017-06,3.57,A,0,2,
OECD.SDD.STES:DSD_STES@DF_FINMARK(4.0),CHN,M,IRLT,PA,_Z,_Z,_Z,_Z,N,2017-07,3.63,A,0,2,
OECD.SDD.STES:DSD_STES@DF_FINMARK(4.0),CHN,M,IRLT,PA,_Z,_Z,_Z,_Z,N,2017-08,3.63,A,0,2,
OECD.SDD.STES:DSD_STES@DF_FINMARK(4.0),CHN,M,IRLT,PA,_Z,_Z,_Z,_Z,N,2017-09,3.61,A,0,2,
OECD.SDD.STES:DSD_STES@DF_FINMARK(4.0),CHN,M,IRLT,PA,_Z,_Z,_Z,_Z,N,2017-10,3.89,A,0,2,
OECD.SDD.STES:DSD_STES@DF_FINMARK(4.0),CHN,M,IRLT,PA,_Z,_Z,_Z,_Z,N,2017-11,3.89,A,0,2,
OECD.SDD.STES:DSD_STES@DF_FINMARK(4.0),CHN,M,IRLT,PA,_Z,_Z,_Z,_Z,N,2017-12,3.88,A,0,2,
OECD.SDD.STES:DSD_STES@DF_FINMARK(4.0),CHN,M,IRLT,PA,_Z,_Z,_Z,_Z,N,2018-01,3.91,A,0,2,
OECD.SDD.STES:DSD_STES@DF_FINMARK(4.0),CHN,M,IRLT,PA,_Z,_Z,_Z,_Z,N,2018-02,3.82,A,0,2,
OECD.SDD.STES:DSD_STES@DF_FINMARK(4.0),CHN,M,IRLT,PA,_Z,_Z,_Z,_Z,N,2018-03,3.74,A,0,2,
OECD.SDD.STES:DSD_STES@DF_FINMARK(4.0),CHN,M,IRLT,PA,_Z,_Z,_Z,_Z,N,2018-04,3.62,A,0,2,
OECD.SDD.STES:DSD_STES@DF_FINMARK(4.0),CHN,M,IRLT,PA,_Z,_Z,_Z,_Z,N,2018-05,3.61,A,0,2,
OECD.SDD.STES:DSD_STES@DF_FINMARK(4.0),CHN,M,IRLT,PA,_Z,_Z,_Z,_Z,N,2018-06,3.48,A,0,2,
OECD.SDD.STES:DSD_STES@DF_FINMARK(4.0),CHN,M,IRLT,PA,_Z,_Z,_Z,_Z,N,2018-07,3.48,A,0,2,
OECD.SDD.STES:DSD_STES@DF_FINMARK(4.0),CHN,M,IRLT,PA,_Z,_Z,_Z,_Z,N,2018-08,3.58,A,0,2,
OECD.SDD.STES:DSD_STES@DF_FINMARK(4.0),CHN,M,IRLT,PA,_Z,_Z,_Z,_Z,N,2018-09,3.61,A,0,2,
OECD.SDD.STES:DSD_STES@DF_FINMARK(4.0),CHN,M,IRLT,PA,_Z,_Z,_Z,_Z,N,2018-10,3.51,A,0,2,
OECD.SDD.STES:DSD_STES@DF_FINMARK(4.0),CHN,M,IRLT,PA,_Z,_Z,_Z,_Z,N,2018-11,3.36,A,0,2,
OECD.SDD.STES:DSD_STES@DF_FINMARK(4.0),CHN,M,IRLT,PA,_Z,_Z,_Z,_Z,N,2018-12,3.23,A,0,2,
OECD.SDD.STES:DSD_STES@DF_FINMARK(4.0),CHN,M,IRLT,PA,_Z,_Z,_Z,_Z,N,2019-01,3.1037,A,0,2,
OECD.SDD.STES:DSD_STES@DF_FINMARK(4.0),CHN,M,IRLT,PA,_Z,_Z,_Z,_Z,N,2019-02,3.1731,A,0,2,
OECD.SDD.STES:DSD_STES@DF_FINMARK(4.0),CHN,M,IRLT,PA,_Z,_Z,_Z,_Z,N,2019-03,3.0683,A,0,2,
OECD.SDD.STES:DSD_STES@DF_FINMARK(4.0),CHN,M,IRLT,PA,_Z,_Z,_Z,_Z,N,2019-04,3.3869,A,0,2,
OECD.SDD.STES:DSD_STES@DF_FINMARK(4.0),CHN,M,IRLT,PA,_Z,_Z,_Z,_Z,N,2019-05,3.2751,A,0,2,
OECD.SDD.STES:DSD_STES@DF_FINMARK(4.0),CHN,M,IRLT,PA,_Z,_Z,_Z,_Z,N,2019-06,3.2254,A,0,2,
OECD.SDD.STES:DSD_STES@DF_FINMARK(4.0),CHN,M,IRLT,PA,_Z,_Z,_Z,_Z,N,2019-07,3.1552,A,0,2,
OECD.SDD.STES:DSD_STES@DF_FINMARK(4.0),CHN,M,IRLT,PA,_Z,_Z,_Z,_Z,N,2019-08,3.0573,A,0,2,
OECD.SDD.STES:DSD_STES@DF_FINMARK(4.0),CHN,M,IRLT,PA,_Z,_Z,_Z,_Z,N,2019-09,3.1411,A,0,2,
OECD.SDD.STES:DSD_STES@DF_FINMARK(4.0),CHN,M,IRLT,PA,_Z,_Z,_Z,_Z,N,2019-10,3.288,A,0,2,
OECD.SDD.STES:DSD_STES@DF_FINMARK(4.0),CHN,M,IRLT,PA,_Z,_Z,_Z,_Z,N,2019-11,3.165,A,0,2,
OECD.SDD.STES:DSD_STES@DF_FINMARK(4.0),CHN,M,IRLT,PA,_Z,_Z,_Z,_Z,N,2019-12,3.1365,A,0,2,
OECD.SDD.STES:DSD_STES@DF_FINMARK(4.0),CHN,M,IRLT,PA,_Z,_Z,_Z,_Z,N,2020-01,2.9932,A,0,2,
OECD.SDD.STES:DSD_STES@DF_FINMARK(4.0),CHN,M,IRLT,PA,_Z,_Z,_Z,_Z,N,2020-02,2.7376,A,0,2,
OECD.SDD.STES:DSD_STES@DF_FINMARK(4.0),CHN,M,IRLT,PA,_Z,_Z,_Z,_Z,N,2020-03,2.5899,A,0,2,
OECD.SDD.STES:DSD_STES@DF_FINMARK(4.0),CHN,M,IRLT,PA,_Z,_Z,_Z,_Z,N,2020-04,2.538,A,0,2,
OECD.SDD.STES:DSD_STES@DF_FINMARK(4.0),CHN,M,IRLT,PA,_Z,_Z,_Z,_Z,N,2020-05,2.7053,A,0,2,
OECD.SDD.STES:DSD_STES@DF_FINMARK(4.0),CHN,M,IRLT,PA,_Z,_Z,_Z,_Z,N,2020-06,2.823,A,0,2,
OECD.SDD.STES:DSD_STES@DF_FINMARK(4.0),CHN,M,IRLT,PA,_Z,_Z,_Z,_Z,N,2020-07,2.9664,A,0,2,
OECD.SDD.STES:DSD_STES@DF_FINMARK(4.0),CHN,M,IRLT,PA,_Z,_Z,_Z,_Z,N,2020-08,3.0177,A,0,2,
OECD.SDD.STES:DSD_STES@DF_FINMARK(4.0),CHN,M,IRLT,PA,_Z,_Z,_Z,_Z,N,2020-09,3.1482,A,0,2,
OECD.SDD.STES:DSD_STES@DF_FINMARK(4.0),CHN,M,IRLT,PA,_Z,_Z,_Z,_Z,N,2020-10,3.181,A,0,2,
OECD.SDD.STES:DSD_STES@DF_FINMARK(4.0),CHN,M,IRLT,PA,_Z,_Z,_Z,_Z,N,2020-11,3.25,A,0,2,
OECD.SDD.STES:DSD_STES@DF_FINMARK(4.0),CHN,M,IRLT,PA,_Z,_Z,_Z,_Z,N,2020-12,3.1429,A,0,2,
OECD.SDD.STES:DSD_STES@DF_FINMARK(4.0),CHN,M,IRLT,PA,_Z,_Z,_Z,_Z,N,2021-01,3.1786,A,0,2,
OECD.SDD.STES:DSD_STES@DF_FINMARK(4.0),CHN,M,IRLT,PA,_Z,_Z,_Z,_Z,N,2021-02,3.2798,A,0,2,
OECD.SDD.STES:DSD_STES@DF_FINMARK(4.0),CHN,M,IRLT,PA,_Z,_Z,_Z,_Z,N,2021-03,3.1887,A,0,2,
OECD.SDD.STES:DSD_STES@DF_FINMARK(4.0),CHN,M,IRLT,PA,_Z,_Z,_Z,_Z,N,2021-04,3.164,A,0,2,
OECD.SDD.STES:DSD_STES@DF_FINMARK(4.0),CHN,M,IRLT,PA,_Z,_Z,_Z,_Z,N,2021-05,3.045,A,0,2,
OECD.SDD.STES:DSD_STES@DF_FINMARK(4.0),CHN,M,IRLT,PA,_Z,_Z,_Z,_Z,N,2021-06,3.0778,A,0,2,
OECD.SDD.STES:DSD_STES@DF_FINMARK(4.0),CHN,M,IRLT,PA,_Z,_Z,_Z,_Z,N,2021-07,2.8363,A,0,2,
OECD.SDD.STES:DSD_STES@DF_FINMARK(4.0),CHN,M,IRLT,PA,_Z,_Z,_Z,_Z,N,2021-08,2.845,A,0,2,
OECD.SDD.STES:DSD_STES@DF_FINMARK(4.0),CHN,M,IRLT,PA,_Z,_Z,_Z,_Z,N,2021-09,2.8776,A,0,2,
OECD.SDD.STES:DSD_STES@DF_FINMARK(4.0),CHN,M,IRLT,PA,_Z,_Z,_Z,_Z,N,2021-10,2.9732,A,0,2,
OECD.SDD.STES:DSD_STES@DF_FINMARK(4.0),CHN,M,IRLT,PA,_Z,_Z,_Z,_Z,N,2021-11,2.825,A,0,2,
OECD.SDD.STES:DSD_STES@DF_FINMARK(4.0),CHN,M,IRLT,PA,_Z,_Z,_Z,_Z,N,2021-12,2.7754,A,0,2,
OECD.SDD.STES:DSD_STES@DF_FINMARK(4.0),CHN,M,IRLT,PA,_Z,_Z,_Z,_Z,N,2022-01,2.6997,A,0,2,
OECD.SDD.STES:DSD_STES@DF_FINMARK(4.0),CHN,M,IRLT,PA,_Z,_Z,_Z,_Z,N,2022-02,2.775,A,0,2,
OECD.SDD.STES:DSD_STES@DF_FINMARK(4.0),CHN,M,IRLT,PA,_Z,_Z,_Z,_Z,N,2022-03,2.7878,A,0,2,
OECD.SDD.STES:DSD_STES@DF_FINMARK(4.0),CHN,M,IRLT,PA,_Z,_Z,_Z,_Z,N,2022-04,2.8386,A,0,2,
OECD.SDD.STES:DSD_STES@DF_FINMARK(4.0),CHN,M,IRLT,PA,_Z,_Z,_Z,_Z,N,2022-05,2.7426,A,0,2,
OECD.SDD.STES:DSD_STES@DF_FINMARK(4.0),CHN,M,IRLT,PA,_Z,_Z,_Z,_Z,N,2022-06,2.8205,A,0,2,
OECD.SDD.STES:DSD_STES@DF_FINMARK(4.0),CHN,M,IRLT,PA,_Z,_Z,_Z,_Z,N,2022-07,2.756,A,0,2,
OECD.SDD.STES:DSD_STES@DF_FINMARK(4.0),CHN,M,IRLT,PA,_Z,_Z,_Z,_Z,N,2022-08,2.62,A,0,2,
OECD.SDD.STES:DSD_STES@DF_FINMARK(4.0),CHN,M,IRLT,PA,_Z,_Z,_Z,_Z,N,2022-09,2.76,A,0,2,
OECD.SDD.STES:DSD_STES@DF_FINMARK(4.0),CHN,M,IRLT,PA,_Z,_Z,_Z,_Z,N,2022-10,2.64,A,0,2,
OECD.SDD.STES:DSD_STES@DF_FINMARK(4.0),CHN,M,IRLT,PA,_Z,_Z,_Z,_Z,N,2022-11,2.89,A,0,2,
OECD.SDD.STES:DSD_STES@DF_FINMARK(4.0),CHN,M,IRLT,PA,_Z,_Z,_Z,_Z,N,2022-12,2.84,A,0,2,
OECD.SDD.STES:DSD_STES@DF_FINMARK(4.0),CHN,M,IRLT,PA,_Z,_Z,_Z,_Z,N,2023-01,2.9,A,0,2,
OECD.SDD.STES:DSD_STES@DF_FINMARK(4.0),CHN,M,IRLT,PA,_Z,_Z,_Z,_Z,N,2023-02,2.9,A,0,2,
OECD.SDD.STES:DSD_STES@DF_FINMARK(4.0),CHN,M,IRLT,PA,_Z,_Z,_Z,_Z,N,2023-03,2.85,A,0,2,
OECD.SDD.STES:DSD_STES@DF_FINMARK(4.0),CHN,M,IRLT,PA,_Z,_Z,_Z,_Z,N,2023-04,2.78,A,0,2,
OECD.SDD.STES:DSD_STES@DF_FINMARK(4.0),CHN,M,IRLT,PA,_Z,_Z,_Z,_Z,N,2023-05,2.69,A,0,2,
OECD.SDD.STES:DSD_STES@DF_FINMARK(4.0),CHN,M,IRLT,PA,_Z,_Z,_Z,_Z,N,2023-06,2.64,A,0,2,
OECD.SDD.STES:DSD_STES@DF_FINMARK(4.0),CHN,M,IRLT,PA,_Z,_Z,_Z,_Z,N,2023-07,2.66,A,0,2,
OECD.SDD.STES:DSD_STES@DF_FINMARK(4.0),CHN,M,IRLT,PA,_Z,_Z,_Z,_Z,N,2023-08,2.56,A,0,2,
OECD.SDD.STES:DSD_STES@DF_FINMARK(4.0),CHN,M,IRLT,PA,_Z,_Z,_Z,_Z,N,2023-09,2.68,A,0,2,
OECD.SDD.STES:DSD_STES@DF_FINMARK(4.0),CHN,M,IRLT,PA,_Z,_Z,_Z,_Z,N,2023-10,2.69,A,0,2,
OECD.SDD.STES:DSD_STES@DF_FINMARK(4.0),CHN,M,IRLT,PA,_Z,_Z,_Z,_Z,N,2023-11,2.67,A,0,2,
OECD.SDD.STES:DSD_STES@DF_FINMARK(4.0),CHN,M,IRLT,PA,_Z,_Z,_Z,_Z,N,2023-12,2.56,A,0,2,
OECD.SDD.STES:DSD_STES@DF_FINMARK(4.0),CHN,M,IRLT,PA,_Z,_Z,_Z,_Z,N,2024-01,2.43,A,0,2,
OECD.SDD.STES:DSD_STES@DF_FINMARK(4.0),CHN,M,IRLT,PA,_Z,_Z,_Z,_Z,N,2024-02,2.34,A,0,2,
OECD.SDD.STES:DSD_STES@DF_FINMARK(4.0),CHN,M,IRLT,PA,_Z,_Z,_Z,_Z,N,2024-03,2.29,A,0,2,
OECD.SDD.STES:DSD_STES@DF_FINMARK(4.0),CHN,M,IRLT,PA,_Z,_Z,_Z,_Z,N,2024-04,2.3,A,0,2,
OECD.SDD.STES:DSD_STES@DF_FINMARK(4.0),CHN,M,IRLT,PA,_Z,_Z,_Z,_Z,N,2024-05,2.29,A,0,2,
OECD.SDD.STES:DSD_STES@DF_FINMARK(4.0),CHN,M,IRLT,PA,_Z,_Z,_Z,_Z,N,2024-06,2.21,A,0,2,
OECD.SDD.STES:DSD_STES@DF_FINMARK(4.0),CHN,M,IRLT,PA,_Z,_Z,_Z,_Z,N,2024-07,2.15,A,0,2,
OECD.SDD.STES:DSD_STES@DF_FINMARK(4.0),CHN,M,IRLT,PA,_Z,_Z,_Z,_Z,N,2024-08,2.17,A,0,2,
OECD.SDD.STES:DSD_STES@DF_FINMARK(4.0),CHN,M,IRLT,PA,_Z,_Z,_Z,_Z,N,2024-09,2.15,A,0,2,
OECD.SDD.STES:DSD_STES@DF_FINMARK(4.0),CHN,M,IRLT,PA,_Z,_Z,_Z,_Z,N,2024-10,2.15,A,0,2,
OECD.SDD.STES:DSD_STES@DF_FINMARK(4.0),CHN,M,IRLT,PA,_Z,_Z,_Z,_Z,N,2024-11,2.02,A,0,2,
OECD.SDD.STES:DSD_STES@DF_FINMARK(4.0),CHN,M,IRLT,PA,_Z,_Z,_Z,_Z,N,2024-12,1.68,A,0,2,
OECD.SDD.STES:DSD_STES@DF_FINMARK(4.0),CHN,M,IRLT,PA,_Z,_Z,_Z,_Z,N,2025-01,1.63,A,0,2,
OECD.SDD.STES:DSD_STES@DF_FINMARK(4.0),CHN,M,IRLT,PA,_Z,_Z,_Z,_Z,N,2025-02,1.72,A,0,2,
OECD.SDD.STES:DSD_STES@DF_FINMARK(4.0),CHN,M,IRLT,PA,_Z,_Z,_Z,_Z,N,2025-03,1.81,A,0,2,
OECD.SDD.STES:DSD_STES@DF_FINMARK(4.0),CHN,M,IRLT,PA,_Z,_Z,_Z,_Z,N,2025-04,1.62,A,0,2,
OECD.SDD.STES:DSD_STES@DF_FINMARK(4.0),CHN,M,IRLT,PA,_Z,_Z,_Z,_Z,N,2025-05,1.67,A,0,2,
OECD.SDD.STES:DSD_STES@DF_FINMARK(4.0),CHN,M,IRLT,PA,_Z,_Z,_Z,_Z,N,2025-06,1.65,A,0,2,
OECD.SDD.STES:DSD_STES@DF_FINMARK(4.0),CHN,M,IRLT,PA,_Z,_Z,_Z,_Z,N,2025-07,1.7,A,0,2,
OECD.SDD.STES:DSD_STES@DF_FINMARK(4.0),CHN,M,IRLT,PA,_Z,_Z,_Z,_Z,N,2025-08,1.84,A,0,2,
OECD.SDD.STES:DSD_STES@DF_FINMARK(4.0),CHN,M,IRLT,PA,_Z,_Z,_Z,_Z,N,2025-09,1.86,A,0,2,
OECD.SDD.STES:DSD_STES@DF_FINMARK(4.0),CHN,M,IRLT,PA,_Z,_Z,_Z,_Z,N,2025-10,1.8,A,0,2,
OECD.SDD.STES:DSD_STES@DF_FINMARK(4.0),CHN,M,IRLT,PA,_Z,_Z,_Z,_Z,N,2025-11,1.84,A,0,2,
OECD.SDD.STES:DSD_STES@DF_FINMARK(4.0),CHN,M,IRLT,PA,_Z,_Z,_Z,_Z,N,2025-12,1.85,A,0,2,
OECD.SDD.STES:DSD_STES@DF_FINMARK(4.0),CHN,M,IRLT,PA,_Z,_Z,_Z,_Z,N,2026-01,1.81,A,0,2,
OECD.SDD.STES:DSD_STES@DF_FINMARK(4.0),CHN,M,IRLT,PA,_Z,_Z,_Z,_Z,N,2026-02,1.78,A,0,2,
OECD.SDD.STES:DSD_STES@DF_FINMARK(4.0),CHN,M,IRLT,PA,_Z,_Z,_Z,_Z,N,2026-03,1.82,A,0,2,
OECD.SDD.STES:DSD_STES@DF_FINMARK(4.0),CHN,M,IRLT,PA,_Z,_Z,_Z,_Z,N,2026-04,1.75,A,0,2,
OECD.SDD.STES:DSD_STES@DF_FINMARK(4.0),AUT,M,IRLT,PA,_Z,_Z,_Z,_Z,N,2017-04,0.4903,A,0,2,
OECD.SDD.STES:DSD_STES@DF_FINMARK(4.0),AUT,M,IRLT,PA,_Z,_Z,_Z,_Z,N,2017-05,0.6517,A,0,2,
OECD.SDD.STES:DSD_STES@DF_FINMARK(4.0),AUT,M,IRLT,PA,_Z,_Z,_Z,_Z,N,2017-09,0.5911,A,0,2,
OECD.SDD.STES:DSD_STES@DF_FINMARK(4.0),AUT,M,IRLT,PA,_Z,_Z,_Z,_Z,N,2018-08,0.5973,A,0,2,
OECD.SDD.STES:DSD_STES@DF_FINMARK(4.0),AUT,M,IRLT,PA,_Z,_Z,_Z,_Z,N,2018-09,0.6654,A,0,2,
OECD.SDD.STES:DSD_STES@DF_FINMARK(4.0),AUT,M,IRLT,PA,_Z,_Z,_Z,_Z,N,2019-11,-0.0861,A,0,2,
OECD.SDD.STES:DSD_STES@DF_FINMARK(4.0),AUT,M,IRLT,PA,_Z,_Z,_Z,_Z,N,2020-02,-0.2574,A,0,2,
OECD.SDD.STES:DSD_STES@DF_FINMARK(4.0),AUT,M,IRLT,PA,_Z,_Z,_Z,_Z,N,2020-10,-0.398,A,0,2,
OECD.SDD.STES:DSD_STES@DF_FINMARK(4.0),AUT,M,IRLT,PA,_Z,_Z,_Z,_Z,N,2021-03,-0.0887,A,0,2,
OECD.SDD.STES:DSD_STES@DF_FINMARK(4.0),AUT,M,IRLT,PA,_Z,_Z,_Z,_Z,N,2022-02,0.5391,A,0,2,
OECD.SDD.STES:DSD_STES@DF_FINMARK(4.0),AUT,M,IRLT,PA,_Z,_Z,_Z,_Z,N,2022-03,0.7207,A,0,2,
OECD.SDD.STES:DSD_STES@DF_FINMARK(4.0),AUT,M,IRLT,PA,_Z,_Z,_Z,_Z,N,2022-10,2.9161,A,0,2,
OECD.SDD.STES:DSD_STES@DF_FINMARK(4.0),AUT,M,IRLT,PA,_Z,_Z,_Z,_Z,N,2022-12,2.74,A,0,2,
OECD.SDD.STES:DSD_STES@DF_FINMARK(4.0),AUT,M,IRLT,PA,_Z,_Z,_Z,_Z,N,2023-03,3.0597,A,0,2,
OECD.SDD.STES:DSD_STES@DF_FINMARK(4.0),AUT,M,IRLT,PA,_Z,_Z,_Z,_Z,N,2023-04,3.0285,A,0,2,
OECD.SDD.STES:DSD_STES@DF_FINMARK(4.0),AUT,M,IRLT,PA,_Z,_Z,_Z,_Z,N,2024-01,2.7596,A,0,2,
OECD.SDD.STES:DSD_STES@DF_FINMARK(4.0),AUT,M,IRLT,PA,_Z,_Z,_Z,_Z,N,2024-02,2.8929,A,0,2,
OECD.SDD.STES:DSD_STES@DF_FINMARK(4.0),AUT,M,IRLT,PA,_Z,_Z,_Z,_Z,N,2024-03,2.8535,A,0,2,
OECD.SDD.STES:DSD_STES@DF_FINMARK(4.0),AUT,M,IRLT,PA,_Z,_Z,_Z,_Z,N,2024-04,2.9861,A,0,2,
OECD.SDD.STES:DSD_STES@DF_FINMARK(4.0),AUT,M,IRLT,PA,_Z,_Z,_Z,_Z,N,2024-05,3.0161,A,0,2,
OECD.SDD.STES:DSD_STES@DF_FINMARK(4.0),AUT,M,IRLT,PA,_Z,_Z,_Z,_Z,N,2024-06,3.0384,A,0,2,
OECD.SDD.STES:DSD_STES@DF_FINMARK(4.0),AUT,M,IRLT,PA,_Z,_Z,_Z,_Z,N,2024-07,2.9776,A,0,2,
OECD.SDD.STES:DSD_STES@DF_FINMARK(4.0),AUT,M,IRLT,PA,_Z,_Z,_Z,_Z,N,2024-08,2.7626,A,0,2,
OECD.SDD.STES:DSD_STES@DF_FINMARK(4.0),AUT,M,IRLT,PA,_Z,_Z,_Z,_Z,N,2024-09,2.6895,A,0,2,
OECD.SDD.STES:DSD_STES@DF_FINMARK(4.0),AUT,M,IRLT,PA,_Z,_Z,_Z,_Z,N,2024-10,2.7438,A,0,2,
OECD.SDD.STES:DSD_STES@DF_FINMARK(4.0),AUT,M,IRLT,PA,_Z,_Z,_Z,_Z,N,2024-11,2.7721,A,0,2,
OECD.SDD.STES:DSD_STES@DF_FINMARK(4.0),AUT,M,IRLT,PA,_Z,_Z,_Z,_Z,N,2024-12,2.6203,A,0,2,
OECD.SDD.STES:DSD_STES@DF_FINMARK(4.0),AUT,M,IRLT,PA,_Z,_Z,_Z,_Z,N,2025-01,2.9085,A,0,2,
OECD.SDD.STES:DSD_STES@DF_FINMARK(4.0),AUT,M,IRLT,PA,_Z,_Z,_Z,_Z,N,2025-02,2.8587,A,0,2,
OECD.SDD.STES:DSD_STES@DF_FINMARK(4.0),AUT,M,IRLT,PA,_Z,_Z,_Z,_Z,N,2025-03,3.149,A,0,2,
OECD.SDD.STES:DSD_STES@DF_FINMARK(4.0),AUT,M,IRLT,PA,_Z,_Z,_Z,_Z,N,2025-04,2.9821,A,0,2,
OECD.SDD.STES:DSD_STES@DF_FINMARK(4.0),AUT,M,IRLT,PA,_Z,_Z,_Z,_Z,N,2025-05,2.9799,A,0,2,
OECD.SDD.STES:DSD_STES@DF_FINMARK(4.0),AUT,M,IRLT,PA,_Z,_Z,_Z,_Z,N,2025-06,2.9443,A,0,2,
OECD.SDD.STES:DSD_STES@DF_FINMARK(4.0),AUT,M,IRLT,PA,_Z,_Z,_Z,_Z,N,2025-07,3.0137,A,0,2,
OECD.SDD.STES:DSD_STES@DF_FINMARK(4.0),AUT,M,IRLT,PA,_Z,_Z,_Z,_Z,N,2025-08,3.0253,A,0,2,
OECD.SDD.STES:DSD_STES@DF_FINMARK(4.0),AUT,M,IRLT,PA,_Z,_Z,_Z,_Z,N,2025-09,3.0244,A,0,2,
OECD.SDD.STES:DSD_STES@DF_FINMARK(4.0),AUT,M,IRLT,PA,_Z,_Z,_Z,_Z,N,2025-10,2.9352,A,0,2,
OECD.SDD.STES:DSD_STES@DF_FINMARK(4.0),AUT,M,IRLT,PA,_Z,_Z,_Z,_Z,N,2025-11,2.9705,A,0,2,
OECD.SDD.STES:DSD_STES@DF_FINMARK(4.0),AUT,M,IRLT,PA,_Z,_Z,_Z,_Z,N,2025-12,3.0974,A,0,2,
OECD.SDD.STES:DSD_STES@DF_FINMARK(4.0),AUT,M,IRLT,PA,_Z,_Z,_Z,_Z,N,2026-01,3.0763,A,0,2,
OECD.SDD.STES:DSD_STES@DF_FINMARK(4.0),AUT,M,IRLT,PA,_Z,_Z,_Z,_Z,N,2026-02,3.0654,A,0,2,
OECD.SDD.STES:DSD_STES@DF_FINMARK(4.0),AUT,M,IRLT,PA,_Z,_Z,_Z,_Z,N,2026-03,3.2399,A,0,2,
OECD.SDD.STES:DSD_STES@DF_FINMARK(4.0),AUT,M,IRLT,PA,_Z,_Z,_Z,_Z,N,2026-04,3.3033,A,0,2,
OECD.SDD.STES:DSD_STES@DF_FINMARK(4.0),AUT,M,IRLT,PA,_Z,_Z,_Z,_Z,N,2026-05,3.2979,A,0,2,
OECD.SDD.STES:DSD_STES@DF_FINMARK(4.0),EST,M,IRLT,PA,_Z,_Z,_Z,_Z,N,2020-06,0.14,A,0,2,
OECD.SDD.STES:DSD_STES@DF_FINMARK(4.0),EST,M,IRLT,PA,_Z,_Z,_Z,_Z,N,2020-07,0.05,A,0,2,
OECD.SDD.STES:DSD_STES@DF_FINMARK(4.0),EST,M,IRLT,PA,_Z,_Z,_Z,_Z,N,2020-08,0,A,0,2,
OECD.SDD.STES:DSD_STES@DF_FINMARK(4.0),EST,M,IRLT,PA,_Z,_Z,_Z,_Z,N,2020-09,0.01,A,0,2,
OECD.SDD.STES:DSD_STES@DF_FINMARK(4.0),EST,M,IRLT,PA,_Z,_Z,_Z,_Z,N,2020-10,-0.08,A,0,2,
OECD.SDD.STES:DSD_STES@DF_FINMARK(4.0),EST,M,IRLT,PA,_Z,_Z,_Z,_Z,N,2020-11,-0.14,A,0,2,
OECD.SDD.STES:DSD_STES@DF_FINMARK(4.0),EST,M,IRLT,PA,_Z,_Z,_Z,_Z,N,2020-12,-0.18,A,0,2,
OECD.SDD.STES:DSD_STES@DF_FINMARK(4.0),EST,M,IRLT,PA,_Z,_Z,_Z,_Z,N,2021-01,-0.19,A,0,2,
OECD.SDD.STES:DSD_STES@DF_FINMARK(4.0),EST,M,IRLT,PA,_Z,_Z,_Z,_Z,N,2021-02,-0.11,A,0,2,
OECD.SDD.STES:DSD_STES@DF_FINMARK(4.0),EST,M,IRLT,PA,_Z,_Z,_Z,_Z,N,2021-03,0.05,A,0,2,
OECD.SDD.STES:DSD_STES@DF_FINMARK(4.0),EST,M,IRLT,PA,_Z,_Z,_Z,_Z,N,2021-04,0.09,A,0,2,
OECD.SDD.STES:DSD_STES@DF_FINMARK(4.0),EST,M,IRLT,PA,_Z,_Z,_Z,_Z,N,2021-05,0.16,A,0,2,
OECD.SDD.STES:DSD_STES@DF_FINMARK(4.0),EST,M,IRLT,PA,_Z,_Z,_Z,_Z,N,2021-06,0.13,A,0,2,
OECD.SDD.STES:DSD_STES@DF_FINMARK(4.0),EST,M,IRLT,PA,_Z,_Z,_Z,_Z,N,2021-07,0.09,A,0,2,
OECD.SDD.STES:DSD_STES@DF_FINMARK(4.0),EST,M,IRLT,PA,_Z,_Z,_Z,_Z,N,2021-08,0.02,A,0,2,
OECD.SDD.STES:DSD_STES@DF_FINMARK(4.0),EST,M,IRLT,PA,_Z,_Z,_Z,_Z,N,2021-09,0.03,A,0,2,
OECD.SDD.STES:DSD_STES@DF_FINMARK(4.0),EST,M,IRLT,PA,_Z,_Z,_Z,_Z,N,2021-10,0.18,A,0,2,
OECD.SDD.STES:DSD_STES@DF_FINMARK(4.0),EST,M,IRLT,PA,_Z,_Z,_Z,_Z,N,2021-11,0.2,A,0,2,
OECD.SDD.STES:DSD_STES@DF_FINMARK(4.0),EST,M,IRLT,PA,_Z,_Z,_Z,_Z,N,2021-12,0.11,A,0,2,
OECD.SDD.STES:DSD_STES@DF_FINMARK(4.0),EST,M,IRLT,PA,_Z,_Z,_Z,_Z,N,2022-01,0.31,A,0,2,
OECD.SDD.STES:DSD_STES@DF_FINMARK(4.0),EST,M,IRLT,PA,_Z,_Z,_Z,_Z,N,2022-02,0.79,A,0,2,
OECD.SDD.STES:DSD_STES@DF_FINMARK(4.0),EST,M,IRLT,PA,_Z,_Z,_Z,_Z,N,2022-03,1.2,A,0,2,
OECD.SDD.STES:DSD_STES@DF_FINMARK(4.0),EST,M,IRLT,PA,_Z,_Z,_Z,_Z,N,2022-04,1.49,A,0,2,
OECD.SDD.STES:DSD_STES@DF_FINMARK(4.0),EST,M,IRLT,PA,_Z,_Z,_Z,_Z,N,2022-05,1.91,A,0,2,
OECD.SDD.STES:DSD_STES@DF_FINMARK(4.0),EST,M,IRLT,PA,_Z,_Z,_Z,_Z,N,2022-06,2.48,A,0,2,
OECD.SDD.STES:DSD_STES@DF_FINMARK(4.0),EST,M,IRLT,PA,_Z,_Z,_Z,_Z,N,2022-07,2.66,A,0,2,
OECD.SDD.STES:DSD_STES@DF_FINMARK(4.0),EST,M,IRLT,PA,_Z,_Z,_Z,_Z,N,2022-08,2.38,A,0,2,
OECD.SDD.STES:DSD_STES@DF_FINMARK(4.0),EST,M,IRLT,PA,_Z,_Z,_Z,_Z,N,2022-09,2.93,A,0,2,
OECD.SDD.STES:DSD_STES@DF_FINMARK(4.0),EST,M,IRLT,PA,_Z,_Z,_Z,_Z,N,2022-10,4.07,A,0,2,
OECD.SDD.STES:DSD_STES@DF_FINMARK(4.0),EST,M,IRLT,PA,_Z,_Z,_Z,_Z,N,2022-11,3.75,A,0,2,
OECD.SDD.STES:DSD_STES@DF_FINMARK(4.0),EST,M,IRLT,PA,_Z,_Z,_Z,_Z,N,2022-12,3.46,A,0,2,
OECD.SDD.STES:DSD_STES@DF_FINMARK(4.0),EST,M,IRLT,PA,_Z,_Z,_Z,_Z,N,2023-01,3.79,A,0,2,
OECD.SDD.STES:DSD_STES@DF_FINMARK(4.0),EST,M,IRLT,PA,_Z,_Z,_Z,_Z,N,2023-02,3.83,A,0,2,
OECD.SDD.STES:DSD_STES@DF_FINMARK(4.0),EST,M,IRLT,PA,_Z,_Z,_Z,_Z,N,2023-03,3.96,A,0,2,
OECD.SDD.STES:DSD_STES@DF_FINMARK(4.0),EST,M,IRLT,PA,_Z,_Z,_Z,_Z,N,2023-04,3.89,A,0,2,
OECD.SDD.STES:DSD_STES@DF_FINMARK(4.0),EST,M,IRLT,PA,_Z,_Z,_Z,_Z,N,2023-05,3.94,A,0,2,
OECD.SDD.STES:DSD_STES@DF_FINMARK(4.0),EST,M,IRLT,PA,_Z,_Z,_Z,_Z,N,2023-06,3.94,A,0,2,
OECD.SDD.STES:DSD_STES@DF_FINMARK(4.0),EST,M,IRLT,PA,_Z,_Z,_Z,_Z,N,2023-07,4.09,A,0,2,
OECD.SDD.STES:DSD_STES@DF_FINMARK(4.0),EST,M,IRLT,PA,_Z,_Z,_Z,_Z,N,2023-08,4.15,A,0,2,
OECD.SDD.STES:DSD_STES@DF_FINMARK(4.0),EST,M,IRLT,PA,_Z,_Z,_Z,_Z,N,2023-09,4.25,A,0,2,
OECD.SDD.STES:DSD_STES@DF_FINMARK(4.0),EST,M,IRLT,PA,_Z,_Z,_Z,_Z,N,2023-10,4.09,A,0,2,
OECD.SDD.STES:DSD_STES@DF_FINMARK(4.0),EST,M,IRLT,PA,_Z,_Z,_Z,_Z,N,2023-11,3.67,A,0,2,
OECD.SDD.STES:DSD_STES@DF_FINMARK(4.0),EST,M,IRLT,PA,_Z,_Z,_Z,_Z,N,2023-12,3.21,A,0,2,
OECD.SDD.STES:DSD_STES@DF_FINMARK(4.0),EST,M,IRLT,PA,_Z,_Z,_Z,_Z,N,2024-01,3.31,A,0,2,
OECD.SDD.STES:DSD_STES@DF_FINMARK(4.0),EST,M,IRLT,PA,_Z,_Z,_Z,_Z,N,2024-02,3.49,A,0,2,
OECD.SDD.STES:DSD_STES@DF_FINMARK(4.0),EST,M,IRLT,PA,_Z,_Z,_Z,_Z,N,2024-03,3.49,A,0,2,
OECD.SDD.STES:DSD_STES@DF_FINMARK(4.0),EST,M,IRLT,PA,_Z,_Z,_Z,_Z,N,2024-04,3.64,A,0,2,
OECD.SDD.STES:DSD_STES@DF_FINMARK(4.0),EST,M,IRLT,PA,_Z,_Z,_Z,_Z,N,2024-05,3.71,A,0,2,
OECD.SDD.STES:DSD_STES@DF_FINMARK(4.0),EST,M,IRLT,PA,_Z,_Z,_Z,_Z,N,2024-06,3.77,A,0,2,
OECD.SDD.STES:DSD_STES@DF_FINMARK(4.0),EST,M,IRLT,PA,_Z,_Z,_Z,_Z,N,2024-07,3.8,A,0,2,
OECD.SDD.STES:DSD_STES@DF_FINMARK(4.0),EST,M,IRLT,PA,_Z,_Z,_Z,_Z,N,2024-08,3.56,A,0,2,
OECD.SDD.STES:DSD_STES@DF_FINMARK(4.0),EST,M,IRLT,PA,_Z,_Z,_Z,_Z,N,2024-09,3.44,A,0,2,
OECD.SDD.STES:DSD_STES@DF_FINMARK(4.0),EST,M,IRLT,PA,_Z,_Z,_Z,_Z,N,2024-10,3.41,A,0,2,
OECD.SDD.STES:DSD_STES@DF_FINMARK(4.0),EST,M,IRLT,PA,_Z,_Z,_Z,_Z,N,2024-11,3.51,A,0,2,
OECD.SDD.STES:DSD_STES@DF_FINMARK(4.0),EST,M,IRLT,PA,_Z,_Z,_Z,_Z,N,2024-12,3.43,A,0,2,
OECD.SDD.STES:DSD_STES@DF_FINMARK(4.0),EST,M,IRLT,PA,_Z,_Z,_Z,_Z,N,2025-01,3.5,A,0,2,
OECD.SDD.STES:DSD_STES@DF_FINMARK(4.0),EST,M,IRLT,PA,_Z,_Z,_Z,_Z,N,2025-02,3.25,A,0,2,
OECD.SDD.STES:DSD_STES@DF_FINMARK(4.0),EST,M,IRLT,PA,_Z,_Z,_Z,_Z,N,2025-03,3.51,A,0,2,
OECD.SDD.STES:DSD_STES@DF_FINMARK(4.0),EST,M,IRLT,PA,_Z,_Z,_Z,_Z,N,2025-04,3.41,A,0,2,
OECD.SDD.STES:DSD_STES@DF_FINMARK(4.0),EST,M,IRLT,PA,_Z,_Z,_Z,_Z,N,2025-05,3.32,A,0,2,
OECD.SDD.STES:DSD_STES@DF_FINMARK(4.0),EST,M,IRLT,PA,_Z,_Z,_Z,_Z,N,2025-06,3.2,A,0,2,
OECD.SDD.STES:DSD_STES@DF_FINMARK(4.0),EST,M,IRLT,PA,_Z,_Z,_Z,_Z,N,2025-07,3.23,A,0,2,
OECD.SDD.STES:DSD_STES@DF_FINMARK(4.0),EST,M,IRLT,PA,_Z,_Z,_Z,_Z,N,2025-08,3.22,A,0,2,
OECD.SDD.STES:DSD_STES@DF_FINMARK(4.0),EST,M,IRLT,PA,_Z,_Z,_Z,_Z,N,2025-09,3.27,A,0,2,
OECD.SDD.STES:DSD_STES@DF_FINMARK(4.0),EST,M,IRLT,PA,_Z,_Z,_Z,_Z,N,2025-10,3.24,A,0,2,
OECD.SDD.STES:DSD_STES@DF_FINMARK(4.0),EST,M,IRLT,PA,_Z,_Z,_Z,_Z,N,2025-11,3.3,A,0,2,
OECD.SDD.STES:DSD_STES@DF_FINMARK(4.0),EST,M,IRLT,PA,_Z,_Z,_Z,_Z,N,2025-12,3.38,A,0,2,
OECD.SDD.STES:DSD_STES@DF_FINMARK(4.0),EST,M,IRLT,PA,_Z,_Z,_Z,_Z,N,2026-01,3.26,A,0,2,
OECD.SDD.STES:DSD_STES@DF_FINMARK(4.0),EST,M,IRLT,PA,_Z,_Z,_Z,_Z,N,2026-02,3.11,A,0,2,
OECD.SDD.STES:DSD_STES@DF_FINMARK(4.0),EST,M,IRLT,PA,_Z,_Z,_Z,_Z,N,2026-03,3.28,A,0,2,
OECD.SDD.STES:DSD_STES@DF_FINMARK(4.0),EST,M,IRLT,PA,_Z,_Z,_Z,_Z,N,2026-04,3.4,A,0,2,
OECD.SDD.STES:DSD_STES@DF_FINMARK(4.0),EST,M,IRLT,PA,_Z,_Z,_Z,_Z,N,2026-05,3.41,A,0,2,
OECD.SDD.STES:DSD_STES@DF_FINMARK(4.0),CZE,M,IRLT,PA,_Z,_Z,_Z,_Z,N,2023-07,4.148892,A,0,2,
OECD.SDD.STES:DSD_STES@DF_FINMARK(4.0),CZE,M,IRLT,PA,_Z,_Z,_Z,_Z,N,2023-08,4.261233,A,0,2,
OECD.SDD.STES:DSD_STES@DF_FINMARK(4.0),CZE,M,IRLT,PA,_Z,_Z,_Z,_Z,N,2023-09,4.494145,A,0,2,
OECD.SDD.STES:DSD_STES@DF_FINMARK(4.0),CZE,M,IRLT,PA,_Z,_Z,_Z,_Z,N,2023-10,4.719649,A,0,2,
OECD.SDD.STES:DSD_STES@DF_FINMARK(4.0),CZE,M,IRLT,PA,_Z,_Z,_Z,_Z,N,2023-11,4.423801,A,0,2,
OECD.SDD.STES:DSD_STES@DF_FINMARK(4.0),CZE,M,IRLT,PA,_Z,_Z,_Z,_Z,N,2023-12,3.972313,A,0,2,
OECD.SDD.STES:DSD_STES@DF_FINMARK(4.0),CZE,M,IRLT,PA,_Z,_Z,_Z,_Z,N,2024-01,3.880893,A,0,2,
OECD.SDD.STES:DSD_STES@DF_FINMARK(4.0),CZE,M,IRLT,PA,_Z,_Z,_Z,_Z,N,2024-02,3.759555,A,0,2,
OECD.SDD.STES:DSD_STES@DF_FINMARK(4.0),CZE,M,IRLT,PA,_Z,_Z,_Z,_Z,N,2024-03,3.823763,A,0,2,
OECD.SDD.STES:DSD_STES@DF_FINMARK(4.0),CZE,M,IRLT,PA,_Z,_Z,_Z,_Z,N,2024-04,4.2047,A,0,2,
OECD.SDD.STES:DSD_STES@DF_FINMARK(4.0),CZE,M,IRLT,PA,_Z,_Z,_Z,_Z,N,2024-05,4.156339,A,0,2,
OECD.SDD.STES:DSD_STES@DF_FINMARK(4.0),CZE,M,IRLT,PA,_Z,_Z,_Z,_Z,N,2024-06,4.211187,A,0,2,
OECD.SDD.STES:DSD_STES@DF_FINMARK(4.0),CZE,M,IRLT,PA,_Z,_Z,_Z,_Z,N,2024-07,3.953086,A,0,2,
OECD.SDD.STES:DSD_STES@DF_FINMARK(4.0),CZE,M,IRLT,PA,_Z,_Z,_Z,_Z,N,2024-08,3.781962,A,0,2,
OECD.SDD.STES:DSD_STES@DF_FINMARK(4.0),CZE,M,IRLT,PA,_Z,_Z,_Z,_Z,N,2024-09,3.768057,A,0,2,
OECD.SDD.STES:DSD_STES@DF_FINMARK(4.0),CZE,M,IRLT,PA,_Z,_Z,_Z,_Z,N,2024-10,3.982299,A,0,2,
OECD.SDD.STES:DSD_STES@DF_FINMARK(4.0),CZE,M,IRLT,PA,_Z,_Z,_Z,_Z,N,2024-11,4.104026,A,0,2,
OECD.SDD.STES:DSD_STES@DF_FINMARK(4.0),CZE,M,IRLT,PA,_Z,_Z,_Z,_Z,N,2024-12,4.133104,A,0,2,
OECD.SDD.STES:DSD_STES@DF_FINMARK(4.0),CZE,M,IRLT,PA,_Z,_Z,_Z,_Z,N,2025-01,4.195977,A,0,2,
OECD.SDD.STES:DSD_STES@DF_FINMARK(4.0),CZE,M,IRLT,PA,_Z,_Z,_Z,_Z,N,2025-02,4.062079,A,0,2,
OECD.SDD.STES:DSD_STES@DF_FINMARK(4.0),CZE,M,IRLT,PA,_Z,_Z,_Z,_Z,N,2025-03,4.263839,A,0,2,
OECD.SDD.STES:DSD_STES@DF_FINMARK(4.0),CZE,M,IRLT,PA,_Z,_Z,_Z,_Z,N,2025-04,4.08533,A,0,2,
OECD.SDD.STES:DSD_STES@DF_FINMARK(4.0),CZE,M,IRLT,PA,_Z,_Z,_Z,_Z,N,2025-05,4.155817,A,0,2,
OECD.SDD.STES:DSD_STES@DF_FINMARK(4.0),CZE,M,IRLT,PA,_Z,_Z,_Z,_Z,N,2025-06,4.229584,A,0,2,
OECD.SDD.STES:DSD_STES@DF_FINMARK(4.0),CZE,M,IRLT,PA,_Z,_Z,_Z,_Z,N,2025-07,4.300223,A,0,2,
OECD.SDD.STES:DSD_STES@DF_FINMARK(4.0),CZE,M,IRLT,PA,_Z,_Z,_Z,_Z,N,2025-08,4.348491,A,0,2,
OECD.SDD.STES:DSD_STES@DF_FINMARK(4.0),CZE,M,IRLT,PA,_Z,_Z,_Z,_Z,N,2025-09,4.423009,A,0,2,
OECD.SDD.STES:DSD_STES@DF_FINMARK(4.0),CZE,M,IRLT,PA,_Z,_Z,_Z,_Z,N,2025-10,4.458136,A,0,2,
OECD.SDD.STES:DSD_STES@DF_FINMARK(4.0),CZE,M,IRLT,PA,_Z,_Z,_Z,_Z,N,2025-11,4.608953,A,0,2,
OECD.SDD.STES:DSD_STES@DF_FINMARK(4.0),CZE,M,IRLT,PA,_Z,_Z,_Z,_Z,N,2025-12,4.647836,A,0,2,
OECD.SDD.STES:DSD_STES@DF_FINMARK(4.0),CZE,M,IRLT,PA,_Z,_Z,_Z,_Z,N,2026-01,4.459869,A,0,2,
OECD.SDD.STES:DSD_STES@DF_FINMARK(4.0),CZE,M,IRLT,PA,_Z,_Z,_Z,_Z,N,2026-02,4.370522,A,0,2,
OECD.SDD.STES:DSD_STES@DF_FINMARK(4.0),CZE,M,IRLT,PA,_Z,_Z,_Z,_Z,N,2026-03,4.723614,A,0,2,
OECD.SDD.STES:DSD_STES@DF_FINMARK(4.0),CZE,M,IRLT,PA,_Z,_Z,_Z,_Z,N,2026-04,4.738272,A,0,2,
OECD.SDD.STES:DSD_STES@DF_FINMARK(4.0),ITA,M,IRLT,PA,_Z,_Z,_Z,_Z,N,2023-03,4.24,A,0,2,
OECD.SDD.STES:DSD_STES@DF_FINMARK(4.0),ITA,M,IRLT,PA,_Z,_Z,_Z,_Z,N,2026-02,3.388,A,0,2,
OECD.SDD.STES:DSD_STES@DF_FINMARK(4.0),AUS,M,IRLT,PA,_Z,_Z,_Z,_Z,N,2026-05,4.982,A,0,2,
OECD.SDD.STES:DSD_STES@DF_FINMARK(4.0),CAN,M,IRLT,PA,_Z,_Z,_Z,_Z,N,2026-03,3.440909,A,0,2,
OECD.SDD.STES:DSD_STES@DF_FINMARK(4.0),CAN,M,IRLT,PA,_Z,_Z,_Z,_Z,N,2026-04,3.518333,A,0,2,
OECD.SDD.STES:DSD_STES@DF_FINMARK(4.0),CHL,M,IRLT,PA,_Z,_Z,_Z,_Z,N,2026-04,5.47,A,0,2,
OECD.SDD.STES:DSD_STES@DF_FINMARK(4.0),CHL,M,IRLT,PA,_Z,_Z,_Z,_Z,N,2026-05,5.57,A,0,2,
OECD.SDD.STES:DSD_STES@DF_FINMARK(4.0),CRI,M,IRLT,PA,_Z,_Z,_Z,_Z,N,2026-05,6.575631,A,0,2,
OECD.SDD.STES:DSD_STES@DF_FINMARK(4.0),CZE,M,IRLT,PA,_Z,_Z,_Z,_Z,N,2026-05,4.885756,A,0,2,
OECD.SDD.STES:DSD_STES@DF_FINMARK(4.0),ISR,M,IRLT,PA,_Z,_Z,_Z,_Z,N,2026-05,3.98,A,0,2,
OECD.SDD.STES:DSD_STES@DF_FINMARK(4.0),NOR,M,IRLT,PA,_Z,_Z,_Z,_Z,N,2025-01,3.82125,A,0,2,
OECD.SDD.STES:DSD_STES@DF_FINMARK(4.0),ESP,M,IRLT,PA,_Z,_Z,_Z,_Z,N,2026-05,3.48225,A,0,2,
OECD.SDD.STES:DSD_STES@DF_FINMARK(4.0),CHN,M,IRLT,PA,_Z,_Z,_Z,_Z,N,2026-05,1.71,A,0,2,
OECD.SDD.STES:DSD_STES@DF_FINMARK(4.0),BEL,M,IRLT,PA,_Z,_Z,_Z,_Z,N,2026-08,3.76,A,0,2,
OECD.SDD.STES:DSD_STES@DF_FINMARK(4.0),COL,M,IRLT,PA,_Z,_Z,_Z,_Z,N,2026-08,12.15,A,0,2,
OECD.SDD.STES:DSD_STES@DF_FINMARK(4.0),FIN,M,IRLT,PA,_Z,_Z,_Z,_Z,N,2026-08,3.521296,A,0,2,
OECD.SDD.STES:DSD_STES@DF_FINMARK(4.0),DEU,M,IRLT,PA,_Z,_Z,_Z,_Z,N,2026-08,3.18,A,0,2,
OECD.SDD.STES:DSD_STES@DF_FINMARK(4.0),GRC,M,IRLT,PA,_Z,_Z,_Z,_Z,N,2026-08,3.87,A,0,2,
OECD.SDD.STES:DSD_STES@DF_FINMARK(4.0),ISR,M,IRLT,PA,_Z,_Z,_Z,_Z,N,2026-08,3.93,A,0,2,
OECD.SDD.STES:DSD_STES@DF_FINMARK(4.0),JPN,M,IRLT,PA,_Z,_Z,_Z,_Z,N,2026-08,2.94,A,0,2,
OECD.SDD.STES:DSD_STES@DF_FINMARK(4.0),KOR,M,IRLT,PA,_Z,_Z,_Z,_Z,N,2026-08,4.286,A,0,2,
OECD.SDD.STES:DSD_STES@DF_FINMARK(4.0),MEX,M,IRLT,PA,_Z,_Z,_Z,_Z,N,2026-08,9.16,A,0,2,
OECD.SDD.STES:DSD_STES@DF_FINMARK(4.0),NZL,M,IRLT,PA,_Z,_Z,_Z,_Z,N,2026-08,4.71,A,0,2,
OECD.SDD.STES:DSD_STES@DF_FINMARK(4.0),NOR,M,IRLT,PA,_Z,_Z,_Z,_Z,N,2026-08,4.28635,A,0,2,
OECD.SDD.STES:DSD_STES@DF_FINMARK(4.0),ESP,M,IRLT,PA,_Z,_Z,_Z,_Z,N,2026-08,3.633,A,0,2,
OECD.SDD.STES:DSD_STES@DF_FINMARK(4.0),SWE,M,IRLT,PA,_Z,_Z,_Z,_Z,N,2026-08,3.02314,A,0,2,
OECD.SDD.STES:DSD_STES@DF_FINMARK(4.0),BRA,M,IRLT,PA,_Z,_Z,_Z,_Z,N,2026-08,9.14,A,0,2,
OECD.SDD.STES:DSD_STES@DF_FINMARK(4.0),AUS,M,IRLT,PA,_Z,_Z,_Z,_Z,N,2026-08,5.015,A,0,2,
OECD.SDD.STES:DSD_STES@DF_FINMARK(4.0),CRI,M,IRLT,PA,_Z,_Z,_Z,_Z,N,2026-08,6.280566,A,0,2,
OECD.SDD.STES:DSD_STES@DF_FINMARK(4.0),CZE,M,IRLT,PA,_Z,_Z,_Z,_Z,N,2026-08,4.911688,A,0,2,
OECD.SDD.STES:DSD_STES@DF_FINMARK(4.0),HUN,M,IRLT,PA,_Z,_Z,_Z,_Z,N,2026-08,5.46,A,0,2,
OECD.SDD.STES:DSD_STES@DF_FINMARK(4.0),CRI,M,IRLT,PA,_Z,_Z,_Z,_Z,N,2026-07,6.311749,A,0,2,
OECD.SDD.STES:DSD_STES@DF_FINMARK(4.0),AUS,M,IRLT,PA,_Z,_Z,_Z,_Z,N,2026-07,4.919,A,0,2,
OECD.SDD.STES:DSD_STES@DF_FINMARK(4.0),AUT,M,IRLT,PA,_Z,_Z,_Z,_Z,N,2026-07,3.3239,A,0,2,
OECD.SDD.STES:DSD_STES@DF_FINMARK(4.0),BEL,M,IRLT,PA,_Z,_Z,_Z,_Z,N,2026-07,3.64,A,0,2,
OECD.SDD.STES:DSD_STES@DF_FINMARK(4.0),CAN,M,IRLT,PA,_Z,_Z,_Z,_Z,N,2026-07,3.547273,A,0,2,
OECD.SDD.STES:DSD_STES@DF_FINMARK(4.0),CHL,M,IRLT,PA,_Z,_Z,_Z,_Z,N,2026-07,5.55,A,0,2,
OECD.SDD.STES:DSD_STES@DF_FINMARK(4.0),COL,M,IRLT,PA,_Z,_Z,_Z,_Z,N,2026-07,12.04,A,0,2,
OECD.SDD.STES:DSD_STES@DF_FINMARK(4.0),CZE,M,IRLT,PA,_Z,_Z,_Z,_Z,N,2026-07,4.790449,A,0,2,
OECD.SDD.STES:DSD_STES@DF_FINMARK(4.0),DNK,M,IRLT,PA,_Z,_Z,_Z,_Z,N,2026-07,2.928,A,0,2,
OECD.SDD.STES:DSD_STES@DF_FINMARK(4.0),EST,M,IRLT,PA,_Z,_Z,_Z,_Z,N,2026-07,3.75,A,0,2,
OECD.SDD.STES:DSD_STES@DF_FINMARK(4.0),FIN,M,IRLT,PA,_Z,_Z,_Z,_Z,N,2026-07,3.426436,A,0,2,
OECD.SDD.STES:DSD_STES@DF_FINMARK(4.0),DEU,M,IRLT,PA,_Z,_Z,_Z,_Z,N,2026-07,3.070435,A,0,2,
OECD.SDD.STES:DSD_STES@DF_FINMARK(4.0),GRC,M,IRLT,PA,_Z,_Z,_Z,_Z,N,2026-07,3.79,A,0,2,
OECD.SDD.STES:DSD_STES@DF_FINMARK(4.0),HUN,M,IRLT,PA,_Z,_Z,_Z,_Z,N,2026-07,5.3,A,0,2,
OECD.SDD.STES:DSD_STES@DF_FINMARK(4.0),IRL,M,IRLT,PA,_Z,_Z,_Z,_Z,N,2026-07,3.2549,A,0,2,
OECD.SDD.STES:DSD_STES@DF_FINMARK(4.0),ISR,M,IRLT,PA,_Z,_Z,_Z,_Z,N,2026-07,3.91,A,0,2,
OECD.SDD.STES:DSD_STES@DF_FINMARK(4.0),JPN,M,IRLT,PA,_Z,_Z,_Z,_Z,N,2026-07,2.79,A,0,2,
OECD.SDD.STES:DSD_STES@DF_FINMARK(4.0),KOR,M,IRLT,PA,_Z,_Z,_Z,_Z,N,2026-07,4.286,A,0,2,
OECD.SDD.STES:DSD_STES@DF_FINMARK(4.0),LVA,M,IRLT,PA,_Z,_Z,_Z,_Z,N,2026-07,3.73,A,0,2,
OECD.SDD.STES:DSD_STES@DF_FINMARK(4.0),LTU,M,IRLT,PA,_Z,_Z,_Z,_Z,N,2026-07,2.88,A,0,2,
OECD.SDD.STES:DSD_STES@DF_FINMARK(4.0),LUX,M,IRLT,PA,_Z,_Z,_Z,_Z,N,2026-07,3.304,A,0,2,
OECD.SDD.STES:DSD_STES@DF_FINMARK(4.0),MEX,M,IRLT,PA,_Z,_Z,_Z,_Z,N,2026-07,9.02,A,0,2,
OECD.SDD.STES:DSD_STES@DF_FINMARK(4.0),NLD,M,IRLT,PA,_Z,_Z,_Z,_Z,N,2026-07,3.195,A,0,2,
OECD.SDD.STES:DSD_STES@DF_FINMARK(4.0),NZL,M,IRLT,PA,_Z,_Z,_Z,_Z,N,2026-07,4.61,A,0,2,
OECD.SDD.STES:DSD_STES@DF_FINMARK(4.0),NOR,M,IRLT,PA,_Z,_Z,_Z,_Z,N,2026-07,4.271522,A,0,2,
OECD.SDD.STES:DSD_STES@DF_FINMARK(4.0),SVK,M,IRLT,PA,_Z,_Z,_Z,_Z,N,2026-07,3.729652,A,0,2,
OECD.SDD.STES:DSD_STES@DF_FINMARK(4.0),SVN,M,IRLT,PA,_Z,_Z,_Z,_Z,N,2026-07,3.37,A,0,2,
OECD.SDD.STES:DSD_STES@DF_FINMARK(4.0),ESP,M,IRLT,PA,_Z,_Z,_Z,_Z,N,2026-07,3.533261,A,0,2,
OECD.SDD.STES:DSD_STES@DF_FINMARK(4.0),SWE,M,IRLT,PA,_Z,_Z,_Z,_Z,N,2026-07,2.90809,A,0,2,
OECD.SDD.STES:DSD_STES@DF_FINMARK(4.0),GBR,M,IRLT,PA,_Z,_Z,_Z,_Z,N,2026-07,4.9318,A,0,2,
OECD.SDD.STES:DSD_STES@DF_FINMARK(4.0),USA,M,IRLT,PA,_Z,_Z,_Z,_Z,N,2026-07,4.6,A,0,2,
OECD.SDD.STES:DSD_STES@DF_FINMARK(4.0),BRA,M,IRLT,PA,_Z,_Z,_Z,_Z,N,2026-07,9.14,A,0,2,
OECD.SDD.STES:DSD_STES@DF_FINMARK(4.0),BGR,M,IRLT,PA,_Z,_Z,_Z,_Z,N,2026-07,4.09,A,0,2,
OECD.SDD.STES:DSD_STES@DF_FINMARK(4.0),CHN,M,IRLT,PA,_Z,_Z,_Z,_Z,N,2026-07,1.71,A,0,2,
OECD.SDD.STES:DSD_STES@DF_FINMARK(4.0),HRV,M,IRLT,PA,_Z,_Z,_Z,_Z,N,2026-07,3.58,A,0,2,
OECD.SDD.STES:DSD_STES@DF_FINMARK(4.0),IND,M,IRLT,PA,_Z,_Z,_Z,_Z,N,2026-07,6.78,A,0,2,
OECD.SDD.STES:DSD_STES@DF_FINMARK(4.0),ROU,M,IRLT,PA,_Z,_Z,_Z,_Z,N,2026-07,6.09,A,0,2,
OECD.SDD.STES:DSD_STES@DF_FINMARK(4.0),BEL,M,IRLT,PA,_Z,_Z,_Z,_Z,N,2026-06,3.51,A,0,2,
OECD.SDD.STES:DSD_STES@DF_FINMARK(4.0),CHL,M,IRLT,PA,_Z,_Z,_Z,_Z,N,2026-06,5.52,A,0,2,
OECD.SDD.STES:DSD_STES@DF_FINMARK(4.0),FIN,M,IRLT,PA,_Z,_Z,_Z,_Z,N,2026-06,3.310733,A,0,2,
OECD.SDD.STES:DSD_STES@DF_FINMARK(4.0),HUN,M,IRLT,PA,_Z,_Z,_Z,_Z,N,2026-06,5.26,A,0,2,
OECD.SDD.STES:DSD_STES@DF_FINMARK(4.0),ISR,M,IRLT,PA,_Z,_Z,_Z,_Z,N,2026-06,3.81,A,0,2,
OECD.SDD.STES:DSD_STES@DF_FINMARK(4.0),JPN,M,IRLT,PA,_Z,_Z,_Z,_Z,N,2026-06,2.67,A,0,2,
OECD.SDD.STES:DSD_STES@DF_FINMARK(4.0),KOR,M,IRLT,PA,_Z,_Z,_Z,_Z,N,2026-06,4.181,A,0,2,
OECD.SDD.STES:DSD_STES@DF_FINMARK(4.0),NZL,M,IRLT,PA,_Z,_Z,_Z,_Z,N,2026-06,4.46,A,0,2,
OECD.SDD.STES:DSD_STES@DF_FINMARK(4.0),POL,M,IRLT,PA,_Z,_Z,_Z,_Z,N,2026-06,5.51,A,0,2,
OECD.SDD.STES:DSD_STES@DF_FINMARK(4.0),SWE,M,IRLT,PA,_Z,_Z,_Z,_Z,N,2026-06,2.78067,A,0,2,
OECD.SDD.STES:DSD_STES@DF_FINMARK(4.0),CHE,M,IRLT,PA,_Z,_Z,_Z,_Z,N,2026-06,0.31,A,0,2,
OECD.SDD.STES:DSD_STES@DF_FINMARK(4.0),GBR,M,IRLT,PA,_Z,_Z,_Z,_Z,N,2026-06,4.796,A,0,2,
OECD.SDD.STES:DSD_STES@DF_FINMARK(4.0),USA,M,IRLT,PA,_Z,_Z,_Z,_Z,N,2026-06,4.47,A,0,2,
OECD.SDD.STES:DSD_STES@DF_FINMARK(4.0),BRA,M,IRLT,PA,_Z,_Z,_Z,_Z,N,2026-06,9.13,A,0,2,
OECD.SDD.STES:DSD_STES@DF_FINMARK(4.0),AUS,M,IRLT,PA,_Z,_Z,_Z,_Z,N,2026-06,4.831,A,0,2,
OECD.SDD.STES:DSD_STES@DF_FINMARK(4.0),AUT,M,IRLT,PA,_Z,_Z,_Z,_Z,N,2026-06,3.2074,A,0,2,
OECD.SDD.STES:DSD_STES@DF_FINMARK(4.0),COL,M,IRLT,PA,_Z,_Z,_Z,_Z,N,2026-06,12.32,A,0,2,
OECD.SDD.STES:DSD_STES@DF_FINMARK(4.0),CRI,M,IRLT,PA,_Z,_Z,_Z,_Z,N,2026-06,6.391925,A,0,2,
OECD.SDD.STES:DSD_STES@DF_FINMARK(4.0),DNK,M,IRLT,PA,_Z,_Z,_Z,_Z,N,2026-06,2.807,A,0,2,
OECD.SDD.STES:DSD_STES@DF_FINMARK(4.0),EST,M,IRLT,PA,_Z,_Z,_Z,_Z,N,2026-06,3.6,A,0,2,
OECD.SDD.STES:DSD_STES@DF_FINMARK(4.0),DEU,M,IRLT,PA,_Z,_Z,_Z,_Z,N,2026-06,2.964091,A,0,2,
OECD.SDD.STES:DSD_STES@DF_FINMARK(4.0),GRC,M,IRLT,PA,_Z,_Z,_Z,_Z,N,2026-06,3.64,A,0,2,
OECD.SDD.STES:DSD_STES@DF_FINMARK(4.0),IRL,M,IRLT,PA,_Z,_Z,_Z,_Z,N,2026-06,3.1264,A,0,2,
OECD.SDD.STES:DSD_STES@DF_FINMARK(4.0),LVA,M,IRLT,PA,_Z,_Z,_Z,_Z,N,2026-06,3.7,A,0,2,
OECD.SDD.STES:DSD_STES@DF_FINMARK(4.0),LTU,M,IRLT,PA,_Z,_Z,_Z,_Z,N,2026-06,2.88,A,0,2,
OECD.SDD.STES:DSD_STES@DF_FINMARK(4.0),LUX,M,IRLT,PA,_Z,_Z,_Z,_Z,N,2026-06,3.188,A,0,2,
OECD.SDD.STES:DSD_STES@DF_FINMARK(4.0),NLD,M,IRLT,PA,_Z,_Z,_Z,_Z,N,2026-06,3.077,A,0,2,
OECD.SDD.STES:DSD_STES@DF_FINMARK(4.0),NOR,M,IRLT,PA,_Z,_Z,_Z,_Z,N,2026-06,4.198454,A,0,2,
OECD.SDD.STES:DSD_STES@DF_FINMARK(4.0),PRT,M,IRLT,PA,_Z,_Z,_Z,_Z,N,2026-06,3.33,A,0,2,
OECD.SDD.STES:DSD_STES@DF_FINMARK(4.0),SVK,M,IRLT,PA,_Z,_Z,_Z,_Z,N,2026-06,3.623273,A,0,2,
OECD.SDD.STES:DSD_STES@DF_FINMARK(4.0),SVN,M,IRLT,PA,_Z,_Z,_Z,_Z,N,2026-06,3.36,A,0,2,
OECD.SDD.STES:DSD_STES@DF_FINMARK(4.0),ESP,M,IRLT,PA,_Z,_Z,_Z,_Z,N,2026-06,3.416364,A,0,2,
OECD.SDD.STES:DSD_STES@DF_FINMARK(4.0),EA20,M,IRLT,PA,_Z,_Z,_Z,_Z,N,2026-06,3.402309,A,0,2,
OECD.SDD.STES:DSD_STES@DF_FINMARK(4.0),BGR,M,IRLT,PA,_Z,_Z,_Z,_Z,N,2026-06,4.09,A,0,2,
OECD.SDD.STES:DSD_STES@DF_FINMARK(4.0),CHN,M,IRLT,PA,_Z,_Z,_Z,_Z,N,2026-06,1.73,A,0,2,
OECD.SDD.STES:DSD_STES@DF_FINMARK(4.0),HRV,M,IRLT,PA,_Z,_Z,_Z,_Z,N,2026-06,3.57,A,0,2,
OECD.SDD.STES:DSD_STES@DF_FINMARK(4.0),IND,M,IRLT,PA,_Z,_Z,_Z,_Z,N,2026-06,6.89,A,0,2,
OECD.SDD.STES:DSD_STES@DF_FINMARK(4.0),ROU,M,IRLT,PA,_Z,_Z,_Z,_Z,N,2026-06,5.98,A,0,2,
OECD.SDD.STES:DSD_STES@DF_FINMARK(4.0),ITA,M,IRLT,PA,_Z,_Z,_Z,_Z,N,2015-01,1.70214,A,0,2,
OECD.SDD.STES:DSD_STES@DF_FINMARK(4.0),ITA,M,IRLT,PA,_Z,_Z,_Z,_Z,N,2015-02,1.55683,A,0,2,
OECD.SDD.STES:DSD_STES@DF_FINMARK(4.0),ITA,M,IRLT,PA,_Z,_Z,_Z,_Z,N,2015-03,1.29423,A,0,2,
OECD.SDD.STES:DSD_STES@DF_FINMARK(4.0),ITA,M,IRLT,PA,_Z,_Z,_Z,_Z,N,2015-04,1.3574,A,0,2,
OECD.SDD.STES:DSD_STES@DF_FINMARK(4.0),ITA,M,IRLT,PA,_Z,_Z,_Z,_Z,N,2015-05,1.81211,A,0,2,
OECD.SDD.STES:DSD_STES@DF_FINMARK(4.0),ITA,M,IRLT,PA,_Z,_Z,_Z,_Z,N,2015-06,2.19919,A,0,2,
OECD.SDD.STES:DSD_STES@DF_FINMARK(4.0),ITA,M,IRLT,PA,_Z,_Z,_Z,_Z,N,2015-07,2.04214,A,0,2,
OECD.SDD.STES:DSD_STES@DF_FINMARK(4.0),ITA,M,IRLT,PA,_Z,_Z,_Z,_Z,N,2015-08,1.83856,A,0,2,
OECD.SDD.STES:DSD_STES@DF_FINMARK(4.0),ITA,M,IRLT,PA,_Z,_Z,_Z,_Z,N,2015-09,1.92014,A,0,2,
OECD.SDD.STES:DSD_STES@DF_FINMARK(4.0),ITA,M,IRLT,PA,_Z,_Z,_Z,_Z,N,2015-10,1.69606,A,0,2,
OECD.SDD.STES:DSD_STES@DF_FINMARK(4.0),ITA,M,IRLT,PA,_Z,_Z,_Z,_Z,N,2015-11,1.57018,A,0,2,
OECD.SDD.STES:DSD_STES@DF_FINMARK(4.0),ITA,M,IRLT,PA,_Z,_Z,_Z,_Z,N,2015-12,1.57864,A,0,2,
OECD.SDD.STES:DSD_STES@DF_FINMARK(4.0),ITA,M,IRLT,PA,_Z,_Z,_Z,_Z,N,2016-01,1.5343,A,0,2,
OECD.SDD.STES:DSD_STES@DF_FINMARK(4.0),ITA,M,IRLT,PA,_Z,_Z,_Z,_Z,N,2016-02,1.5585,A,0,2,
OECD.SDD.STES:DSD_STES@DF_FINMARK(4.0),ITA,M,IRLT,PA,_Z,_Z,_Z,_Z,N,2016-03,1.37516,A,0,2,
OECD.SDD.STES:DSD_STES@DF_FINMARK(4.0),ITA,M,IRLT,PA,_Z,_Z,_Z,_Z,N,2016-04,1.44177,A,0,2,
OECD.SDD.STES:DSD_STES@DF_FINMARK(4.0),ITA,M,IRLT,PA,_Z,_Z,_Z,_Z,N,2016-05,1.52632,A,0,2,
OECD.SDD.STES:DSD_STES@DF_FINMARK(4.0),ITA,M,IRLT,PA,_Z,_Z,_Z,_Z,N,2016-06,1.45346,A,0,2,
OECD.SDD.STES:DSD_STES@DF_FINMARK(4.0),ITA,M,IRLT,PA,_Z,_Z,_Z,_Z,N,2016-07,1.22722,A,0,2,
OECD.SDD.STES:DSD_STES@DF_FINMARK(4.0),ITA,M,IRLT,PA,_Z,_Z,_Z,_Z,N,2016-08,1.17635,A,0,2,
OECD.SDD.STES:DSD_STES@DF_FINMARK(4.0),ITA,M,IRLT,PA,_Z,_Z,_Z,_Z,N,2016-09,1.26606,A,0,2,
OECD.SDD.STES:DSD_STES@DF_FINMARK(4.0),ITA,M,IRLT,PA,_Z,_Z,_Z,_Z,N,2016-10,1.45047,A,0,2,
OECD.SDD.STES:DSD_STES@DF_FINMARK(4.0),ITA,M,IRLT,PA,_Z,_Z,_Z,_Z,N,2016-11,1.94278,A,0,2,
OECD.SDD.STES:DSD_STES@DF_FINMARK(4.0),ITA,M,IRLT,PA,_Z,_Z,_Z,_Z,N,2016-12,1.88618,A,0,2,
OECD.SDD.STES:DSD_STES@DF_FINMARK(4.0),ITA,M,IRLT,PA,_Z,_Z,_Z,_Z,N,2017-01,1.99107,A,0,2,
OECD.SDD.STES:DSD_STES@DF_FINMARK(4.0),ITA,M,IRLT,PA,_Z,_Z,_Z,_Z,N,2017-02,2.35192,A,0,2,
OECD.SDD.STES:DSD_STES@DF_FINMARK(4.0),ITA,M,IRLT,PA,_Z,_Z,_Z,_Z,N,2017-03,2.40073,A,0,2,
OECD.SDD.STES:DSD_STES@DF_FINMARK(4.0),ITA,M,IRLT,PA,_Z,_Z,_Z,_Z,N,2017-04,2.25705,A,0,2,
OECD.SDD.STES:DSD_STES@DF_FINMARK(4.0),ITA,M,IRLT,PA,_Z,_Z,_Z,_Z,N,2017-05,2.19402,A,0,2,
OECD.SDD.STES:DSD_STES@DF_FINMARK(4.0),ITA,M,IRLT,PA,_Z,_Z,_Z,_Z,N,2017-06,2.05337,A,0,2,
OECD.SDD.STES:DSD_STES@DF_FINMARK(4.0),ITA,M,IRLT,PA,_Z,_Z,_Z,_Z,N,2017-07,2.23141,A,0,2,
OECD.SDD.STES:DSD_STES@DF_FINMARK(4.0),ITA,M,IRLT,PA,_Z,_Z,_Z,_Z,N,2017-08,2.10986,A,0,2,
OECD.SDD.STES:DSD_STES@DF_FINMARK(4.0),ITA,M,IRLT,PA,_Z,_Z,_Z,_Z,N,2017-09,2.10949,A,0,2,
OECD.SDD.STES:DSD_STES@DF_FINMARK(4.0),ITA,M,IRLT,PA,_Z,_Z,_Z,_Z,N,2017-10,2.07385,A,0,2,
OECD.SDD.STES:DSD_STES@DF_FINMARK(4.0),ITA,M,IRLT,PA,_Z,_Z,_Z,_Z,N,2017-11,1.78885,A,0,2,
OECD.SDD.STES:DSD_STES@DF_FINMARK(4.0),ITA,M,IRLT,PA,_Z,_Z,_Z,_Z,N,2017-12,1.79452,A,0,2,
OECD.SDD.STES:DSD_STES@DF_FINMARK(4.0),ITA,M,IRLT,PA,_Z,_Z,_Z,_Z,N,2018-01,1.98419,A,0,2,
OECD.SDD.STES:DSD_STES@DF_FINMARK(4.0),ITA,M,IRLT,PA,_Z,_Z,_Z,_Z,N,2018-02,2.08078,A,0,2,
OECD.SDD.STES:DSD_STES@DF_FINMARK(4.0),ITA,M,IRLT,PA,_Z,_Z,_Z,_Z,N,2018-03,1.96547,A,0,2,
OECD.SDD.STES:DSD_STES@DF_FINMARK(4.0),ITA,M,IRLT,PA,_Z,_Z,_Z,_Z,N,2018-04,1.77335,A,0,2,
OECD.SDD.STES:DSD_STES@DF_FINMARK(4.0),ITA,M,IRLT,PA,_Z,_Z,_Z,_Z,N,2018-05,2.17969,A,0,2,
OECD.SDD.STES:DSD_STES@DF_FINMARK(4.0),ITA,M,IRLT,PA,_Z,_Z,_Z,_Z,N,2018-06,2.74417,A,0,2,
OECD.SDD.STES:DSD_STES@DF_FINMARK(4.0),ITA,M,IRLT,PA,_Z,_Z,_Z,_Z,N,2018-07,2.64298,A,0,2,
OECD.SDD.STES:DSD_STES@DF_FINMARK(4.0),ITA,M,IRLT,PA,_Z,_Z,_Z,_Z,N,2018-08,3.16096,A,0,2,
OECD.SDD.STES:DSD_STES@DF_FINMARK(4.0),ITA,M,IRLT,PA,_Z,_Z,_Z,_Z,N,2018-09,2.9585,A,0,2,
OECD.SDD.STES:DSD_STES@DF_FINMARK(4.0),ITA,M,IRLT,PA,_Z,_Z,_Z,_Z,N,2018-10,3.46884,A,0,2,
OECD.SDD.STES:DSD_STES@DF_FINMARK(4.0),ITA,M,IRLT,PA,_Z,_Z,_Z,_Z,N,2018-11,3.39008,A,0,2,
OECD.SDD.STES:DSD_STES@DF_FINMARK(4.0),ITA,M,IRLT,PA,_Z,_Z,_Z,_Z,N,2018-12,2.97513,A,0,2,
OECD.SDD.STES:DSD_STES@DF_FINMARK(4.0),ITA,M,IRLT,PA,_Z,_Z,_Z,_Z,N,2019-01,2.77011,A,0,2,
OECD.SDD.STES:DSD_STES@DF_FINMARK(4.0),ITA,M,IRLT,PA,_Z,_Z,_Z,_Z,N,2019-02,2.81241,A,0,2,
OECD.SDD.STES:DSD_STES@DF_FINMARK(4.0),ITA,M,IRLT,PA,_Z,_Z,_Z,_Z,N,2019-03,2.68985,A,0,2,
OECD.SDD.STES:DSD_STES@DF_FINMARK(4.0),ITA,M,IRLT,PA,_Z,_Z,_Z,_Z,N,2019-04,2.61756,A,0,2,
OECD.SDD.STES:DSD_STES@DF_FINMARK(4.0),ITA,M,IRLT,PA,_Z,_Z,_Z,_Z,N,2019-05,2.64404,A,0,2,
OECD.SDD.STES:DSD_STES@DF_FINMARK(4.0),ITA,M,IRLT,PA,_Z,_Z,_Z,_Z,N,2019-06,2.28374,A,0,2,
OECD.SDD.STES:DSD_STES@DF_FINMARK(4.0),ITA,M,IRLT,PA,_Z,_Z,_Z,_Z,N,2019-07,1.6539,A,0,2,
OECD.SDD.STES:DSD_STES@DF_FINMARK(4.0),ITA,M,IRLT,PA,_Z,_Z,_Z,_Z,N,2019-08,1.40365,A,0,2,
OECD.SDD.STES:DSD_STES@DF_FINMARK(4.0),ITA,M,IRLT,PA,_Z,_Z,_Z,_Z,N,2019-09,0.90208,A,0,2,
OECD.SDD.STES:DSD_STES@DF_FINMARK(4.0),ITA,M,IRLT,PA,_Z,_Z,_Z,_Z,N,2019-10,1.00355,A,0,2,
OECD.SDD.STES:DSD_STES@DF_FINMARK(4.0),ITA,M,IRLT,PA,_Z,_Z,_Z,_Z,N,2019-11,1.26594,A,0,2,
OECD.SDD.STES:DSD_STES@DF_FINMARK(4.0),ITA,M,IRLT,PA,_Z,_Z,_Z,_Z,N,2019-12,1.37011,A,0,2,
OECD.SDD.STES:DSD_STES@DF_FINMARK(4.0),ITA,M,IRLT,PA,_Z,_Z,_Z,_Z,N,2020-01,1.27499,A,0,2,
OECD.SDD.STES:DSD_STES@DF_FINMARK(4.0),ITA,M,IRLT,PA,_Z,_Z,_Z,_Z,N,2020-02,0.9555,A,0,2,
OECD.SDD.STES:DSD_STES@DF_FINMARK(4.0),ITA,M,IRLT,PA,_Z,_Z,_Z,_Z,N,2020-03,1.55118,A,0,2,
OECD.SDD.STES:DSD_STES@DF_FINMARK(4.0),ITA,M,IRLT,PA,_Z,_Z,_Z,_Z,N,2020-04,1.79913,A,0,2,
OECD.SDD.STES:DSD_STES@DF_FINMARK(4.0),ITA,M,IRLT,PA,_Z,_Z,_Z,_Z,N,2020-05,1.76204,A,0,2,
OECD.SDD.STES:DSD_STES@DF_FINMARK(4.0),ITA,M,IRLT,PA,_Z,_Z,_Z,_Z,N,2020-06,1.4552,A,0,2,
OECD.SDD.STES:DSD_STES@DF_FINMARK(4.0),ITA,M,IRLT,PA,_Z,_Z,_Z,_Z,N,2020-07,1.19629,A,0,2,
OECD.SDD.STES:DSD_STES@DF_FINMARK(4.0),ITA,M,IRLT,PA,_Z,_Z,_Z,_Z,N,2020-08,1.03189,A,0,2,
OECD.SDD.STES:DSD_STES@DF_FINMARK(4.0),ITA,M,IRLT,PA,_Z,_Z,_Z,_Z,N,2020-09,0.98121,A,0,2,
OECD.SDD.STES:DSD_STES@DF_FINMARK(4.0),ITA,M,IRLT,PA,_Z,_Z,_Z,_Z,N,2020-10,0.77007,A,0,2,
OECD.SDD.STES:DSD_STES@DF_FINMARK(4.0),ITA,M,IRLT,PA,_Z,_Z,_Z,_Z,N,2020-11,0.66399,A,0,2,
OECD.SDD.STES:DSD_STES@DF_FINMARK(4.0),ITA,M,IRLT,PA,_Z,_Z,_Z,_Z,N,2020-12,0.57801,A,0,2,
OECD.SDD.STES:DSD_STES@DF_FINMARK(4.0),ITA,M,IRLT,PA,_Z,_Z,_Z,_Z,N,2021-01,0.61566,A,0,2,
OECD.SDD.STES:DSD_STES@DF_FINMARK(4.0),ITA,M,IRLT,PA,_Z,_Z,_Z,_Z,N,2021-02,0.59041,A,0,2,
OECD.SDD.STES:DSD_STES@DF_FINMARK(4.0),ITA,M,IRLT,PA,_Z,_Z,_Z,_Z,N,2021-03,0.70399,A,0,2,
OECD.SDD.STES:DSD_STES@DF_FINMARK(4.0),ITA,M,IRLT,PA,_Z,_Z,_Z,_Z,N,2021-04,0.79727,A,0,2,
OECD.SDD.STES:DSD_STES@DF_FINMARK(4.0),ITA,M,IRLT,PA,_Z,_Z,_Z,_Z,N,2021-05,0.98446,A,0,2,
OECD.SDD.STES:DSD_STES@DF_FINMARK(4.0),ITA,M,IRLT,PA,_Z,_Z,_Z,_Z,N,2021-06,0.8746,A,0,2,
OECD.SDD.STES:DSD_STES@DF_FINMARK(4.0),ITA,M,IRLT,PA,_Z,_Z,_Z,_Z,N,2021-07,0.74775,A,0,2,
OECD.SDD.STES:DSD_STES@DF_FINMARK(4.0),ITA,M,IRLT,PA,_Z,_Z,_Z,_Z,N,2021-08,0.62758,A,0,2,
OECD.SDD.STES:DSD_STES@DF_FINMARK(4.0),ITA,M,IRLT,PA,_Z,_Z,_Z,_Z,N,2021-09,0.77658,A,0,2,
OECD.SDD.STES:DSD_STES@DF_FINMARK(4.0),ITA,M,IRLT,PA,_Z,_Z,_Z,_Z,N,2021-10,0.95487,A,0,2,
OECD.SDD.STES:DSD_STES@DF_FINMARK(4.0),ITA,M,IRLT,PA,_Z,_Z,_Z,_Z,N,2021-11,1.00969,A,0,2,
OECD.SDD.STES:DSD_STES@DF_FINMARK(4.0),ITA,M,IRLT,PA,_Z,_Z,_Z,_Z,N,2021-12,1.04735,A,0,2,
OECD.SDD.STES:DSD_STES@DF_FINMARK(4.0),ITA,M,IRLT,PA,_Z,_Z,_Z,_Z,N,2022-01,1.34641,A,0,2,
OECD.SDD.STES:DSD_STES@DF_FINMARK(4.0),ITA,M,IRLT,PA,_Z,_Z,_Z,_Z,N,2022-02,1.79367,A,0,2,
OECD.SDD.STES:DSD_STES@DF_FINMARK(4.0),ITA,M,IRLT,PA,_Z,_Z,_Z,_Z,N,2022-03,1.85382,A,0,2,
OECD.SDD.STES:DSD_STES@DF_FINMARK(4.0),ITA,M,IRLT,PA,_Z,_Z,_Z,_Z,N,2022-04,2.4356,A,0,2,
OECD.SDD.STES:DSD_STES@DF_FINMARK(4.0),ITA,M,IRLT,PA,_Z,_Z,_Z,_Z,N,2022-05,2.98982,A,0,2,
OECD.SDD.STES:DSD_STES@DF_FINMARK(4.0),ITA,M,IRLT,PA,_Z,_Z,_Z,_Z,N,2022-06,3.6347,A,0,2,
OECD.SDD.STES:DSD_STES@DF_FINMARK(4.0),ITA,M,IRLT,PA,_Z,_Z,_Z,_Z,N,2022-07,3.35879,A,0,2,
OECD.SDD.STES:DSD_STES@DF_FINMARK(4.0),ITA,M,IRLT,PA,_Z,_Z,_Z,_Z,N,2022-08,3.29713,A,0,2,
OECD.SDD.STES:DSD_STES@DF_FINMARK(4.0),ITA,M,IRLT,PA,_Z,_Z,_Z,_Z,N,2022-09,4.13844,A,0,2,
OECD.SDD.STES:DSD_STES@DF_FINMARK(4.0),ITA,M,IRLT,PA,_Z,_Z,_Z,_Z,N,2022-10,4.53227,A,0,2,
OECD.SDD.STES:DSD_STES@DF_FINMARK(4.0),ITA,M,IRLT,PA,_Z,_Z,_Z,_Z,N,2022-11,4.24251,A,0,2,
OECD.SDD.STES:DSD_STES@DF_FINMARK(4.0),ITA,M,IRLT,PA,_Z,_Z,_Z,_Z,N,2022-12,4.25657,A,0,2,
OECD.SDD.STES:DSD_STES@DF_FINMARK(4.0),ITA,M,IRLT,PA,_Z,_Z,_Z,_Z,N,2023-01,4.24279,A,0,2,
OECD.SDD.STES:DSD_STES@DF_FINMARK(4.0),ITA,M,IRLT,PA,_Z,_Z,_Z,_Z,N,2023-02,4.27004,A,0,2,
OECD.SDD.STES:DSD_STES@DF_FINMARK(4.0),ITA,M,IRLT,PA,_Z,_Z,_Z,_Z,N,2023-04,4.23356,A,0,2,
OECD.SDD.STES:DSD_STES@DF_FINMARK(4.0),ITA,M,IRLT,PA,_Z,_Z,_Z,_Z,N,2023-05,4.31267,A,0,2,
OECD.SDD.STES:DSD_STES@DF_FINMARK(4.0),ITA,M,IRLT,PA,_Z,_Z,_Z,_Z,N,2023-06,4.07441,A,0,2,
OECD.SDD.STES:DSD_STES@DF_FINMARK(4.0),ITA,M,IRLT,PA,_Z,_Z,_Z,_Z,N,2023-07,4.15721,A,0,2,
OECD.SDD.STES:DSD_STES@DF_FINMARK(4.0),ITA,M,IRLT,PA,_Z,_Z,_Z,_Z,N,2023-08,4.22104,A,0,2,
OECD.SDD.STES:DSD_STES@DF_FINMARK(4.0),ITA,M,IRLT,PA,_Z,_Z,_Z,_Z,N,2023-09,4.51295,A,0,2,
OECD.SDD.STES:DSD_STES@DF_FINMARK(4.0),ITA,M,IRLT,PA,_Z,_Z,_Z,_Z,N,2023-10,4.88505,A,0,2,
OECD.SDD.STES:DSD_STES@DF_FINMARK(4.0),ITA,M,IRLT,PA,_Z,_Z,_Z,_Z,N,2023-11,4.42761,A,0,2,
OECD.SDD.STES:DSD_STES@DF_FINMARK(4.0),ITA,M,IRLT,PA,_Z,_Z,_Z,_Z,N,2023-12,3.82082,A,0,2,
OECD.SDD.STES:DSD_STES@DF_FINMARK(4.0),ITA,M,IRLT,PA,_Z,_Z,_Z,_Z,N,2024-01,3.81113,A,0,2,
OECD.SDD.STES:DSD_STES@DF_FINMARK(4.0),ITA,M,IRLT,PA,_Z,_Z,_Z,_Z,N,2024-02,3.87207,A,0,2,
OECD.SDD.STES:DSD_STES@DF_FINMARK(4.0),ITA,M,IRLT,PA,_Z,_Z,_Z,_Z,N,2024-03,3.69579,A,0,2,
OECD.SDD.STES:DSD_STES@DF_FINMARK(4.0),ITA,M,IRLT,PA,_Z,_Z,_Z,_Z,N,2024-04,3.85564,A,0,2,
OECD.SDD.STES:DSD_STES@DF_FINMARK(4.0),ITA,M,IRLT,PA,_Z,_Z,_Z,_Z,N,2024-05,3.84382,A,0,2,
OECD.SDD.STES:DSD_STES@DF_FINMARK(4.0),ITA,M,IRLT,PA,_Z,_Z,_Z,_Z,N,2024-06,3.94189,A,0,2,
OECD.SDD.STES:DSD_STES@DF_FINMARK(4.0),ITA,M,IRLT,PA,_Z,_Z,_Z,_Z,N,2024-07,3.83015,A,0,2,
OECD.SDD.STES:DSD_STES@DF_FINMARK(4.0),ITA,M,IRLT,PA,_Z,_Z,_Z,_Z,N,2024-08,3.68199,A,0,2,
OECD.SDD.STES:DSD_STES@DF_FINMARK(4.0),ITA,M,IRLT,PA,_Z,_Z,_Z,_Z,N,2024-09,3.56547,A,0,2,
OECD.SDD.STES:DSD_STES@DF_FINMARK(4.0),ITA,M,IRLT,PA,_Z,_Z,_Z,_Z,N,2024-10,3.50106,A,0,2,
OECD.SDD.STES:DSD_STES@DF_FINMARK(4.0),ITA,M,IRLT,PA,_Z,_Z,_Z,_Z,N,2024-11,3.56886,A,0,2,
OECD.SDD.STES:DSD_STES@DF_FINMARK(4.0),ITA,M,IRLT,PA,_Z,_Z,_Z,_Z,N,2024-12,3.32087,A,0,2,
OECD.SDD.STES:DSD_STES@DF_FINMARK(4.0),ITA,M,IRLT,PA,_Z,_Z,_Z,_Z,N,2025-01,3.67594,A,0,2,
OECD.SDD.STES:DSD_STES@DF_FINMARK(4.0),ITA,M,IRLT,PA,_Z,_Z,_Z,_Z,N,2025-02,3.57541,A,0,2,
OECD.SDD.STES:DSD_STES@DF_FINMARK(4.0),ITA,M,IRLT,PA,_Z,_Z,_Z,_Z,N,2025-03,3.88713,A,0,2,
OECD.SDD.STES:DSD_STES@DF_FINMARK(4.0),ITA,M,IRLT,PA,_Z,_Z,_Z,_Z,N,2025-04,3.71151,A,0,2,
OECD.SDD.STES:DSD_STES@DF_FINMARK(4.0),ITA,M,IRLT,PA,_Z,_Z,_Z,_Z,N,2025-05,3.62922,A,0,2,
OECD.SDD.STES:DSD_STES@DF_FINMARK(4.0),ITA,M,IRLT,PA,_Z,_Z,_Z,_Z,N,2025-06,3.50068,A,0,2,
OECD.SDD.STES:DSD_STES@DF_FINMARK(4.0),ITA,M,IRLT,PA,_Z,_Z,_Z,_Z,N,2025-07,3.53735,A,0,2,
OECD.SDD.STES:DSD_STES@DF_FINMARK(4.0),ITA,M,IRLT,PA,_Z,_Z,_Z,_Z,N,2025-08,3.53833,A,0,2,
OECD.SDD.STES:DSD_STES@DF_FINMARK(4.0),ITA,M,IRLT,PA,_Z,_Z,_Z,_Z,N,2025-09,3.55866,A,0,2,
OECD.SDD.STES:DSD_STES@DF_FINMARK(4.0),ITA,M,IRLT,PA,_Z,_Z,_Z,_Z,N,2025-10,3.44212,A,0,2,
OECD.SDD.STES:DSD_STES@DF_FINMARK(4.0),ITA,M,IRLT,PA,_Z,_Z,_Z,_Z,N,2025-11,3.45927,A,0,2,
OECD.SDD.STES:DSD_STES@DF_FINMARK(4.0),ITA,M,IRLT,PA,_Z,_Z,_Z,_Z,N,2025-12,3.55156,A,0,2,
OECD.SDD.STES:DSD_STES@DF_FINMARK(4.0),ITA,M,IRLT,PA,_Z,_Z,_Z,_Z,N,2026-01,3.49242,A,0,2,
OECD.SDD.STES:DSD_STES@DF_FINMARK(4.0),ITA,M,IRLT,PA,_Z,_Z,_Z,_Z,N,2026-03,3.73337,A,0,2,
OECD.SDD.STES:DSD_STES@DF_FINMARK(4.0),ITA,M,IRLT,PA,_Z,_Z,_Z,_Z,N,2026-04,3.8182,A,0,2,
OECD.SDD.STES:DSD_STES@DF_FINMARK(4.0),ITA,M,IRLT,PA,_Z,_Z,_Z,_Z,N,2026-05,3.83912,A,0,2,
OECD.SDD.STES:DSD_STES@DF_FINMARK(4.0),ITA,M,IRLT,PA,_Z,_Z,_Z,_Z,N,2026-06,3.73443,A,0,2,
OECD.SDD.STES:DSD_STES@DF_FINMARK(4.0),ITA,M,IRLT,PA,_Z,_Z,_Z,_Z,N,2026-07,3.88074,A,0,2,
OECD.SDD.STES:DSD_STES@DF_FINMARK(4.0),ITA,M,IRLT,PA,_Z,_Z,_Z,_Z,N,2026-08,3.98598,A,0,2,
OECD.SDD.STES:DSD_STES@DF_FINMARK(4.0),AUT,M,IRLT,PA,_Z,_Z,_Z,_Z,N,2026-08,3.4125,A,0,2,
OECD.SDD.STES:DSD_STES@DF_FINMARK(4.0),CAN,M,IRLT,PA,_Z,_Z,_Z,_Z,N,2026-06,3.388333,A,0,2,
OECD.SDD.STES:DSD_STES@DF_FINMARK(4.0),DNK,M,IRLT,PA,_Z,_Z,_Z,_Z,N,2026-08,3.01,A,0,2,
OECD.SDD.STES:DSD_STES@DF_FINMARK(4.0),EST,M,IRLT,PA,_Z,_Z,_Z,_Z,N,2026-08,3.83,A,0,2,
OECD.SDD.STES:DSD_STES@DF_FINMARK(4.0),FRA,M,IRLT,PA,_Z,_Z,_Z,_Z,N,2026-08,4,A,0,2,
OECD.SDD.STES:DSD_STES@DF_FINMARK(4.0),IRL,M,IRLT,PA,_Z,_Z,_Z,_Z,N,2026-08,3.35,A,0,2,
OECD.SDD.STES:DSD_STES@DF_FINMARK(4.0),LVA,M,IRLT,PA,_Z,_Z,_Z,_Z,N,2026-08,3.82,A,0,2,
OECD.SDD.STES:DSD_STES@DF_FINMARK(4.0),LTU,M,IRLT,PA,_Z,_Z,_Z,_Z,N,2026-08,2.88,A,0,2,
OECD.SDD.STES:DSD_STES@DF_FINMARK(4.0),LUX,M,IRLT,PA,_Z,_Z,_Z,_Z,N,2026-08,3.401,A,0,2,
OECD.SDD.STES:DSD_STES@DF_FINMARK(4.0),NLD,M,IRLT,PA,_Z,_Z,_Z,_Z,N,2026-08,3.285,A,0,2,
OECD.SDD.STES:DSD_STES@DF_FINMARK(4.0),NOR,M,IRLT,PA,_Z,_Z,_Z,_Z,N,2025-03,4.021,A,0,2,
OECD.SDD.STES:DSD_STES@DF_FINMARK(4.0),SVK,M,IRLT,PA,_Z,_Z,_Z,_Z,N,2026-08,3.849571,A,0,2,
OECD.SDD.STES:DSD_STES@DF_FINMARK(4.0),SVN,M,IRLT,PA,_Z,_Z,_Z,_Z,N,2026-08,3.54,A,0,2,
OECD.SDD.STES:DSD_STES@DF_FINMARK(4.0),EA20,M,IRLT,PA,_Z,_Z,_Z,_Z,N,2025-11,3.136281,A,0,2,
OECD.SDD.STES:DSD_STES@DF_FINMARK(4.0),EA20,M,IRLT,PA,_Z,_Z,_Z,_Z,N,2026-01,3.220964,A,0,2,
OECD.SDD.STES:DSD_STES@DF_FINMARK(4.0),EA20,M,IRLT,PA,_Z,_Z,_Z,_Z,N,2026-02,3.128851,A,0,2,
OECD.SDD.STES:DSD_STES@DF_FINMARK(4.0),EA20,M,IRLT,PA,_Z,_Z,_Z,_Z,N,2026-03,3.385728,A,0,2,
OECD.SDD.STES:DSD_STES@DF_FINMARK(4.0),EA20,M,IRLT,PA,_Z,_Z,_Z,_Z,N,2026-04,3.463691,A,0,2,
OECD.SDD.STES:DSD_STES@DF_FINMARK(4.0),EA20,M,IRLT,PA,_Z,_Z,_Z,_Z,N,2026-05,3.490477,A,0,2,
OECD.SDD.STES:DSD_STES@DF_FINMARK(4.0),EA20,M,IRLT,PA,_Z,_Z,_Z,_Z,N,2026-07,3.559027,A,0,2,
OECD.SDD.STES:DSD_STES@DF_FINMARK(4.0),EA20,M,IRLT,PA,_Z,_Z,_Z,_Z,N,2026-08,3.664717,A,0,2,
OECD.SDD.STES:DSD_STES@DF_FINMARK(4.0),BGR,M,IRLT,PA,_Z,_Z,_Z,_Z,N,2026-08,4.09,A,0,2,
OECD.SDD.STES:DSD_STES@DF_FINMARK(4.0),HRV,M,IRLT,PA,_Z,_Z,_Z,_Z,N,2026-08,3.58,A,0,2,
OECD.SDD.STES:DSD_STES@DF_FINMARK(4.0),ROU,M,IRLT,PA,_Z,_Z,_Z,_Z,N,2026-08,6.43,A,0,2,
OECD.SDD.STES:DSD_STES@DF_FINMARK(4.0),POL,M,IRLT,PA,_Z,_Z,_Z,_Z,N,2026-08,5.81,A,0,2,
OECD.SDD.STES:DSD_STES@DF_FINMARK(4.0),FRA,M,IRLT,PA,_Z,_Z,_Z,_Z,N,2015-01,0.67,A,0,2,
OECD.SDD.STES:DSD_STES@DF_FINMARK(4.0),FRA,M,IRLT,PA,_Z,_Z,_Z,_Z,N,2015-02,0.6,A,0,2,
OECD.SDD.STES:DSD_STES@DF_FINMARK(4.0),FRA,M,IRLT,PA,_Z,_Z,_Z,_Z,N,2015-03,0.51,A,0,2,
OECD.SDD.STES:DSD_STES@DF_FINMARK(4.0),FRA,M,IRLT,PA,_Z,_Z,_Z,_Z,N,2015-04,0.44,A,0,2,
OECD.SDD.STES:DSD_STES@DF_FINMARK(4.0),FRA,M,IRLT,PA,_Z,_Z,_Z,_Z,N,2015-05,0.89,A,0,2,
OECD.SDD.STES:DSD_STES@DF_FINMARK(4.0),FRA,M,IRLT,PA,_Z,_Z,_Z,_Z,N,2015-06,1.2,A,0,2,
OECD.SDD.STES:DSD_STES@DF_FINMARK(4.0),FRA,M,IRLT,PA,_Z,_Z,_Z,_Z,N,2015-07,1.11,A,0,2,
OECD.SDD.STES:DSD_STES@DF_FINMARK(4.0),FRA,M,IRLT,PA,_Z,_Z,_Z,_Z,N,2015-08,1.01,A,0,2,
OECD.SDD.STES:DSD_STES@DF_FINMARK(4.0),FRA,M,IRLT,PA,_Z,_Z,_Z,_Z,N,2015-09,1,A,0,2,
OECD.SDD.STES:DSD_STES@DF_FINMARK(4.0),FRA,M,IRLT,PA,_Z,_Z,_Z,_Z,N,2015-10,0.87,A,0,2,
OECD.SDD.STES:DSD_STES@DF_FINMARK(4.0),FRA,M,IRLT,PA,_Z,_Z,_Z,_Z,N,2015-11,0.88,A,0,2,
OECD.SDD.STES:DSD_STES@DF_FINMARK(4.0),FRA,M,IRLT,PA,_Z,_Z,_Z,_Z,N,2015-12,0.93,A,0,2,
OECD.SDD.STES:DSD_STES@DF_FINMARK(4.0),FRA,M,IRLT,PA,_Z,_Z,_Z,_Z,N,2016-01,0.84,A,0,2,
OECD.SDD.STES:DSD_STES@DF_FINMARK(4.0),FRA,M,IRLT,PA,_Z,_Z,_Z,_Z,N,2016-02,0.59,A,0,2,
OECD.SDD.STES:DSD_STES@DF_FINMARK(4.0),FRA,M,IRLT,PA,_Z,_Z,_Z,_Z,N,2016-03,0.51,A,0,2,
OECD.SDD.STES:DSD_STES@DF_FINMARK(4.0),FRA,M,IRLT,PA,_Z,_Z,_Z,_Z,N,2016-05,0.51,A,0,2,
OECD.SDD.STES:DSD_STES@DF_FINMARK(4.0),FRA,M,IRLT,PA,_Z,_Z,_Z,_Z,N,2016-06,0.39,A,0,2,
OECD.SDD.STES:DSD_STES@DF_FINMARK(4.0),FRA,M,IRLT,PA,_Z,_Z,_Z,_Z,N,2016-07,0.17,A,0,2,
OECD.SDD.STES:DSD_STES@DF_FINMARK(4.0),FRA,M,IRLT,PA,_Z,_Z,_Z,_Z,N,2016-08,0.15,A,0,2,
OECD.SDD.STES:DSD_STES@DF_FINMARK(4.0),FRA,M,IRLT,PA,_Z,_Z,_Z,_Z,N,2016-09,0.18,A,0,2,
OECD.SDD.STES:DSD_STES@DF_FINMARK(4.0),FRA,M,IRLT,PA,_Z,_Z,_Z,_Z,N,2016-10,0.33,A,0,2,
OECD.SDD.STES:DSD_STES@DF_FINMARK(4.0),FRA,M,IRLT,PA,_Z,_Z,_Z,_Z,N,2016-11,0.67,A,0,2,
OECD.SDD.STES:DSD_STES@DF_FINMARK(4.0),FRA,M,IRLT,PA,_Z,_Z,_Z,_Z,N,2016-12,0.75,A,0,2,
OECD.SDD.STES:DSD_STES@DF_FINMARK(4.0),FRA,M,IRLT,PA,_Z,_Z,_Z,_Z,N,2017-01,0.86,A,0,2,
OECD.SDD.STES:DSD_STES@DF_FINMARK(4.0),FRA,M,IRLT,PA,_Z,_Z,_Z,_Z,N,2017-02,1.03,A,0,2,
OECD.SDD.STES:DSD_STES@DF_FINMARK(4.0),FRA,M,IRLT,PA,_Z,_Z,_Z,_Z,N,2017-03,1.02,A,0,2,
OECD.SDD.STES:DSD_STES@DF_FINMARK(4.0),FRA,M,IRLT,PA,_Z,_Z,_Z,_Z,N,2017-04,0.88,A,0,2,
OECD.SDD.STES:DSD_STES@DF_FINMARK(4.0),FRA,M,IRLT,PA,_Z,_Z,_Z,_Z,N,2017-05,0.81,A,0,2,
OECD.SDD.STES:DSD_STES@DF_FINMARK(4.0),FRA,M,IRLT,PA,_Z,_Z,_Z,_Z,N,2017-06,0.66,A,0,2,
OECD.SDD.STES:DSD_STES@DF_FINMARK(4.0),FRA,M,IRLT,PA,_Z,_Z,_Z,_Z,N,2017-07,0.84,A,0,2,
OECD.SDD.STES:DSD_STES@DF_FINMARK(4.0),FRA,M,IRLT,PA,_Z,_Z,_Z,_Z,N,2017-08,0.71,A,0,2,
OECD.SDD.STES:DSD_STES@DF_FINMARK(4.0),FRA,M,IRLT,PA,_Z,_Z,_Z,_Z,N,2017-10,0.81,A,0,2,
OECD.SDD.STES:DSD_STES@DF_FINMARK(4.0),FRA,M,IRLT,PA,_Z,_Z,_Z,_Z,N,2017-11,0.72,A,0,2,
OECD.SDD.STES:DSD_STES@DF_FINMARK(4.0),FRA,M,IRLT,PA,_Z,_Z,_Z,_Z,N,2017-12,0.67,A,0,2,
OECD.SDD.STES:DSD_STES@DF_FINMARK(4.0),FRA,M,IRLT,PA,_Z,_Z,_Z,_Z,N,2018-01,0.85,A,0,2,
OECD.SDD.STES:DSD_STES@DF_FINMARK(4.0),FRA,M,IRLT,PA,_Z,_Z,_Z,_Z,N,2018-02,0.98,A,0,2,
OECD.SDD.STES:DSD_STES@DF_FINMARK(4.0),FRA,M,IRLT,PA,_Z,_Z,_Z,_Z,N,2018-03,0.83,A,0,2,
OECD.SDD.STES:DSD_STES@DF_FINMARK(4.0),FRA,M,IRLT,PA,_Z,_Z,_Z,_Z,N,2018-04,0.78,A,0,2,
OECD.SDD.STES:DSD_STES@DF_FINMARK(4.0),FRA,M,IRLT,PA,_Z,_Z,_Z,_Z,N,2018-05,0.79,A,0,2,
OECD.SDD.STES:DSD_STES@DF_FINMARK(4.0),FRA,M,IRLT,PA,_Z,_Z,_Z,_Z,N,2018-06,0.75,A,0,2,
OECD.SDD.STES:DSD_STES@DF_FINMARK(4.0),FRA,M,IRLT,PA,_Z,_Z,_Z,_Z,N,2018-07,0.67,A,0,2,
OECD.SDD.STES:DSD_STES@DF_FINMARK(4.0),FRA,M,IRLT,PA,_Z,_Z,_Z,_Z,N,2018-08,0.7,A,0,2,
OECD.SDD.STES:DSD_STES@DF_FINMARK(4.0),FRA,M,IRLT,PA,_Z,_Z,_Z,_Z,N,2018-09,0.77,A,0,2,
OECD.SDD.STES:DSD_STES@DF_FINMARK(4.0),FRA,M,IRLT,PA,_Z,_Z,_Z,_Z,N,2018-10,0.82,A,0,2,
OECD.SDD.STES:DSD_STES@DF_FINMARK(4.0),FRA,M,IRLT,PA,_Z,_Z,_Z,_Z,N,2018-11,0.76,A,0,2,
OECD.SDD.STES:DSD_STES@DF_FINMARK(4.0),FRA,M,IRLT,PA,_Z,_Z,_Z,_Z,N,2018-12,0.7,A,0,2,
OECD.SDD.STES:DSD_STES@DF_FINMARK(4.0),FRA,M,IRLT,PA,_Z,_Z,_Z,_Z,N,2019-01,0.65,A,0,2,
OECD.SDD.STES:DSD_STES@DF_FINMARK(4.0),FRA,M,IRLT,PA,_Z,_Z,_Z,_Z,N,2019-02,0.55,A,0,2,
OECD.SDD.STES:DSD_STES@DF_FINMARK(4.0),FRA,M,IRLT,PA,_Z,_Z,_Z,_Z,N,2019-03,0.44,A,0,2,
OECD.SDD.STES:DSD_STES@DF_FINMARK(4.0),FRA,M,IRLT,PA,_Z,_Z,_Z,_Z,N,2019-04,0.37,A,0,2,
OECD.SDD.STES:DSD_STES@DF_FINMARK(4.0),FRA,M,IRLT,PA,_Z,_Z,_Z,_Z,N,2019-05,0.3,A,0,2,
OECD.SDD.STES:DSD_STES@DF_FINMARK(4.0),FRA,M,IRLT,PA,_Z,_Z,_Z,_Z,N,2019-06,0.08,A,0,2,
OECD.SDD.STES:DSD_STES@DF_FINMARK(4.0),FRA,M,IRLT,PA,_Z,_Z,_Z,_Z,N,2019-07,-0.07,A,0,2,
OECD.SDD.STES:DSD_STES@DF_FINMARK(4.0),FRA,M,IRLT,PA,_Z,_Z,_Z,_Z,N,2019-08,-0.34,A,0,2,
OECD.SDD.STES:DSD_STES@DF_FINMARK(4.0),FRA,M,IRLT,PA,_Z,_Z,_Z,_Z,N,2019-09,-0.27,A,0,2,
OECD.SDD.STES:DSD_STES@DF_FINMARK(4.0),FRA,M,IRLT,PA,_Z,_Z,_Z,_Z,N,2019-10,-0.16,A,0,2,
OECD.SDD.STES:DSD_STES@DF_FINMARK(4.0),FRA,M,IRLT,PA,_Z,_Z,_Z,_Z,N,2019-11,-0.02,A,0,2,
OECD.SDD.STES:DSD_STES@DF_FINMARK(4.0),FRA,M,IRLT,PA,_Z,_Z,_Z,_Z,N,2019-12,0.04,A,0,2,
OECD.SDD.STES:DSD_STES@DF_FINMARK(4.0),FRA,M,IRLT,PA,_Z,_Z,_Z,_Z,N,2020-01,-0.01,A,0,2,
OECD.SDD.STES:DSD_STES@DF_FINMARK(4.0),FRA,M,IRLT,PA,_Z,_Z,_Z,_Z,N,2020-02,-0.18,A,0,2,
OECD.SDD.STES:DSD_STES@DF_FINMARK(4.0),FRA,M,IRLT,PA,_Z,_Z,_Z,_Z,N,2020-03,-0.05,A,0,2,
OECD.SDD.STES:DSD_STES@DF_FINMARK(4.0),FRA,M,IRLT,PA,_Z,_Z,_Z,_Z,N,2020-04,0.06,A,0,2,
OECD.SDD.STES:DSD_STES@DF_FINMARK(4.0),FRA,M,IRLT,PA,_Z,_Z,_Z,_Z,N,2020-05,-0.03,A,0,2,
OECD.SDD.STES:DSD_STES@DF_FINMARK(4.0),FRA,M,IRLT,PA,_Z,_Z,_Z,_Z,N,2020-06,-0.04,A,0,2,
OECD.SDD.STES:DSD_STES@DF_FINMARK(4.0),FRA,M,IRLT,PA,_Z,_Z,_Z,_Z,N,2020-07,-0.15,A,0,2,
OECD.SDD.STES:DSD_STES@DF_FINMARK(4.0),FRA,M,IRLT,PA,_Z,_Z,_Z,_Z,N,2020-08,-0.17,A,0,2,
OECD.SDD.STES:DSD_STES@DF_FINMARK(4.0),FRA,M,IRLT,PA,_Z,_Z,_Z,_Z,N,2020-09,-0.21,A,0,2,
OECD.SDD.STES:DSD_STES@DF_FINMARK(4.0),FRA,M,IRLT,PA,_Z,_Z,_Z,_Z,N,2020-10,-0.3,A,0,2,
OECD.SDD.STES:DSD_STES@DF_FINMARK(4.0),FRA,M,IRLT,PA,_Z,_Z,_Z,_Z,N,2020-11,-0.32,A,0,2,
OECD.SDD.STES:DSD_STES@DF_FINMARK(4.0),FRA,M,IRLT,PA,_Z,_Z,_Z,_Z,N,2020-12,-0.34,A,0,2,
OECD.SDD.STES:DSD_STES@DF_FINMARK(4.0),FRA,M,IRLT,PA,_Z,_Z,_Z,_Z,N,2021-01,-0.31,A,0,2,
OECD.SDD.STES:DSD_STES@DF_FINMARK(4.0),FRA,M,IRLT,PA,_Z,_Z,_Z,_Z,N,2021-02,-0.15,A,0,2,
OECD.SDD.STES:DSD_STES@DF_FINMARK(4.0),FRA,M,IRLT,PA,_Z,_Z,_Z,_Z,N,2021-03,-0.07,A,0,2,
OECD.SDD.STES:DSD_STES@DF_FINMARK(4.0),FRA,M,IRLT,PA,_Z,_Z,_Z,_Z,N,2021-04,-0.01,A,0,2,
OECD.SDD.STES:DSD_STES@DF_FINMARK(4.0),FRA,M,IRLT,PA,_Z,_Z,_Z,_Z,N,2021-05,0.21,A,0,2,
OECD.SDD.STES:DSD_STES@DF_FINMARK(4.0),FRA,M,IRLT,PA,_Z,_Z,_Z,_Z,N,2021-06,0.15,A,0,2,
OECD.SDD.STES:DSD_STES@DF_FINMARK(4.0),FRA,M,IRLT,PA,_Z,_Z,_Z,_Z,N,2021-07,-0.01,A,0,2,
OECD.SDD.STES:DSD_STES@DF_FINMARK(4.0),FRA,M,IRLT,PA,_Z,_Z,_Z,_Z,N,2021-08,-0.12,A,0,2,
OECD.SDD.STES:DSD_STES@DF_FINMARK(4.0),FRA,M,IRLT,PA,_Z,_Z,_Z,_Z,N,2021-09,0.04,A,0,2,
OECD.SDD.STES:DSD_STES@DF_FINMARK(4.0),FRA,M,IRLT,PA,_Z,_Z,_Z,_Z,N,2021-10,0.2,A,0,2,
OECD.SDD.STES:DSD_STES@DF_FINMARK(4.0),FRA,M,IRLT,PA,_Z,_Z,_Z,_Z,N,2021-11,0.1,A,0,2,
OECD.SDD.STES:DSD_STES@DF_FINMARK(4.0),FRA,M,IRLT,PA,_Z,_Z,_Z,_Z,N,2021-12,0.05,A,0,2,
OECD.SDD.STES:DSD_STES@DF_FINMARK(4.0),FRA,M,IRLT,PA,_Z,_Z,_Z,_Z,N,2022-01,0.31,A,0,2,
OECD.SDD.STES:DSD_STES@DF_FINMARK(4.0),FRA,M,IRLT,PA,_Z,_Z,_Z,_Z,N,2022-02,0.68,A,0,2,
OECD.SDD.STES:DSD_STES@DF_FINMARK(4.0),FRA,M,IRLT,PA,_Z,_Z,_Z,_Z,N,2022-03,0.78,A,0,2,
OECD.SDD.STES:DSD_STES@DF_FINMARK(4.0),FRA,M,IRLT,PA,_Z,_Z,_Z,_Z,N,2022-04,1.28,A,0,2,
OECD.SDD.STES:DSD_STES@DF_FINMARK(4.0),FRA,M,IRLT,PA,_Z,_Z,_Z,_Z,N,2022-05,1.52,A,0,2,
OECD.SDD.STES:DSD_STES@DF_FINMARK(4.0),FRA,M,IRLT,PA,_Z,_Z,_Z,_Z,N,2022-06,2.06,A,0,2,
OECD.SDD.STES:DSD_STES@DF_FINMARK(4.0),FRA,M,IRLT,PA,_Z,_Z,_Z,_Z,N,2022-07,1.71,A,0,2,
OECD.SDD.STES:DSD_STES@DF_FINMARK(4.0),FRA,M,IRLT,PA,_Z,_Z,_Z,_Z,N,2022-08,1.69,A,0,2,
OECD.SDD.STES:DSD_STES@DF_FINMARK(4.0),FRA,M,IRLT,PA,_Z,_Z,_Z,_Z,N,2022-09,2.41,A,0,2,
OECD.SDD.STES:DSD_STES@DF_FINMARK(4.0),FRA,M,IRLT,PA,_Z,_Z,_Z,_Z,N,2022-10,2.77,A,0,2,
OECD.SDD.STES:DSD_STES@DF_FINMARK(4.0),FRA,M,IRLT,PA,_Z,_Z,_Z,_Z,N,2022-11,2.58,A,0,2,
OECD.SDD.STES:DSD_STES@DF_FINMARK(4.0),FRA,M,IRLT,PA,_Z,_Z,_Z,_Z,N,2022-12,2.62,A,0,2,
OECD.SDD.STES:DSD_STES@DF_FINMARK(4.0),FRA,M,IRLT,PA,_Z,_Z,_Z,_Z,N,2023-02,2.87,A,0,2,
OECD.SDD.STES:DSD_STES@DF_FINMARK(4.0),FRA,M,IRLT,PA,_Z,_Z,_Z,_Z,N,2023-03,2.92,A,0,2,
OECD.SDD.STES:DSD_STES@DF_FINMARK(4.0),FRA,M,IRLT,PA,_Z,_Z,_Z,_Z,N,2023-04,2.9,A,0,2,
OECD.SDD.STES:DSD_STES@DF_FINMARK(4.0),FRA,M,IRLT,PA,_Z,_Z,_Z,_Z,N,2023-05,2.94,A,0,2,
OECD.SDD.STES:DSD_STES@DF_FINMARK(4.0),FRA,M,IRLT,PA,_Z,_Z,_Z,_Z,N,2023-06,2.93,A,0,2,
OECD.SDD.STES:DSD_STES@DF_FINMARK(4.0),FRA,M,IRLT,PA,_Z,_Z,_Z,_Z,N,2023-07,3.04,A,0,2,
OECD.SDD.STES:DSD_STES@DF_FINMARK(4.0),FRA,M,IRLT,PA,_Z,_Z,_Z,_Z,N,2023-08,3.11,A,0,2,
OECD.SDD.STES:DSD_STES@DF_FINMARK(4.0),FRA,M,IRLT,PA,_Z,_Z,_Z,_Z,N,2023-09,3.24,A,0,2,
OECD.SDD.STES:DSD_STES@DF_FINMARK(4.0),FRA,M,IRLT,PA,_Z,_Z,_Z,_Z,N,2023-10,3.45,A,0,2,
OECD.SDD.STES:DSD_STES@DF_FINMARK(4.0),FRA,M,IRLT,PA,_Z,_Z,_Z,_Z,N,2023-11,3.19,A,0,2,
OECD.SDD.STES:DSD_STES@DF_FINMARK(4.0),FRA,M,IRLT,PA,_Z,_Z,_Z,_Z,N,2023-12,2.65,A,0,2,
OECD.SDD.STES:DSD_STES@DF_FINMARK(4.0),FRA,M,IRLT,PA,_Z,_Z,_Z,_Z,N,2024-01,2.74,A,0,2,
OECD.SDD.STES:DSD_STES@DF_FINMARK(4.0),FRA,M,IRLT,PA,_Z,_Z,_Z,_Z,N,2024-02,2.85,A,0,2,
OECD.SDD.STES:DSD_STES@DF_FINMARK(4.0),FRA,M,IRLT,PA,_Z,_Z,_Z,_Z,N,2024-03,2.82,A,0,2,
OECD.SDD.STES:DSD_STES@DF_FINMARK(4.0),FRA,M,IRLT,PA,_Z,_Z,_Z,_Z,N,2024-04,2.97,A,0,2,
OECD.SDD.STES:DSD_STES@DF_FINMARK(4.0),FRA,M,IRLT,PA,_Z,_Z,_Z,_Z,N,2024-05,3.03,A,0,2,
OECD.SDD.STES:DSD_STES@DF_FINMARK(4.0),FRA,M,IRLT,PA,_Z,_Z,_Z,_Z,N,2024-06,3.15,A,0,2,
OECD.SDD.STES:DSD_STES@DF_FINMARK(4.0),FRA,M,IRLT,PA,_Z,_Z,_Z,_Z,N,2024-07,3.14,A,0,2,
OECD.SDD.STES:DSD_STES@DF_FINMARK(4.0),FRA,M,IRLT,PA,_Z,_Z,_Z,_Z,N,2024-08,2.94,A,0,2,
OECD.SDD.STES:DSD_STES@DF_FINMARK(4.0),FRA,M,IRLT,PA,_Z,_Z,_Z,_Z,N,2024-09,2.9,A,0,2,
OECD.SDD.STES:DSD_STES@DF_FINMARK(4.0),FRA,M,IRLT,PA,_Z,_Z,_Z,_Z,N,2024-10,2.99,A,0,2,
OECD.SDD.STES:DSD_STES@DF_FINMARK(4.0),FRA,M,IRLT,PA,_Z,_Z,_Z,_Z,N,2024-11,3.09,A,0,2,
OECD.SDD.STES:DSD_STES@DF_FINMARK(4.0),FRA,M,IRLT,PA,_Z,_Z,_Z,_Z,N,2024-12,3.01,A,0,2,
OECD.SDD.STES:DSD_STES@DF_FINMARK(4.0),FRA,M,IRLT,PA,_Z,_Z,_Z,_Z,N,2025-01,3.32,A,0,2,
OECD.SDD.STES:DSD_STES@DF_FINMARK(4.0),FRA,M,IRLT,PA,_Z,_Z,_Z,_Z,N,2025-02,3.15,A,0,2,
OECD.SDD.STES:DSD_STES@DF_FINMARK(4.0),FRA,M,IRLT,PA,_Z,_Z,_Z,_Z,N,2025-03,3.43,A,0,2,
OECD.SDD.STES:DSD_STES@DF_FINMARK(4.0),FRA,M,IRLT,PA,_Z,_Z,_Z,_Z,N,2025-04,3.26,A,0,2,
OECD.SDD.STES:DSD_STES@DF_FINMARK(4.0),FRA,M,IRLT,PA,_Z,_Z,_Z,_Z,N,2025-05,3.26,A,0,2,
OECD.SDD.STES:DSD_STES@DF_FINMARK(4.0),FRA,M,IRLT,PA,_Z,_Z,_Z,_Z,N,2025-06,3.24,A,0,2,
OECD.SDD.STES:DSD_STES@DF_FINMARK(4.0),FRA,M,IRLT,PA,_Z,_Z,_Z,_Z,N,2025-07,3.36,A,0,2,
OECD.SDD.STES:DSD_STES@DF_FINMARK(4.0),FRA,M,IRLT,PA,_Z,_Z,_Z,_Z,N,2025-08,3.42,A,0,2,
OECD.SDD.STES:DSD_STES@DF_FINMARK(4.0),FRA,M,IRLT,PA,_Z,_Z,_Z,_Z,N,2025-09,3.51,A,0,2,
OECD.SDD.STES:DSD_STES@DF_FINMARK(4.0),FRA,M,IRLT,PA,_Z,_Z,_Z,_Z,N,2025-10,3.44,A,0,2,
OECD.SDD.STES:DSD_STES@DF_FINMARK(4.0),FRA,M,IRLT,PA,_Z,_Z,_Z,_Z,N,2025-11,3.44,A,0,2,
OECD.SDD.STES:DSD_STES@DF_FINMARK(4.0),FRA,M,IRLT,PA,_Z,_Z,_Z,_Z,N,2025-12,3.56,A,0,2,
OECD.SDD.STES:DSD_STES@DF_FINMARK(4.0),FRA,M,IRLT,PA,_Z,_Z,_Z,_Z,N,2026-01,3.53,A,0,2,
OECD.SDD.STES:DSD_STES@DF_FINMARK(4.0),FRA,M,IRLT,PA,_Z,_Z,_Z,_Z,N,2026-02,3.4,A,0,2,
OECD.SDD.STES:DSD_STES@DF_FINMARK(4.0),FRA,M,IRLT,PA,_Z,_Z,_Z,_Z,N,2026-03,3.64,A,0,2,
OECD.SDD.STES:DSD_STES@DF_FINMARK(4.0),FRA,M,IRLT,PA,_Z,_Z,_Z,_Z,N,2026-04,3.73,A,0,2,
OECD.SDD.STES:DSD_STES@DF_FINMARK(4.0),FRA,M,IRLT,PA,_Z,_Z,_Z,_Z,N,2026-05,3.74,A,0,2,
OECD.SDD.STES:DSD_STES@DF_FINMARK(4.0),FRA,M,IRLT,PA,_Z,_Z,_Z,_Z,N,2026-06,3.68,A,0,2,
OECD.SDD.STES:DSD_STES@DF_FINMARK(4.0),FRA,M,IRLT,PA,_Z,_Z,_Z,_Z,N,2026-07,3.85,A,0,2,
OECD.SDD.STES:DSD_STES@DF_FINMARK(4.0),AUT,M,IRLT,PA,_Z,_Z,_Z,_Z,N,2015-01,0.5434,A,0,2,
OECD.SDD.STES:DSD_STES@DF_FINMARK(4.0),AUT,M,IRLT,PA,_Z,_Z,_Z,_Z,N,2015-02,0.4403,A,0,2,
OECD.SDD.STES:DSD_STES@DF_FINMARK(4.0),AUT,M,IRLT,PA,_Z,_Z,_Z,_Z,N,2015-03,0.3736,A,0,2,
OECD.SDD.STES:DSD_STES@DF_FINMARK(4.0),AUT,M,IRLT,PA,_Z,_Z,_Z,_Z,N,2015-04,0.2911,A,0,2,
OECD.SDD.STES:DSD_STES@DF_FINMARK(4.0),AUT,M,IRLT,PA,_Z,_Z,_Z,_Z,N,2015-05,0.7255,A,0,2,
OECD.SDD.STES:DSD_STES@DF_FINMARK(4.0),AUT,M,IRLT,PA,_Z,_Z,_Z,_Z,N,2015-06,1.0638,A,0,2,
OECD.SDD.STES:DSD_STES@DF_FINMARK(4.0),AUT,M,IRLT,PA,_Z,_Z,_Z,_Z,N,2015-07,1.0841,A,0,2,
OECD.SDD.STES:DSD_STES@DF_FINMARK(4.0),AUT,M,IRLT,PA,_Z,_Z,_Z,_Z,N,2015-08,0.9598,A,0,2,
OECD.SDD.STES:DSD_STES@DF_FINMARK(4.0),AUT,M,IRLT,PA,_Z,_Z,_Z,_Z,N,2015-09,0.9706,A,0,2,
OECD.SDD.STES:DSD_STES@DF_FINMARK(4.0),AUT,M,IRLT,PA,_Z,_Z,_Z,_Z,N,2015-10,0.8297,A,0,2,
OECD.SDD.STES:DSD_STES@DF_FINMARK(4.0),AUT,M,IRLT,PA,_Z,_Z,_Z,_Z,N,2015-11,0.8194,A,0,2,
OECD.SDD.STES:DSD_STES@DF_FINMARK(4.0),AUT,M,IRLT,PA,_Z,_Z,_Z,_Z,N,2015-12,0.8632,A,0,2,
OECD.SDD.STES:DSD_STES@DF_FINMARK(4.0),AUT,M,IRLT,PA,_Z,_Z,_Z,_Z,N,2016-01,0.7672,A,0,2,
OECD.SDD.STES:DSD_STES@DF_FINMARK(4.0),AUT,M,IRLT,PA,_Z,_Z,_Z,_Z,N,2016-02,0.526,A,0,2,
OECD.SDD.STES:DSD_STES@DF_FINMARK(4.0),AUT,M,IRLT,PA,_Z,_Z,_Z,_Z,N,2016-03,0.4572,A,0,2,
OECD.SDD.STES:DSD_STES@DF_FINMARK(4.0),AUT,M,IRLT,PA,_Z,_Z,_Z,_Z,N,2016-04,0.3796,A,0,2,
OECD.SDD.STES:DSD_STES@DF_FINMARK(4.0),AUT,M,IRLT,PA,_Z,_Z,_Z,_Z,N,2016-05,0.3666,A,0,2,
OECD.SDD.STES:DSD_STES@DF_FINMARK(4.0),AUT,M,IRLT,PA,_Z,_Z,_Z,_Z,N,2016-06,0.3277,A,0,2,
OECD.SDD.STES:DSD_STES@DF_FINMARK(4.0),AUT,M,IRLT,PA,_Z,_Z,_Z,_Z,N,2016-07,0.1583,A,0,2,
OECD.SDD.STES:DSD_STES@DF_FINMARK(4.0),AUT,M,IRLT,PA,_Z,_Z,_Z,_Z,N,2016-08,0.1068,A,0,2,
OECD.SDD.STES:DSD_STES@DF_FINMARK(4.0),AUT,M,IRLT,PA,_Z,_Z,_Z,_Z,N,2016-09,0.1484,A,0,2,
OECD.SDD.STES:DSD_STES@DF_FINMARK(4.0),AUT,M,IRLT,PA,_Z,_Z,_Z,_Z,N,2016-10,0.2407,A,0,2,
OECD.SDD.STES:DSD_STES@DF_FINMARK(4.0),AUT,M,IRLT,PA,_Z,_Z,_Z,_Z,N,2016-11,0.4916,A,0,2,
OECD.SDD.STES:DSD_STES@DF_FINMARK(4.0),AUT,M,IRLT,PA,_Z,_Z,_Z,_Z,N,2016-12,0.5345,A,0,2,
OECD.SDD.STES:DSD_STES@DF_FINMARK(4.0),AUT,M,IRLT,PA,_Z,_Z,_Z,_Z,N,2017-01,0.5705,A,0,2,
OECD.SDD.STES:DSD_STES@DF_FINMARK(4.0),AUT,M,IRLT,PA,_Z,_Z,_Z,_Z,N,2017-02,0.5899,A,0,2,
OECD.SDD.STES:DSD_STES@DF_FINMARK(4.0),AUT,M,IRLT,PA,_Z,_Z,_Z,_Z,N,2017-03,0.5924,A,0,2,
OECD.SDD.STES:DSD_STES@DF_FINMARK(4.0),AUT,M,IRLT,PA,_Z,_Z,_Z,_Z,N,2017-06,0.5547,A,0,2,
OECD.SDD.STES:DSD_STES@DF_FINMARK(4.0),AUT,M,IRLT,PA,_Z,_Z,_Z,_Z,N,2017-07,0.7292,A,0,2,
OECD.SDD.STES:DSD_STES@DF_FINMARK(4.0),AUT,M,IRLT,PA,_Z,_Z,_Z,_Z,N,2017-08,0.6062,A,0,2,
OECD.SDD.STES:DSD_STES@DF_FINMARK(4.0),AUT,M,IRLT,PA,_Z,_Z,_Z,_Z,N,2017-10,0.6062,A,0,2,
OECD.SDD.STES:DSD_STES@DF_FINMARK(4.0),AUT,M,IRLT,PA,_Z,_Z,_Z,_Z,N,2017-11,0.5145,A,0,2,
OECD.SDD.STES:DSD_STES@DF_FINMARK(4.0),AUT,M,IRLT,PA,_Z,_Z,_Z,_Z,N,2017-12,0.5027,A,0,2,
OECD.SDD.STES:DSD_STES@DF_FINMARK(4.0),AUT,M,IRLT,PA,_Z,_Z,_Z,_Z,N,2018-01,0.6692,A,0,2,
OECD.SDD.STES:DSD_STES@DF_FINMARK(4.0),AUT,M,IRLT,PA,_Z,_Z,_Z,_Z,N,2018-02,0.8357,A,0,2,
OECD.SDD.STES:DSD_STES@DF_FINMARK(4.0),AUT,M,IRLT,PA,_Z,_Z,_Z,_Z,N,2018-03,0.8134,A,0,2,
OECD.SDD.STES:DSD_STES@DF_FINMARK(4.0),AUT,M,IRLT,PA,_Z,_Z,_Z,_Z,N,2018-04,0.7625,A,0,2,
OECD.SDD.STES:DSD_STES@DF_FINMARK(4.0),AUT,M,IRLT,PA,_Z,_Z,_Z,_Z,N,2018-05,0.7606,A,0,2,
OECD.SDD.STES:DSD_STES@DF_FINMARK(4.0),AUT,M,IRLT,PA,_Z,_Z,_Z,_Z,N,2018-06,0.7064,A,0,2,
OECD.SDD.STES:DSD_STES@DF_FINMARK(4.0),AUT,M,IRLT,PA,_Z,_Z,_Z,_Z,N,2018-07,0.596,A,0,2,
OECD.SDD.STES:DSD_STES@DF_FINMARK(4.0),AUT,M,IRLT,PA,_Z,_Z,_Z,_Z,N,2018-10,0.6875,A,0,2,
OECD.SDD.STES:DSD_STES@DF_FINMARK(4.0),AUT,M,IRLT,PA,_Z,_Z,_Z,_Z,N,2018-11,0.6201,A,0,2,
OECD.SDD.STES:DSD_STES@DF_FINMARK(4.0),AUT,M,IRLT,PA,_Z,_Z,_Z,_Z,N,2018-12,0.5198,A,0,2,
OECD.SDD.STES:DSD_STES@DF_FINMARK(4.0),AUT,M,IRLT,PA,_Z,_Z,_Z,_Z,N,2019-01,0.452,A,0,2,
OECD.SDD.STES:DSD_STES@DF_FINMARK(4.0),AUT,M,IRLT,PA,_Z,_Z,_Z,_Z,N,2019-02,0.4513,A,0,2,
OECD.SDD.STES:DSD_STES@DF_FINMARK(4.0),AUT,M,IRLT,PA,_Z,_Z,_Z,_Z,N,2019-03,0.3766,A,0,2,
OECD.SDD.STES:DSD_STES@DF_FINMARK(4.0),AUT,M,IRLT,PA,_Z,_Z,_Z,_Z,N,2019-04,0.3143,A,0,2,
OECD.SDD.STES:DSD_STES@DF_FINMARK(4.0),AUT,M,IRLT,PA,_Z,_Z,_Z,_Z,N,2019-05,0.2381,A,0,2,
OECD.SDD.STES:DSD_STES@DF_FINMARK(4.0),AUT,M,IRLT,PA,_Z,_Z,_Z,_Z,N,2019-06,0.0301,A,0,2,
OECD.SDD.STES:DSD_STES@DF_FINMARK(4.0),AUT,M,IRLT,PA,_Z,_Z,_Z,_Z,N,2019-07,-0.1037,A,0,2,
OECD.SDD.STES:DSD_STES@DF_FINMARK(4.0),AUT,M,IRLT,PA,_Z,_Z,_Z,_Z,N,2019-08,-0.3737,A,0,2,
OECD.SDD.STES:DSD_STES@DF_FINMARK(4.0),AUT,M,IRLT,PA,_Z,_Z,_Z,_Z,N,2019-09,-0.3024,A,0,2,
OECD.SDD.STES:DSD_STES@DF_FINMARK(4.0),AUT,M,IRLT,PA,_Z,_Z,_Z,_Z,N,2019-10,-0.1974,A,0,2,
OECD.SDD.STES:DSD_STES@DF_FINMARK(4.0),AUT,M,IRLT,PA,_Z,_Z,_Z,_Z,N,2019-12,-0.0439,A,0,2,
OECD.SDD.STES:DSD_STES@DF_FINMARK(4.0),AUT,M,IRLT,PA,_Z,_Z,_Z,_Z,N,2020-01,-0.0868,A,0,2,
OECD.SDD.STES:DSD_STES@DF_FINMARK(4.0),AUT,M,IRLT,PA,_Z,_Z,_Z,_Z,N,2020-03,-0.0938,A,0,2,
OECD.SDD.STES:DSD_STES@DF_FINMARK(4.0),AUT,M,IRLT,PA,_Z,_Z,_Z,_Z,N,2020-04,0.0458,A,0,2,
OECD.SDD.STES:DSD_STES@DF_FINMARK(4.0),AUT,M,IRLT,PA,_Z,_Z,_Z,_Z,N,2020-05,-0.0974,A,0,2,
OECD.SDD.STES:DSD_STES@DF_FINMARK(4.0),AUT,M,IRLT,PA,_Z,_Z,_Z,_Z,N,2020-06,-0.1309,A,0,2,
OECD.SDD.STES:DSD_STES@DF_FINMARK(4.0),AUT,M,IRLT,PA,_Z,_Z,_Z,_Z,N,2020-07,-0.2485,A,0,2,
OECD.SDD.STES:DSD_STES@DF_FINMARK(4.0),AUT,M,IRLT,PA,_Z,_Z,_Z,_Z,N,2020-08,-0.28,A,0,2,
OECD.SDD.STES:DSD_STES@DF_FINMARK(4.0),AUT,M,IRLT,PA,_Z,_Z,_Z,_Z,N,2020-09,-0.3174,A,0,2,
OECD.SDD.STES:DSD_STES@DF_FINMARK(4.0),AUT,M,IRLT,PA,_Z,_Z,_Z,_Z,N,2020-11,-0.4114,A,0,2,
OECD.SDD.STES:DSD_STES@DF_FINMARK(4.0),AUT,M,IRLT,PA,_Z,_Z,_Z,_Z,N,2020-12,-0.4224,A,0,2,
OECD.SDD.STES:DSD_STES@DF_FINMARK(4.0),AUT,M,IRLT,PA,_Z,_Z,_Z,_Z,N,2021-01,-0.3995,A,0,2,
OECD.SDD.STES:DSD_STES@DF_FINMARK(4.0),AUT,M,IRLT,PA,_Z,_Z,_Z,_Z,N,2021-02,-0.1969,A,0,2,
OECD.SDD.STES:DSD_STES@DF_FINMARK(4.0),AUT,M,IRLT,PA,_Z,_Z,_Z,_Z,N,2021-04,-0.0409,A,0,2,
OECD.SDD.STES:DSD_STES@DF_FINMARK(4.0),AUT,M,IRLT,PA,_Z,_Z,_Z,_Z,N,2021-05,0.0803,A,0,2,
OECD.SDD.STES:DSD_STES@DF_FINMARK(4.0),AUT,M,IRLT,PA,_Z,_Z,_Z,_Z,N,2021-06,0.0229,A,0,2,
OECD.SDD.STES:DSD_STES@DF_FINMARK(4.0),AUT,M,IRLT,PA,_Z,_Z,_Z,_Z,N,2021-07,-0.1302,A,0,2,
OECD.SDD.STES:DSD_STES@DF_FINMARK(4.0),AUT,M,IRLT,PA,_Z,_Z,_Z,_Z,N,2021-08,-0.225,A,0,2,
OECD.SDD.STES:DSD_STES@DF_FINMARK(4.0),AUT,M,IRLT,PA,_Z,_Z,_Z,_Z,N,2021-09,-0.076,A,0,2,
OECD.SDD.STES:DSD_STES@DF_FINMARK(4.0),AUT,M,IRLT,PA,_Z,_Z,_Z,_Z,N,2021-10,0.0837,A,0,2,
OECD.SDD.STES:DSD_STES@DF_FINMARK(4.0),AUT,M,IRLT,PA,_Z,_Z,_Z,_Z,N,2021-11,-0.0088,A,0,2,
OECD.SDD.STES:DSD_STES@DF_FINMARK(4.0),AUT,M,IRLT,PA,_Z,_Z,_Z,_Z,N,2021-12,-0.0455,A,0,2,
OECD.SDD.STES:DSD_STES@DF_FINMARK(4.0),AUT,M,IRLT,PA,_Z,_Z,_Z,_Z,N,2022-01,0.1813,A,0,2,
OECD.SDD.STES:DSD_STES@DF_FINMARK(4.0),AUT,M,IRLT,PA,_Z,_Z,_Z,_Z,N,2022-04,1.2857,A,0,2,
OECD.SDD.STES:DSD_STES@DF_FINMARK(4.0),AUT,M,IRLT,PA,_Z,_Z,_Z,_Z,N,2022-05,1.5363,A,0,2,
OECD.SDD.STES:DSD_STES@DF_FINMARK(4.0),AUT,M,IRLT,PA,_Z,_Z,_Z,_Z,N,2022-06,2.0707,A,0,2,
OECD.SDD.STES:DSD_STES@DF_FINMARK(4.0),AUT,M,IRLT,PA,_Z,_Z,_Z,_Z,N,2022-07,1.7014,A,0,2,
OECD.SDD.STES:DSD_STES@DF_FINMARK(4.0),AUT,M,IRLT,PA,_Z,_Z,_Z,_Z,N,2022-08,1.6802,A,0,2,
OECD.SDD.STES:DSD_STES@DF_FINMARK(4.0),AUT,M,IRLT,PA,_Z,_Z,_Z,_Z,N,2022-09,2.4592,A,0,2,
OECD.SDD.STES:DSD_STES@DF_FINMARK(4.0),AUT,M,IRLT,PA,_Z,_Z,_Z,_Z,N,2022-11,2.7031,A,0,2,
OECD.SDD.STES:DSD_STES@DF_FINMARK(4.0),AUT,M,IRLT,PA,_Z,_Z,_Z,_Z,N,2023-01,2.8076,A,0,2,
OECD.SDD.STES:DSD_STES@DF_FINMARK(4.0),AUT,M,IRLT,PA,_Z,_Z,_Z,_Z,N,2023-02,3.0437,A,0,2,
OECD.SDD.STES:DSD_STES@DF_FINMARK(4.0),AUT,M,IRLT,PA,_Z,_Z,_Z,_Z,N,2023-05,3.0317,A,0,2,
OECD.SDD.STES:DSD_STES@DF_FINMARK(4.0),AUT,M,IRLT,PA,_Z,_Z,_Z,_Z,N,2023-06,3.0451,A,0,2,
OECD.SDD.STES:DSD_STES@DF_FINMARK(4.0),AUT,M,IRLT,PA,_Z,_Z,_Z,_Z,N,2023-07,3.1249,A,0,2,
OECD.SDD.STES:DSD_STES@DF_FINMARK(4.0),AUT,M,IRLT,PA,_Z,_Z,_Z,_Z,N,2023-08,3.1801,A,0,2,
OECD.SDD.STES:DSD_STES@DF_FINMARK(4.0),AUT,M,IRLT,PA,_Z,_Z,_Z,_Z,N,2023-09,3.2942,A,0,2,
OECD.SDD.STES:DSD_STES@DF_FINMARK(4.0),AUT,M,IRLT,PA,_Z,_Z,_Z,_Z,N,2023-10,3.4856,A,0,2,
OECD.SDD.STES:DSD_STES@DF_FINMARK(4.0),AUT,M,IRLT,PA,_Z,_Z,_Z,_Z,N,2023-11,3.2107,A,0,2,
OECD.SDD.STES:DSD_STES@DF_FINMARK(4.0),AUT,M,IRLT,PA,_Z,_Z,_Z,_Z,N,2023-12,2.6803,A,0,2,
OECD.SDD.STES:DSD_STES@DF_FINMARK(4.0),CAN,M,IRLT,PA,_Z,_Z,_Z,_Z,N,2026-08,3.675,A,0,2,
OECD.SDD.STES:DSD_STES@DF_FINMARK(4.0),DEU,M,IRLT,PA,_Z,_Z,_Z,_Z,N,2016-02,0.1728571,A,0,2,
OECD.SDD.STES:DSD_STES@DF_FINMARK(4.0),POL,M,IRLT,PA,_Z,_Z,_Z,_Z,N,2026-07,5.5,A,0,2,
OECD.SDD.STES:DSD_STES@DF_FINMARK(4.0),PRT,M,IRLT,PA,_Z,_Z,_Z,_Z,N,2026-07,3.44,A,0,2,
OECD.SDD.STES:DSD_STES@DF_FINMARK(4.0),CHE,M,IRLT,PA,_Z,_Z,_Z,_Z,N,2026-07,0.48,A,0,2,
OECD.SDD.STES:DSD_STES@DF_FINMARK(4.0),CHE,M,IRLT,PA,_Z,_Z,_Z,_Z,N,2026-08,0.47,A,0,2,
OECD.SDD.STES:DSD_STES@DF_FINMARK(4.0),GBR,M,IRLT,PA,_Z,_Z,_Z,_Z,N,2026-08,4.9886,A,0,2,
OECD.SDD.STES:DSD_STES@DF_FINMARK(4.0),USA,M,IRLT,PA,_Z,_Z,_Z,_Z,N,2026-08,4.68,A,0,2,
OECD.SDD.STES:DSD_STES@DF_FINMARK(4.0),ZAF,M,IRLT,PA,_Z,_Z,_Z,_Z,N,2026-06,8.702857,A,0,2,
OECD.SDD.STES:DSD_STES@DF_FINMARK(4.0),ZAF,M,IRLT,PA,_Z,_Z,_Z,_Z,N,2026-07,8.715218,A,0,2,
OECD.SDD.STES:DSD_STES@DF_FINMARK(4.0),ZAF,M,IRLT,PA,_Z,_Z,_Z,_Z,N,2026-08,8.75,A,0,2,
OECD.SDD.STES:DSD_STES@DF_FINMARK(4.0),CZE,M,IRLT,PA,_Z,_Z,_Z,_Z,N,2015-01,0.3498786,A,0,2,
OECD.SDD.STES:DSD_STES@DF_FINMARK(4.0),CZE,M,IRLT,PA,_Z,_Z,_Z,_Z,N,2015-02,0.3964171,A,0,2,
OECD.SDD.STES:DSD_STES@DF_FINMARK(4.0),CZE,M,IRLT,PA,_Z,_Z,_Z,_Z,N,2015-03,0.3496436,A,0,2,
OECD.SDD.STES:DSD_STES@DF_FINMARK(4.0),CZE,M,IRLT,PA,_Z,_Z,_Z,_Z,N,2015-04,0.2586504,A,0,2,
OECD.SDD.STES:DSD_STES@DF_FINMARK(4.0),CZE,M,IRLT,PA,_Z,_Z,_Z,_Z,N,2015-05,0.6007493,A,0,2,
OECD.SDD.STES:DSD_STES@DF_FINMARK(4.0),CZE,M,IRLT,PA,_Z,_Z,_Z,_Z,N,2015-06,1.010455,A,0,2,
OECD.SDD.STES:DSD_STES@DF_FINMARK(4.0),CZE,M,IRLT,PA,_Z,_Z,_Z,_Z,N,2015-07,0.9670292,A,0,2,
OECD.SDD.STES:DSD_STES@DF_FINMARK(4.0),CZE,M,IRLT,PA,_Z,_Z,_Z,_Z,N,2015-08,0.7384262,A,0,2,
OECD.SDD.STES:DSD_STES@DF_FINMARK(4.0),CZE,M,IRLT,PA,_Z,_Z,_Z,_Z,N,2015-09,0.6772015,A,0,2,
OECD.SDD.STES:DSD_STES@DF_FINMARK(4.0),CZE,M,IRLT,PA,_Z,_Z,_Z,_Z,N,2015-10,0.5603263,A,0,2,
OECD.SDD.STES:DSD_STES@DF_FINMARK(4.0),CZE,M,IRLT,PA,_Z,_Z,_Z,_Z,N,2015-11,0.4864019,A,0,2,
OECD.SDD.STES:DSD_STES@DF_FINMARK(4.0),CZE,M,IRLT,PA,_Z,_Z,_Z,_Z,N,2015-12,0.4921933,A,0,2,
OECD.SDD.STES:DSD_STES@DF_FINMARK(4.0),CZE,M,IRLT,PA,_Z,_Z,_Z,_Z,N,2016-01,0.615828,A,0,2,
OECD.SDD.STES:DSD_STES@DF_FINMARK(4.0),CZE,M,IRLT,PA,_Z,_Z,_Z,_Z,N,2016-02,0.4608184,A,0,2,
OECD.SDD.STES:DSD_STES@DF_FINMARK(4.0),CZE,M,IRLT,PA,_Z,_Z,_Z,_Z,N,2016-03,0.3544809,A,0,2,
OECD.SDD.STES:DSD_STES@DF_FINMARK(4.0),CZE,M,IRLT,PA,_Z,_Z,_Z,_Z,N,2016-04,0.4263132,A,0,2,
OECD.SDD.STES:DSD_STES@DF_FINMARK(4.0),CZE,M,IRLT,PA,_Z,_Z,_Z,_Z,N,2016-05,0.4627861,A,0,2,
OECD.SDD.STES:DSD_STES@DF_FINMARK(4.0),CZE,M,IRLT,PA,_Z,_Z,_Z,_Z,N,2016-06,0.4544689,A,0,2,
OECD.SDD.STES:DSD_STES@DF_FINMARK(4.0),CZE,M,IRLT,PA,_Z,_Z,_Z,_Z,N,2016-07,0.3653224,A,0,2,
OECD.SDD.STES:DSD_STES@DF_FINMARK(4.0),CZE,M,IRLT,PA,_Z,_Z,_Z,_Z,N,2016-08,0.2873357,A,0,2,
OECD.SDD.STES:DSD_STES@DF_FINMARK(4.0),CZE,M,IRLT,PA,_Z,_Z,_Z,_Z,N,2016-09,0.2524278,A,0,2,
OECD.SDD.STES:DSD_STES@DF_FINMARK(4.0),CZE,M,IRLT,PA,_Z,_Z,_Z,_Z,N,2016-10,0.3712291,A,0,2,
OECD.SDD.STES:DSD_STES@DF_FINMARK(4.0),CZE,M,IRLT,PA,_Z,_Z,_Z,_Z,N,2016-11,0.5486182,A,0,2,
OECD.SDD.STES:DSD_STES@DF_FINMARK(4.0),CZE,M,IRLT,PA,_Z,_Z,_Z,_Z,N,2016-12,0.5256737,A,0,2,
OECD.SDD.STES:DSD_STES@DF_FINMARK(4.0),CZE,M,IRLT,PA,_Z,_Z,_Z,_Z,N,2017-01,0.4666545,A,0,2,
OECD.SDD.STES:DSD_STES@DF_FINMARK(4.0),CZE,M,IRLT,PA,_Z,_Z,_Z,_Z,N,2017-02,0.6258325,A,0,2,
OECD.SDD.STES:DSD_STES@DF_FINMARK(4.0),CZE,M,IRLT,PA,_Z,_Z,_Z,_Z,N,2017-03,0.8706678,A,0,2,
OECD.SDD.STES:DSD_STES@DF_FINMARK(4.0),CZE,M,IRLT,PA,_Z,_Z,_Z,_Z,N,2017-04,0.9564806,A,0,2,
OECD.SDD.STES:DSD_STES@DF_FINMARK(4.0),CZE,M,IRLT,PA,_Z,_Z,_Z,_Z,N,2017-05,0.7441011,A,0,2,
OECD.SDD.STES:DSD_STES@DF_FINMARK(4.0),CZE,M,IRLT,PA,_Z,_Z,_Z,_Z,N,2017-06,0.7652509,A,0,2,
OECD.SDD.STES:DSD_STES@DF_FINMARK(4.0),CZE,M,IRLT,PA,_Z,_Z,_Z,_Z,N,2017-07,0.8996436,A,0,2,
OECD.SDD.STES:DSD_STES@DF_FINMARK(4.0),CZE,M,IRLT,PA,_Z,_Z,_Z,_Z,N,2017-08,0.8343719,A,0,2,
OECD.SDD.STES:DSD_STES@DF_FINMARK(4.0),CZE,M,IRLT,PA,_Z,_Z,_Z,_Z,N,2017-09,0.9710901,A,0,2,
OECD.SDD.STES:DSD_STES@DF_FINMARK(4.0),CZE,M,IRLT,PA,_Z,_Z,_Z,_Z,N,2017-10,1.445483,A,0,2,
OECD.SDD.STES:DSD_STES@DF_FINMARK(4.0),CZE,M,IRLT,PA,_Z,_Z,_Z,_Z,N,2017-11,1.681283,A,0,2,
OECD.SDD.STES:DSD_STES@DF_FINMARK(4.0),CZE,M,IRLT,PA,_Z,_Z,_Z,_Z,N,2017-12,1.503491,A,0,2,
OECD.SDD.STES:DSD_STES@DF_FINMARK(4.0),CZE,M,IRLT,PA,_Z,_Z,_Z,_Z,N,2018-01,1.765921,A,0,2,
OECD.SDD.STES:DSD_STES@DF_FINMARK(4.0),CZE,M,IRLT,PA,_Z,_Z,_Z,_Z,N,2018-02,1.818103,A,0,2,
OECD.SDD.STES:DSD_STES@DF_FINMARK(4.0),CZE,M,IRLT,PA,_Z,_Z,_Z,_Z,N,2018-03,1.814329,A,0,2,
OECD.SDD.STES:DSD_STES@DF_FINMARK(4.0),CZE,M,IRLT,PA,_Z,_Z,_Z,_Z,N,2018-04,1.73706,A,0,2,
OECD.SDD.STES:DSD_STES@DF_FINMARK(4.0),CZE,M,IRLT,PA,_Z,_Z,_Z,_Z,N,2018-05,1.885983,A,0,2,
OECD.SDD.STES:DSD_STES@DF_FINMARK(4.0),CZE,M,IRLT,PA,_Z,_Z,_Z,_Z,N,2018-06,2.135574,A,0,2,
OECD.SDD.STES:DSD_STES@DF_FINMARK(4.0),CZE,M,IRLT,PA,_Z,_Z,_Z,_Z,N,2018-07,2.112395,A,0,2,
OECD.SDD.STES:DSD_STES@DF_FINMARK(4.0),CZE,M,IRLT,PA,_Z,_Z,_Z,_Z,N,2018-08,2.13901,A,0,2,
OECD.SDD.STES:DSD_STES@DF_FINMARK(4.0),CZE,M,IRLT,PA,_Z,_Z,_Z,_Z,N,2018-09,2.1377,A,0,2,
OECD.SDD.STES:DSD_STES@DF_FINMARK(4.0),CZE,M,IRLT,PA,_Z,_Z,_Z,_Z,N,2018-10,2.140287,A,0,2,
OECD.SDD.STES:DSD_STES@DF_FINMARK(4.0),CZE,M,IRLT,PA,_Z,_Z,_Z,_Z,N,2018-11,2.073988,A,0,2,
OECD.SDD.STES:DSD_STES@DF_FINMARK(4.0),CZE,M,IRLT,PA,_Z,_Z,_Z,_Z,N,2018-12,2.01313,A,0,2,
OECD.SDD.STES:DSD_STES@DF_FINMARK(4.0),CZE,M,IRLT,PA,_Z,_Z,_Z,_Z,N,2019-01,1.852509,A,0,2,
OECD.SDD.STES:DSD_STES@DF_FINMARK(4.0),CZE,M,IRLT,PA,_Z,_Z,_Z,_Z,N,2019-02,1.75837,A,0,2,
OECD.SDD.STES:DSD_STES@DF_FINMARK(4.0),CZE,M,IRLT,PA,_Z,_Z,_Z,_Z,N,2019-03,1.816106,A,0,2,
OECD.SDD.STES:DSD_STES@DF_FINMARK(4.0),CZE,M,IRLT,PA,_Z,_Z,_Z,_Z,N,2019-04,1.822538,A,0,2,
OECD.SDD.STES:DSD_STES@DF_FINMARK(4.0),CZE,M,IRLT,PA,_Z,_Z,_Z,_Z,N,2019-05,1.85513,A,0,2,
OECD.SDD.STES:DSD_STES@DF_FINMARK(4.0),CZE,M,IRLT,PA,_Z,_Z,_Z,_Z,N,2019-06,1.58196,A,0,2,
OECD.SDD.STES:DSD_STES@DF_FINMARK(4.0),CZE,M,IRLT,PA,_Z,_Z,_Z,_Z,N,2019-07,1.362683,A,0,2,
OECD.SDD.STES:DSD_STES@DF_FINMARK(4.0),CZE,M,IRLT,PA,_Z,_Z,_Z,_Z,N,2019-08,0.9856101,A,0,2,
OECD.SDD.STES:DSD_STES@DF_FINMARK(4.0),CZE,M,IRLT,PA,_Z,_Z,_Z,_Z,N,2019-09,1.24211,A,0,2,
OECD.SDD.STES:DSD_STES@DF_FINMARK(4.0),CZE,M,IRLT,PA,_Z,_Z,_Z,_Z,N,2019-10,1.319786,A,0,2,
OECD.SDD.STES:DSD_STES@DF_FINMARK(4.0),CZE,M,IRLT,PA,_Z,_Z,_Z,_Z,N,2019-11,1.467442,A,0,2,
OECD.SDD.STES:DSD_STES@DF_FINMARK(4.0),CZE,M,IRLT,PA,_Z,_Z,_Z,_Z,N,2019-12,1.513149,A,0,2,
OECD.SDD.STES:DSD_STES@DF_FINMARK(4.0),CZE,M,IRLT,PA,_Z,_Z,_Z,_Z,N,2020-01,1.617677,A,0,2,
OECD.SDD.STES:DSD_STES@DF_FINMARK(4.0),CZE,M,IRLT,PA,_Z,_Z,_Z,_Z,N,2020-02,1.469511,A,0,2,
OECD.SDD.STES:DSD_STES@DF_FINMARK(4.0),CZE,M,IRLT,PA,_Z,_Z,_Z,_Z,N,2020-03,1.284567,A,0,2,
OECD.SDD.STES:DSD_STES@DF_FINMARK(4.0),CZE,M,IRLT,PA,_Z,_Z,_Z,_Z,N,2020-04,1.278025,A,0,2,
OECD.SDD.STES:DSD_STES@DF_FINMARK(4.0),CZE,M,IRLT,PA,_Z,_Z,_Z,_Z,N,2020-05,0.9209441,A,0,2,
OECD.SDD.STES:DSD_STES@DF_FINMARK(4.0),CZE,M,IRLT,PA,_Z,_Z,_Z,_Z,N,2020-06,0.8649006,A,0,2,
OECD.SDD.STES:DSD_STES@DF_FINMARK(4.0),CZE,M,IRLT,PA,_Z,_Z,_Z,_Z,N,2020-07,0.8557808,A,0,2,
OECD.SDD.STES:DSD_STES@DF_FINMARK(4.0),CZE,M,IRLT,PA,_Z,_Z,_Z,_Z,N,2020-08,0.9497052,A,0,2,
OECD.SDD.STES:DSD_STES@DF_FINMARK(4.0),CZE,M,IRLT,PA,_Z,_Z,_Z,_Z,N,2020-09,0.9811859,A,0,2,
OECD.SDD.STES:DSD_STES@DF_FINMARK(4.0),CZE,M,IRLT,PA,_Z,_Z,_Z,_Z,N,2020-10,0.9447613,A,0,2,
OECD.SDD.STES:DSD_STES@DF_FINMARK(4.0),CZE,M,IRLT,PA,_Z,_Z,_Z,_Z,N,2020-11,1.120618,A,0,2,
OECD.SDD.STES:DSD_STES@DF_FINMARK(4.0),CZE,M,IRLT,PA,_Z,_Z,_Z,_Z,N,2020-12,1.257756,A,0,2,
OECD.SDD.STES:DSD_STES@DF_FINMARK(4.0),CZE,M,IRLT,PA,_Z,_Z,_Z,_Z,N,2021-01,1.279438,A,0,2,
OECD.SDD.STES:DSD_STES@DF_FINMARK(4.0),CZE,M,IRLT,PA,_Z,_Z,_Z,_Z,N,2021-02,1.493525,A,0,2,
OECD.SDD.STES:DSD_STES@DF_FINMARK(4.0),CZE,M,IRLT,PA,_Z,_Z,_Z,_Z,N,2021-03,1.869649,A,0,2,
OECD.SDD.STES:DSD_STES@DF_FINMARK(4.0),CZE,M,IRLT,PA,_Z,_Z,_Z,_Z,N,2021-04,1.860484,A,0,2,
OECD.SDD.STES:DSD_STES@DF_FINMARK(4.0),CZE,M,IRLT,PA,_Z,_Z,_Z,_Z,N,2021-05,1.741595,A,0,2,
OECD.SDD.STES:DSD_STES@DF_FINMARK(4.0),CZE,M,IRLT,PA,_Z,_Z,_Z,_Z,N,2021-06,1.67253,A,0,2,
OECD.SDD.STES:DSD_STES@DF_FINMARK(4.0),CZE,M,IRLT,PA,_Z,_Z,_Z,_Z,N,2021-07,1.71799,A,0,2,
OECD.SDD.STES:DSD_STES@DF_FINMARK(4.0),CZE,M,IRLT,PA,_Z,_Z,_Z,_Z,N,2021-08,1.737786,A,0,2,
OECD.SDD.STES:DSD_STES@DF_FINMARK(4.0),CZE,M,IRLT,PA,_Z,_Z,_Z,_Z,N,2021-09,1.896517,A,0,2,
OECD.SDD.STES:DSD_STES@DF_FINMARK(4.0),CZE,M,IRLT,PA,_Z,_Z,_Z,_Z,N,2021-10,2.336489,A,0,2,
OECD.SDD.STES:DSD_STES@DF_FINMARK(4.0),CZE,M,IRLT,PA,_Z,_Z,_Z,_Z,N,2021-11,2.618003,A,0,2,
OECD.SDD.STES:DSD_STES@DF_FINMARK(4.0),CZE,M,IRLT,PA,_Z,_Z,_Z,_Z,N,2021-12,2.617614,A,0,2,
OECD.SDD.STES:DSD_STES@DF_FINMARK(4.0),CZE,M,IRLT,PA,_Z,_Z,_Z,_Z,N,2022-01,3.124186,A,0,2,
OECD.SDD.STES:DSD_STES@DF_FINMARK(4.0),CZE,M,IRLT,PA,_Z,_Z,_Z,_Z,N,2022-02,3.0312,A,0,2,
OECD.SDD.STES:DSD_STES@DF_FINMARK(4.0),CZE,M,IRLT,PA,_Z,_Z,_Z,_Z,N,2022-03,3.527308,A,0,2,
OECD.SDD.STES:DSD_STES@DF_FINMARK(4.0),CZE,M,IRLT,PA,_Z,_Z,_Z,_Z,N,2022-04,4.013027,A,0,2,
OECD.SDD.STES:DSD_STES@DF_FINMARK(4.0),CZE,M,IRLT,PA,_Z,_Z,_Z,_Z,N,2022-05,4.613011,A,0,2,
OECD.SDD.STES:DSD_STES@DF_FINMARK(4.0),CZE,M,IRLT,PA,_Z,_Z,_Z,_Z,N,2022-06,5.122339,A,0,2,
OECD.SDD.STES:DSD_STES@DF_FINMARK(4.0),CZE,M,IRLT,PA,_Z,_Z,_Z,_Z,N,2022-07,4.402222,A,0,2,
OECD.SDD.STES:DSD_STES@DF_FINMARK(4.0),CZE,M,IRLT,PA,_Z,_Z,_Z,_Z,N,2022-08,4.107017,A,0,2,
OECD.SDD.STES:DSD_STES@DF_FINMARK(4.0),CZE,M,IRLT,PA,_Z,_Z,_Z,_Z,N,2022-09,4.72132,A,0,2,
OECD.SDD.STES:DSD_STES@DF_FINMARK(4.0),CZE,M,IRLT,PA,_Z,_Z,_Z,_Z,N,2022-10,5.517629,A,0,2,
OECD.SDD.STES:DSD_STES@DF_FINMARK(4.0),CZE,M,IRLT,PA,_Z,_Z,_Z,_Z,N,2022-11,5.112413,A,0,2,
OECD.SDD.STES:DSD_STES@DF_FINMARK(4.0),CZE,M,IRLT,PA,_Z,_Z,_Z,_Z,N,2022-12,4.710732,A,0,2,
OECD.SDD.STES:DSD_STES@DF_FINMARK(4.0),CZE,M,IRLT,PA,_Z,_Z,_Z,_Z,N,2023-01,4.468307,A,0,2,
OECD.SDD.STES:DSD_STES@DF_FINMARK(4.0),CZE,M,IRLT,PA,_Z,_Z,_Z,_Z,N,2023-02,4.612446,A,0,2,
OECD.SDD.STES:DSD_STES@DF_FINMARK(4.0),CZE,M,IRLT,PA,_Z,_Z,_Z,_Z,N,2023-03,4.666431,A,0,2,
OECD.SDD.STES:DSD_STES@DF_FINMARK(4.0),CZE,M,IRLT,PA,_Z,_Z,_Z,_Z,N,2023-04,4.646403,A,0,2,
OECD.SDD.STES:DSD_STES@DF_FINMARK(4.0),CZE,M,IRLT,PA,_Z,_Z,_Z,_Z,N,2023-05,4.499982,A,0,2,
OECD.SDD.STES:DSD_STES@DF_FINMARK(4.0),CZE,M,IRLT,PA,_Z,_Z,_Z,_Z,N,2023-06,4.347582,A,0,2,
OECD.SDD.STES:DSD_STES@DF_FINMARK(4.0),CZE,M,IRLT,PA,_Z,_Z,_Z,_Z,N,2026-06,4.700512,A,0,2,
